blurry_image,sharp_jawline,smiling,bald,receeding_hairline,long_hair,curly_hair,grey_hair,black_hair,has_beard,has_mustache,well_groomed,has_makeup,clear_skin,thick_eyebrow,big_eyes,sharp_nose,old,male,double_chin,wrinkle,chubby,score_hair_features,score_skin,score_aging,score_feminine
0,0,1,0,0,0,0,0,1,0,0,0,0,1,0,0,0,0,0,0,0,1,1,1,0,0
0,0,1,0,0,0,0,0,1,0,0,0,0,0,0,0,0,0,1,0,0,0,1,0,0,0
0,0,1,0,0,0,0,0,1,1,1,1,0,0,0,0,0,0,1,0,0,1,1,-2,0,0
0,0,0,0,0,0,0,0,1,0,0,1,0,0,0,0,0,0,1,0,1,0,1,0,1,0
0,0,0,0,0,1,0,0,1,0,0,1,1,1,1,1,1,0,0,0,0,0,2,0,0,2
0,0,0,0,1,0,0,0,1,1,1,0,0,1,0,0,0,0,1,0,1,1,1,1,2,0
0,0,1,1,0,0,0,1,0,0,0,1,0,1,0,0,0,1,0,0,1,1,1,1,2,1
0,0,0,0,0,0,0,1,0,1,1,1,0,1,0,1,0,1,1,0,0,1,1,1,1,0
0,0,0,0,0,0,0,0,1,0,0,0,0,0,0,0,0,1,0,1,1,1,1,-1,3,0
0,1,0,0,0,1,0,0,1,0,0,1,0,1,0,0,0,0,0,0,0,0,2,1,0,1
0,1,0,0,0,0,0,0,1,1,1,0,0,1,1,0,0,0,1,0,0,0,1,0,0,0
0,1,0,0,0,0,0,0,1,0,1,1,1,1,0,1,0,0,1,0,0,0,1,-1,0,1
0,0,0,0,0,0,0,0,1,0,0,0,0,1,1,0,0,0,1,0,0,0,1,0,0,0
1,1,0,0,0,1,0,0,1,0,0,0,0,0,0,0,0,0,0,0,1,0,2,0,1,1
0,0,1,0,0,0,0,0,1,0,1,1,0,1,0,1,0,0,1,0,0,1,1,0,0,0
0,0,1,0,0,0,0,0,0,1,1,0,0,1,1,0,0,0,1,0,0,1,0,0,0,0
0,0,0,0,0,0,0,0,1,0,0,0,0,0,0,0,0,0,1,0,1,1,1,-1,1,0
0,0,1,0,0,0,0,0,1,1,1,0,0,1,0,0,0,0,1,0,0,1,1,0,0,0
0,0,1,1,0,0,0,1,0,0,0,0,0,1,0,0,0,0,1,0,0,1,1,-1,0,0
0,1,1,0,0,0,0,0,1,0,0,1,0,0,1,0,0,0,1,0,0,1,1,-2,0,0
1,0,1,0,0,1,0,0,1,0,0,1,1,0,0,0,0,0,0,0,0,0,2,-1,0,2
0,0,1,0,0,0,0,0,1,1,0,1,0,1,1,0,0,0,1,0,0,0,1,0,0,0
0,0,1,0,1,0,0,0,1,0,0,0,0,0,1,0,0,0,1,0,1,1,1,0,2,0
0,1,1,0,0,0,0,0,1,0,0,1,0,1,1,0,0,0,1,0,0,0,1,0,0,0
0,0,1,0,0,1,0,0,1,0,0,1,1,1,0,0,0,0,0,0,0,0,2,0,0,3
0,1,1,0,0,1,0,0,1,0,0,1,1,1,0,1,0,0,0,0,0,0,2,-1,0,2
0,0,1,0,0,0,0,0,1,0,0,0,0,0,1,0,0,0,0,0,0,1,1,-1,0,0
0,1,0,0,0,0,0,0,1,1,1,1,0,1,1,0,1,0,1,0,0,0,1,-1,0,0
0,0,0,0,0,0,0,0,1,1,1,0,0,1,0,1,0,0,1,0,0,0,1,0,0,0
0,0,0,0,0,0,0,0,1,1,1,1,0,0,0,0,0,0,1,0,1,1,1,-1,1,0
0,0,1,0,0,1,0,0,1,1,1,0,0,0,1,0,0,0,1,0,0,1,2,-2,0,2
0,0,1,0,0,0,0,0,1,1,1,1,0,1,0,0,0,0,1,0,0,0,1,-1,0,0
0,1,0,0,0,0,0,0,1,1,1,1,0,1,1,0,0,0,1,0,0,1,1,0,0,0
0,0,1,0,0,0,0,0,1,1,1,0,0,1,0,0,0,0,1,0,1,1,1,0,1,0
0,0,1,0,0,1,0,0,1,0,0,1,0,1,0,0,0,0,0,0,0,0,2,0,0,2
0,0,1,0,0,0,0,0,1,0,0,1,0,1,1,0,0,0,1,0,0,0,1,0,0,0
0,0,0,0,0,0,0,0,0,0,0,1,0,1,0,0,0,0,1,0,0,1,0,0,0,0
0,0,0,0,0,0,0,0,0,0,0,0,1,1,0,0,0,0,1,0,0,0,0,1,0,1
0,0,1,0,0,1,0,0,1,0,0,1,1,1,1,0,0,0,0,0,0,0,2,1,0,3
0,0,0,0,0,0,0,0,1,0,0,1,0,1,1,1,0,0,1,1,0,1,1,1,1,0
0,0,1,0,0,0,0,0,1,0,0,0,1,1,1,0,0,0,0,0,0,0,1,0,0,1
0,0,1,0,0,1,0,0,1,0,0,0,1,1,0,0,0,0,0,0,0,0,2,1,0,2
0,0,0,0,0,0,0,0,1,1,1,0,0,1,1,0,0,0,1,0,0,1,1,1,0,0
1,1,0,0,0,0,0,0,1,0,0,1,0,1,1,0,0,0,1,0,1,0,1,1,1,0
0,0,1,0,0,0,0,0,1,0,0,1,0,1,1,0,0,0,0,0,0,1,1,1,0,0
0,0,0,0,0,0,0,0,1,0,0,0,0,0,0,0,0,0,0,0,1,0,1,-1,1,0
0,1,1,0,0,1,0,0,1,0,0,1,1,1,1,0,1,0,0,0,0,0,2,0,0,3
0,1,0,0,0,0,0,0,1,0,0,1,0,1,0,0,0,0,1,0,0,1,1,0,0,0
0,0,0,0,0,1,0,0,1,0,0,1,0,1,1,0,0,0,0,0,0,1,2,0,0,1
0,0,0,0,0,0,0,0,1,1,1,1,0,1,0,0,0,0,1,0,0,1,1,0,0,0
0,1,0,0,0,1,0,0,1,1,1,1,0,0,1,0,0,0,1,0,1,1,2,0,1,1
0,0,0,1,1,0,0,0,1,0,0,0,0,0,1,0,0,0,1,0,0,1,1,-1,1,0
0,0,0,0,0,0,0,0,1,0,0,0,0,1,1,1,0,0,1,0,0,0,1,-1,0,0
0,1,0,0,0,0,0,0,1,1,1,0,0,1,1,0,0,0,1,0,0,0,1,0,0,0
0,0,0,0,0,0,0,0,1,1,1,1,0,1,1,0,0,0,1,0,0,1,1,0,0,0
0,0,0,0,0,0,0,0,1,1,1,0,0,1,1,0,0,0,1,0,0,0,1,1,0,0
1,0,1,0,0,0,0,0,0,0,0,0,0,0,0,0,0,0,0,0,0,1,0,0,0,1
0,1,1,0,0,1,0,0,1,0,0,1,1,1,1,0,1,0,0,0,0,0,2,1,0,2
0,0,1,0,0,0,0,0,0,1,1,1,0,1,0,0,0,0,1,0,1,1,0,1,1,0
0,0,1,0,0,0,0,0,1,1,1,1,0,1,0,0,0,0,1,0,1,1,1,0,1,0
0,0,0,0,0,0,0,0,1,1,1,0,0,0,1,0,0,0,1,0,1,0,1,0,1,0
0,1,0,0,0,0,0,1,0,1,1,0,0,0,0,0,0,1,1,0,0,1,1,-1,1,0
0,0,0,0,0,1,0,0,1,0,0,0,0,0,0,0,0,0,0,0,0,0,2,-2,0,1
1,0,1,0,0,0,0,0,1,0,0,1,0,1,1,0,0,0,0,0,0,0,1,1,0,0
0,0,0,0,0,0,0,1,0,0,0,1,0,0,1,0,0,1,1,0,1,0,1,-1,2,0
0,0,0,0,0,0,0,0,0,0,0,1,0,1,0,0,1,0,1,0,0,0,0,-1,0,2
0,0,0,0,0,0,0,0,0,1,1,1,0,1,1,1,0,0,1,0,0,0,0,-1,0,0
0,1,1,0,0,0,0,0,1,1,1,1,0,1,1,0,0,0,1,0,0,0,1,0,0,0
0,1,1,0,0,1,0,0,1,0,0,1,1,1,0,1,0,0,0,0,0,0,2,0,0,2
0,0,0,0,0,0,0,0,0,0,0,0,0,0,0,0,0,0,0,0,1,1,0,-1,1,0
0,0,0,0,1,0,0,0,1,0,1,0,0,0,0,0,0,0,1,0,0,1,1,-1,1,0
0,0,0,1,1,0,0,1,0,0,0,0,0,0,0,0,0,1,1,0,0,1,1,0,2,0
0,0,0,0,0,1,0,0,1,0,0,1,0,1,1,1,0,0,0,0,1,0,2,1,1,1
0,0,0,0,0,0,0,0,1,0,0,1,0,0,1,0,0,0,1,1,0,1,1,-2,1,0
0,0,0,1,1,0,0,1,0,0,1,1,0,0,0,0,0,1,1,0,1,1,1,0,3,0
0,1,0,0,0,0,0,0,1,1,0,1,0,1,0,0,0,0,1,0,1,0,1,0,1,0
0,0,1,0,0,0,0,0,1,0,0,1,0,1,1,0,0,0,1,0,0,0,1,1,0,0
0,0,0,0,0,0,0,0,1,0,0,0,0,0,0,0,0,0,0,0,0,0,1,0,0,0
0,0,0,0,0,0,0,0,1,0,1,1,0,1,1,0,0,0,1,0,0,1,1,0,0,0
0,0,0,0,0,0,0,0,1,0,0,1,0,1,1,1,0,0,0,0,0,1,1,0,0,0
0,0,0,1,0,0,0,0,0,1,1,1,0,1,1,1,0,0,1,0,0,1,0,-1,0,0
0,0,1,0,1,0,0,1,0,0,1,1,0,0,0,0,0,1,1,0,1,1,1,0,3,0
0,0,0,1,0,0,0,0,0,1,1,0,0,1,1,0,0,0,1,0,0,1,0,-1,0,0
0,0,1,0,0,1,0,0,1,0,0,0,0,0,1,0,0,0,0,0,0,1,2,-2,0,1
1,0,0,0,0,0,0,0,1,0,0,0,0,0,0,0,0,0,1,0,0,0,1,-2,0,0
0,1,0,0,0,0,0,0,1,0,0,1,0,1,1,0,0,0,1,0,1,0,1,1,1,0
1,0,0,0,1,0,0,0,1,0,0,0,0,0,0,0,0,0,1,0,0,0,1,0,1,0
0,0,0,0,0,1,0,0,1,0,0,1,0,1,0,0,0,0,0,0,0,0,2,0,0,1
0,0,1,0,0,0,0,0,1,1,1,1,0,1,1,0,0,0,1,0,0,0,1,1,0,0
0,1,1,0,0,0,0,0,1,0,0,1,1,1,1,1,0,0,0,0,0,0,1,0,0,1
0,1,0,0,0,0,0,0,1,1,1,1,0,1,1,0,0,0,1,0,0,1,1,1,0,0
0,1,0,0,0,1,0,0,1,1,1,1,0,1,0,0,0,0,1,0,1,1,2,1,1,1
0,0,0,0,0,0,0,0,1,0,0,1,0,0,1,1,0,0,1,0,0,0,1,-1,0,0
0,0,0,0,0,0,0,0,0,1,1,1,0,1,0,0,0,0,1,0,1,1,0,0,1,0
0,1,0,0,0,1,0,0,1,0,0,0,0,0,0,0,0,0,0,0,0,0,2,0,0,1
0,0,1,0,0,0,1,0,1,1,1,1,1,1,1,0,0,0,1,0,0,1,2,-1,0,1
0,0,1,1,0,0,0,0,1,0,0,1,0,1,0,0,0,0,1,0,0,0,1,0,0,0
0,1,1,0,0,0,0,0,1,0,0,1,0,1,1,0,0,0,1,0,0,0,1,1,0,0
1,0,0,0,0,0,0,0,1,0,0,0,0,0,0,1,0,0,1,0,0,0,1,-1,0,0
1,0,0,0,0,0,0,0,1,0,0,0,0,0,0,0,0,0,1,0,1,1,1,-1,1,0
0,1,0,0,0,0,0,0,1,0,0,1,0,0,1,0,0,0,1,0,0,1,1,-1,0,0
0,1,0,0,0,1,0,0,1,0,0,1,0,1,1,1,0,0,0,0,0,0,2,1,0,2
0,0,1,1,1,0,0,0,1,1,1,1,0,1,1,0,0,0,1,0,0,1,1,-1,1,0
0,1,0,0,0,0,0,0,1,1,1,0,0,0,1,0,0,0,1,0,0,0,1,-2,0,0
1,0,0,0,0,0,0,0,1,0,1,0,0,0,0,0,0,0,1,0,1,1,1,-1,1,1
0,0,0,0,0,0,0,0,1,0,1,1,0,1,0,0,0,0,1,0,0,1,1,-1,0,0
0,0,1,0,0,0,0,0,1,0,0,1,0,1,0,0,0,0,0,0,1,0,1,1,1,0
1,0,0,0,0,0,0,1,0,0,0,0,0,0,0,0,0,0,1,0,1,0,1,-1,1,0
0,1,1,0,0,1,1,0,1,0,0,1,1,1,0,1,0,0,0,0,0,0,3,0,0,2
0,0,1,0,0,0,0,0,0,1,1,0,0,0,1,0,0,0,1,0,1,1,0,0,1,0
0,0,1,0,1,0,0,0,1,0,1,1,0,1,0,0,0,0,1,0,0,1,1,-1,1,0
0,0,0,0,1,0,0,0,1,0,0,1,0,0,0,0,0,1,1,0,0,1,1,-1,2,0
0,0,1,0,1,0,0,0,1,1,1,0,0,0,0,0,0,0,1,0,0,1,1,-2,1,0
0,0,1,0,0,0,0,0,1,0,0,1,0,0,0,0,0,0,1,1,0,1,1,0,1,0
0,0,1,0,0,0,0,0,1,0,0,0,1,0,0,0,0,0,0,0,0,0,1,0,0,1
0,1,0,0,0,0,0,0,1,1,1,0,0,0,1,1,0,0,1,0,0,1,1,-1,0,0
0,0,0,0,0,0,0,1,0,0,1,0,0,1,1,0,0,1,1,0,1,1,1,0,2,0
0,0,0,0,0,0,0,0,1,0,0,0,0,0,0,0,0,0,1,0,1,1,1,0,1,0
0,0,0,1,1,0,0,0,0,1,1,0,0,0,0,1,0,0,1,0,0,0,0,-2,1,0
0,0,1,0,1,0,0,0,1,0,0,1,0,1,1,0,0,0,1,0,0,0,1,-1,1,0
1,1,0,0,0,0,0,0,1,0,0,0,0,0,0,0,0,0,1,0,1,0,1,0,1,0
0,0,1,1,0,0,0,0,0,0,1,0,0,1,1,1,0,0,1,0,0,1,0,0,0,1
0,0,0,0,0,0,0,0,1,0,0,0,0,0,1,0,0,0,1,0,0,1,1,-2,0,0
0,0,1,0,0,0,0,0,1,0,1,1,0,0,0,0,0,0,1,0,1,1,1,0,1,0
0,1,0,1,1,0,0,0,1,1,1,1,0,1,0,0,0,0,1,0,0,0,1,1,1,0
0,0,1,1,1,0,0,0,0,0,1,1,0,1,0,0,0,1,1,0,1,1,0,1,3,0
0,0,0,0,1,0,0,1,0,0,1,0,0,0,0,0,0,0,1,0,0,1,1,-2,1,0
0,0,0,0,0,1,0,0,1,0,0,1,1,1,0,1,1,0,0,0,0,0,2,1,0,2
0,0,1,0,0,0,0,0,1,1,1,0,0,0,0,0,0,0,1,0,0,1,1,-1,0,0
1,0,0,0,0,0,0,0,1,0,1,0,0,0,0,0,0,0,1,0,1,1,1,0,1,0
0,0,0,0,0,0,0,0,1,0,1,0,0,0,0,0,0,0,1,0,1,0,1,0,1,1
0,0,0,0,0,0,0,0,0,0,1,0,0,0,0,0,0,0,1,0,1,0,0,-1,1,0
0,0,1,0,0,0,0,0,1,0,0,1,0,1,1,0,0,0,1,0,0,0,1,1,0,0
1,0,1,0,0,1,0,0,1,0,0,0,0,0,0,0,0,1,0,0,0,0,2,-2,1,2
0,0,1,0,0,1,0,0,1,0,0,1,0,0,0,0,0,0,0,0,1,0,2,-1,1,1
0,0,1,0,0,0,0,0,1,0,0,0,0,1,1,0,0,0,1,0,0,1,1,0,0,0
0,1,0,0,0,0,0,0,1,1,1,1,0,1,1,1,0,0,1,0,0,0,1,-1,0,0
0,0,1,0,0,0,0,0,1,0,1,1,0,1,1,0,0,0,1,0,0,1,1,-1,0,0
0,0,0,0,1,0,0,0,1,0,0,0,0,0,0,1,0,0,1,1,0,0,1,-1,2,0
0,0,1,1,1,0,0,0,0,1,1,0,0,0,0,0,0,1,1,0,1,1,0,-1,3,0
0,0,1,0,0,1,0,0,1,0,0,0,0,0,0,0,0,1,0,0,0,1,2,-1,1,1
0,0,0,0,0,0,0,0,1,0,1,1,0,1,1,1,0,0,1,0,1,0,1,1,1,0
1,0,1,0,0,1,0,0,1,0,0,1,1,1,0,0,0,0,0,0,0,0,2,0,0,2
0,0,1,0,0,0,0,0,1,0,0,0,0,1,0,0,0,0,1,0,0,0,1,0,0,0
0,0,0,0,0,1,0,0,1,0,0,1,0,1,0,1,0,0,0,0,0,0,2,1,0,1
0,0,0,0,0,0,0,1,0,1,1,0,0,0,0,0,0,1,1,0,1,1,1,-1,2,0
0,0,0,0,1,0,0,0,1,0,0,1,0,1,1,0,0,0,1,0,0,1,1,0,1,0
0,0,0,0,0,0,0,1,0,0,0,1,0,1,0,0,0,1,1,0,1,1,1,0,2,0
1,0,0,0,0,0,0,0,1,1,1,0,0,0,0,0,0,0,1,0,1,0,1,0,1,0
0,1,1,0,1,0,0,1,0,1,1,1,0,0,0,0,0,1,1,0,1,1,1,-1,3,1
0,0,0,0,0,0,0,0,1,0,0,1,0,0,1,1,0,0,1,0,1,0,1,0,1,0
0,0,0,0,0,0,0,0,1,1,1,0,0,1,0,0,0,0,1,0,1,1,1,0,1,0
0,0,1,0,0,0,0,0,1,1,1,1,0,0,1,0,0,0,1,0,0,1,1,-1,0,0
0,0,0,0,1,0,0,0,1,1,1,0,0,1,1,0,0,0,1,0,0,1,1,-1,1,0
0,0,0,0,0,0,0,0,1,0,0,1,1,1,1,1,0,0,0,0,0,0,1,0,0,1
0,1,0,0,0,0,0,1,0,1,1,1,0,1,0,1,0,1,1,0,1,1,1,1,2,1
0,0,1,0,0,0,0,0,1,0,0,1,0,1,1,0,0,0,1,0,0,1,1,1,0,0
0,0,1,0,0,0,0,0,1,0,1,0,0,0,0,0,0,0,1,0,1,1,1,-1,1,0
0,0,1,0,0,0,0,0,1,0,0,1,1,1,1,1,0,0,1,0,0,0,1,1,0,1
0,0,1,0,0,0,0,1,0,0,1,0,0,1,0,0,0,0,1,0,1,1,1,1,1,0
0,0,1,0,0,0,0,0,0,0,0,1,0,1,0,0,0,0,1,0,0,0,0,0,0,0
0,0,0,0,0,0,0,0,1,0,0,1,0,1,1,1,0,0,1,0,0,1,1,1,0,0
0,0,1,0,0,0,0,0,0,1,1,0,0,0,0,0,0,1,1,0,1,1,0,0,2,0
0,1,1,0,0,1,0,0,1,0,0,1,1,1,1,0,0,0,0,0,0,0,2,0,0,3
0,0,0,0,1,0,0,1,0,1,1,0,0,0,0,0,0,1,1,0,1,1,1,-1,3,0
0,0,1,0,0,0,0,1,0,0,0,1,0,1,0,0,0,1,0,0,0,1,1,1,1,0
0,0,0,0,0,0,0,0,1,1,1,0,0,1,0,0,0,0,1,0,1,1,1,1,1,0
0,0,0,0,0,1,0,0,1,0,0,1,0,1,0,0,0,0,0,0,0,0,2,1,0,1
0,0,0,0,0,1,0,0,1,0,0,0,0,1,0,0,0,0,0,0,1,0,2,1,1,1
0,0,0,0,0,0,0,0,1,1,0,0,0,0,0,0,0,0,1,0,1,0,1,-1,1,0
0,1,0,0,0,0,0,0,0,0,0,1,0,1,0,0,0,0,1,0,0,1,0,0,0,0
0,0,0,0,0,0,0,0,1,0,0,1,0,1,1,0,0,0,1,0,0,0,1,-1,0,1
0,0,0,0,0,1,0,0,1,0,0,1,0,1,1,0,0,0,0,0,0,0,2,0,0,1
0,0,0,0,0,0,0,0,0,0,1,0,0,1,0,0,0,0,1,0,1,1,0,1,1,0
0,1,0,0,0,1,0,0,1,0,0,1,0,1,0,0,0,0,0,0,1,0,2,1,1,1
0,1,0,0,1,0,0,0,1,0,0,1,0,1,1,1,0,0,1,0,0,0,1,0,1,0
0,0,0,0,0,0,0,0,1,1,1,1,0,0,1,0,0,0,1,0,0,0,1,-1,0,0
0,0,1,0,0,0,0,0,1,1,1,1,0,0,0,0,0,0,1,0,1,1,1,-2,1,0
0,0,1,0,0,1,0,0,1,0,0,1,1,1,0,0,0,0,0,0,0,0,2,1,0,2
0,0,0,0,0,0,0,0,1,1,1,0,0,0,0,0,0,0,1,0,1,0,1,0,1,0
0,0,1,0,0,0,0,0,1,0,0,1,0,1,1,1,0,0,1,0,0,0,1,0,0,0
1,1,1,0,0,0,0,0,1,1,1,0,0,1,0,0,0,0,1,0,0,0,1,0,0,0
0,0,0,0,0,0,0,1,0,0,0,0,0,0,0,0,0,1,0,0,1,1,1,-1,2,0
0,0,0,0,1,0,0,0,1,1,1,1,0,1,1,0,0,0,1,0,0,1,1,0,1,0
0,0,1,0,0,0,0,0,1,1,1,1,0,1,1,0,0,0,1,0,0,0,1,-1,0,0
0,1,0,0,0,0,0,0,1,0,0,0,0,0,0,0,0,0,0,0,0,0,1,-1,0,0
0,0,1,0,0,0,0,0,0,1,1,1,0,1,1,0,0,0,1,0,1,1,0,0,1,0
0,1,1,0,0,0,0,0,1,1,1,0,0,1,1,0,0,0,1,0,0,0,1,0,0,0
0,0,0,0,0,0,0,0,1,0,1,1,0,1,1,0,0,0,1,0,0,1,1,0,0,0
0,0,0,0,0,0,0,1,0,1,1,1,0,1,0,0,0,1,1,0,1,1,1,0,2,1
0,1,1,0,0,0,0,0,1,0,0,1,0,1,0,0,0,0,1,0,0,1,1,0,0,0
0,0,0,0,0,1,0,0,0,0,0,1,1,1,0,0,0,0,0,0,0,0,1,1,0,2
1,0,0,0,0,0,0,0,0,0,0,0,0,0,0,1,0,0,0,0,0,0,0,-2,0,0
1,0,1,0,0,0,0,0,1,0,0,1,1,1,1,0,0,0,0,1,0,0,1,0,1,2
1,1,1,0,0,1,0,0,1,0,0,0,1,0,0,0,0,0,0,0,0,0,2,0,0,2
0,0,0,0,0,0,0,0,0,0,1,1,0,1,1,0,0,0,1,0,1,1,0,0,1,0
0,0,1,1,0,0,0,0,0,0,0,1,0,1,0,0,0,1,1,0,1,1,0,1,2,0
0,0,1,0,0,0,0,0,1,0,0,1,0,1,0,0,0,0,1,0,0,0,1,0,0,0
1,0,0,0,0,0,0,0,1,0,0,0,0,0,0,0,0,0,1,0,1,0,1,0,1,0
0,0,0,1,1,0,0,0,1,1,1,0,0,0,0,0,0,0,1,0,0,0,1,-1,1,0
0,0,0,0,0,0,0,0,1,0,0,1,0,1,1,0,0,0,1,0,0,0,1,1,0,0
1,0,0,0,0,0,0,0,1,0,1,1,0,0,0,0,0,0,1,0,1,0,1,0,1,0
0,0,1,0,0,0,0,0,1,1,1,0,0,1,1,0,0,0,1,0,0,1,1,-1,0,0
0,0,0,0,0,0,0,1,0,0,0,0,0,0,0,0,0,1,0,0,1,1,1,0,2,0
1,1,0,0,0,0,0,0,0,0,0,0,0,0,0,0,0,0,1,0,0,0,0,-2,0,0
0,0,1,0,0,0,0,0,1,0,0,0,0,1,0,0,0,0,0,0,1,0,1,1,1,0
0,0,1,0,0,1,0,0,1,0,0,1,0,1,0,1,0,0,0,0,0,1,2,0,0,2
0,0,1,0,0,1,0,0,1,0,0,1,1,1,0,1,1,0,0,0,0,0,2,1,0,3
0,0,1,0,0,1,0,0,1,0,0,0,0,1,0,0,0,0,0,0,0,0,2,1,0,1
0,1,1,0,0,0,0,1,0,1,1,1,0,1,0,0,0,1,1,0,1,1,1,1,2,0
0,0,1,0,0,0,0,0,0,0,1,1,0,1,0,0,0,0,1,0,1,1,0,1,1,0
1,0,0,0,0,0,0,0,1,0,0,0,0,0,0,0,1,0,0,0,0,0,1,0,0,0
0,0,0,0,0,0,0,0,1,0,0,0,0,1,1,0,0,0,0,0,0,1,1,1,0,0
0,1,1,0,0,1,0,0,1,0,0,1,0,1,1,0,0,0,0,0,0,1,2,0,0,1
0,0,0,0,0,1,0,0,1,0,0,1,1,1,1,0,0,0,0,0,0,0,2,-1,0,2
0,0,1,1,1,0,0,0,0,0,1,1,0,1,0,0,0,0,1,0,0,1,0,1,1,0
0,0,1,0,1,0,0,0,1,1,1,0,0,1,1,0,0,0,1,0,0,1,1,0,1,1
0,0,1,0,1,0,0,0,1,0,0,1,0,1,1,0,0,0,1,0,0,1,1,-1,1,0
0,0,0,0,0,0,0,0,1,1,1,0,0,1,0,0,0,0,1,0,1,1,1,1,1,0
0,1,1,0,0,0,0,0,1,0,0,1,0,1,1,0,0,0,1,0,0,0,1,1,0,0
0,1,1,0,0,1,0,0,1,0,0,1,0,1,0,1,0,0,0,0,0,0,2,0,0,1
0,0,1,0,0,0,0,0,1,0,0,0,0,1,0,0,0,0,1,0,1,1,1,0,1,0
0,1,0,0,0,1,0,0,1,0,0,1,1,1,1,0,0,0,0,0,0,0,2,1,0,2
0,1,0,0,0,0,0,0,1,0,0,1,0,0,1,0,0,0,1,0,1,1,1,0,1,0
0,0,0,0,1,0,0,0,1,0,1,1,0,1,0,0,0,0,1,0,1,1,1,0,2,0
0,0,1,1,0,0,0,0,1,1,1,0,0,0,1,0,0,0,1,0,0,1,1,-1,0,0
0,0,0,1,1,0,0,1,0,0,0,0,0,1,0,0,0,1,1,0,1,1,1,0,3,0
0,1,1,0,0,0,0,0,1,1,1,1,0,1,1,0,0,0,1,0,0,0,1,1,0,0
0,1,0,0,0,0,0,0,0,0,0,0,0,0,0,0,0,0,1,0,0,1,0,-1,0,0
0,0,0,0,0,0,0,1,0,0,0,0,0,0,0,0,0,1,0,0,1,1,1,0,2,1
0,0,1,0,0,0,0,0,1,0,0,1,0,1,1,1,0,0,0,0,0,0,1,0,0,0
0,0,0,0,1,0,0,0,1,0,0,1,0,1,1,1,0,0,1,0,0,1,1,-1,1,0
0,0,1,0,0,0,0,0,1,0,0,1,0,1,1,0,0,0,1,0,1,1,1,1,1,0
0,1,0,0,0,0,0,0,1,0,0,1,0,1,1,0,0,0,0,0,0,0,1,1,0,0
0,0,0,0,0,0,0,0,1,0,0,1,1,1,0,0,1,0,0,0,0,0,1,0,0,1
1,0,0,0,0,1,0,0,1,0,0,0,0,0,0,0,0,0,1,0,1,0,2,0,1,1
0,0,0,0,0,0,0,0,1,1,1,0,0,0,0,0,0,0,1,0,1,1,1,0,1,0
0,0,1,0,0,0,0,0,0,1,1,0,0,0,1,0,0,0,1,0,0,1,0,-2,0,0
0,0,0,0,0,0,0,0,0,0,1,1,0,0,0,0,0,0,1,0,1,1,0,-1,1,0
1,0,0,0,0,0,0,0,1,0,0,0,0,0,1,0,0,0,1,0,1,0,1,0,1,0
0,0,1,0,0,0,0,0,1,0,0,1,1,1,0,0,1,0,0,0,0,0,1,1,0,1
0,0,0,0,0,0,0,0,1,1,1,1,0,0,1,0,0,0,1,0,1,0,1,0,1,0
0,0,1,0,0,1,0,0,0,0,0,0,0,1,1,0,0,0,0,0,0,0,1,1,0,1
0,1,0,0,0,0,0,0,1,0,0,1,0,1,1,0,0,0,1,0,0,1,1,1,0,0
0,0,1,0,0,0,0,0,1,1,1,0,0,1,1,0,0,0,1,0,1,1,1,0,1,0
0,1,0,0,0,0,0,0,1,1,1,0,0,1,1,0,0,0,1,0,0,0,1,-1,0,0
0,1,0,0,0,0,0,0,1,1,1,1,1,1,1,1,0,0,1,0,0,0,1,-1,0,1
0,0,1,0,0,0,0,0,1,0,1,0,0,1,1,0,0,0,1,0,0,1,1,0,0,0
0,1,0,0,0,1,0,0,1,0,0,1,0,1,1,1,0,0,0,0,0,0,2,1,0,1
0,1,1,0,0,0,0,0,1,1,1,1,0,1,0,0,0,0,1,0,1,0,1,1,1,0
0,1,0,0,0,1,0,0,1,0,0,1,1,1,0,1,0,0,0,0,0,0,2,1,0,2
0,0,0,0,1,0,0,0,1,1,1,0,0,0,1,0,0,0,1,0,0,1,1,0,1,0
0,1,0,0,0,1,0,0,1,0,0,1,0,0,1,1,0,0,0,0,0,0,2,0,0,1
0,1,0,0,0,0,0,0,1,0,1,1,0,0,0,0,0,0,1,0,1,0,1,0,1,0
0,0,0,0,0,0,0,0,1,1,1,1,0,1,0,0,0,0,1,0,0,1,1,1,0,0
0,1,1,0,0,1,0,0,1,0,0,1,1,0,1,0,1,1,0,0,1,0,2,-1,2,3
0,1,0,0,0,0,0,0,1,0,0,1,0,1,0,0,0,0,0,0,1,0,1,1,1,0
1,0,1,0,0,0,0,0,1,0,0,0,0,0,0,0,0,0,1,0,0,0,1,0,0,0
0,0,0,0,0,0,0,0,1,1,1,0,0,0,0,0,0,0,1,0,1,1,1,-1,1,0
1,0,1,0,0,0,0,0,1,0,0,1,1,1,0,0,0,0,0,0,0,0,1,0,0,1
1,0,1,0,1,0,0,0,0,0,0,1,0,1,0,0,0,1,1,1,0,1,0,0,3,0
0,0,1,0,0,0,0,0,1,1,1,1,0,1,1,1,0,0,1,0,0,0,1,-1,0,0
1,0,1,0,0,0,0,0,1,0,0,0,0,0,0,0,0,0,1,0,0,0,1,0,0,0
0,0,1,0,0,1,0,0,1,0,0,1,1,1,0,1,0,0,0,0,0,0,2,0,0,2
1,0,1,0,0,0,0,0,1,0,0,0,0,0,0,0,0,0,1,0,0,0,1,-1,0,0
0,0,0,0,0,1,0,0,0,0,0,0,0,0,0,0,0,1,0,0,1,0,1,0,2,2
0,0,1,0,0,0,1,0,1,1,1,1,0,1,1,0,0,0,1,0,0,0,2,0,0,0
0,0,0,0,0,0,0,1,0,0,1,1,0,0,1,0,0,0,1,0,1,0,1,0,1,0
0,0,0,1,1,0,0,1,0,1,1,0,0,0,1,0,0,1,1,0,1,1,1,-1,3,0
0,0,0,0,0,0,0,0,0,1,1,0,0,1,1,0,0,0,1,0,0,1,0,1,0,0
0,1,1,0,0,1,0,0,1,0,0,1,1,1,0,1,0,1,0,0,0,0,2,-1,1,2
0,1,1,0,0,0,0,0,1,0,0,1,0,1,1,1,0,0,1,0,0,0,1,0,0,0
0,1,1,0,0,0,0,0,1,0,0,1,0,1,1,1,1,0,1,0,0,0,1,0,0,0
1,0,0,0,0,0,0,0,1,0,0,1,0,0,0,0,0,0,1,0,0,1,1,-1,0,0
0,0,1,0,0,0,0,0,0,1,1,1,0,1,1,0,0,0,1,0,0,1,0,-1,0,0
0,1,1,0,0,1,0,0,1,0,0,1,1,1,1,0,1,0,0,0,0,0,2,1,0,3
0,0,1,0,0,1,0,0,1,0,0,1,1,1,1,1,0,0,0,0,0,0,2,0,0,2
0,1,0,0,0,1,0,0,1,0,0,1,0,1,1,0,0,0,0,0,0,0,2,1,0,1
0,0,0,0,0,1,0,0,1,0,0,1,0,0,1,0,0,0,0,0,0,1,2,-1,0,2
0,0,0,0,0,0,0,0,1,0,0,1,0,1,1,0,0,0,1,0,0,1,1,-1,0,0
0,0,0,0,1,0,0,1,0,0,1,0,0,0,1,0,0,1,1,0,1,1,1,0,3,0
0,0,0,0,0,0,0,0,0,0,0,1,0,0,0,0,0,0,1,0,1,0,0,-1,1,0
0,1,0,0,0,1,0,0,1,0,0,1,1,1,1,0,0,0,0,0,0,0,2,1,0,2
0,0,1,0,0,0,0,0,1,0,0,1,0,1,1,0,1,0,0,0,0,0,1,0,0,0
1,0,1,0,0,0,1,0,1,0,0,1,0,0,0,0,0,0,0,0,1,0,2,0,1,0
0,1,1,1,0,0,0,0,1,0,1,1,0,1,0,0,0,0,1,0,0,0,1,1,0,0
0,1,0,0,0,0,0,0,0,0,1,1,0,1,0,0,0,0,1,0,0,1,0,0,0,1
1,0,0,0,0,0,0,0,1,0,0,0,0,0,0,0,0,0,1,0,1,0,1,-1,1,0
0,0,1,0,0,1,0,0,1,0,0,0,0,1,1,0,0,0,0,0,0,1,2,0,0,1
0,0,0,0,0,1,0,0,0,0,0,0,0,0,1,1,0,1,0,0,0,0,1,-2,1,1
0,0,0,0,0,0,0,1,0,0,1,1,0,1,1,0,0,0,1,0,0,1,1,0,0,0
0,1,1,0,0,1,0,0,1,0,0,1,1,1,1,1,1,0,0,0,0,0,2,0,0,2
0,0,1,1,1,0,0,0,1,1,1,0,0,0,0,0,0,0,1,0,0,1,1,-2,1,0
0,0,1,0,0,0,0,0,1,0,0,0,0,0,1,0,0,0,1,0,0,0,1,-1,0,0
0,1,0,0,0,0,0,0,1,0,0,1,0,1,1,0,0,0,1,0,0,0,1,1,0,0
0,1,0,0,0,0,0,0,1,0,0,1,0,1,0,0,0,0,1,0,1,0,1,1,1,0
0,0,1,0,0,0,0,0,1,1,1,1,0,0,1,0,0,0,1,0,0,0,1,-1,0,0
0,1,0,0,0,1,0,0,1,0,0,0,1,1,1,0,1,0,0,0,0,0,2,0,0,2
1,0,1,0,0,0,0,0,1,0,0,0,0,0,0,0,0,0,0,0,0,1,1,0,0,0
0,0,1,1,1,0,0,1,0,0,0,1,0,0,0,0,0,1,1,1,1,1,1,0,4,0
0,0,1,0,0,0,0,1,0,0,0,1,0,1,1,0,0,0,1,0,1,1,1,1,1,0
0,0,0,0,0,0,0,0,0,0,1,0,0,0,1,1,0,0,1,0,1,0,0,0,1,0
0,0,0,0,0,0,0,0,1,1,1,0,0,1,1,0,0,0,1,0,0,0,1,-1,0,0
0,1,1,0,0,1,0,0,1,0,0,1,0,1,1,0,0,0,0,0,0,0,2,0,0,1
0,1,0,0,0,1,0,0,1,0,0,1,1,1,1,1,1,0,0,0,0,0,2,1,0,2
0,0,1,0,0,1,0,0,1,0,0,1,1,1,1,1,0,0,0,0,0,0,2,1,0,2
0,0,1,0,0,0,0,0,1,0,0,0,0,1,1,0,0,0,1,0,0,1,1,1,0,0
0,0,0,0,0,0,0,0,1,0,0,0,0,0,1,0,0,0,1,0,1,0,1,-1,1,0
0,0,0,0,0,0,0,0,1,1,1,0,0,1,1,0,0,0,1,0,1,0,1,0,1,0
0,0,1,0,0,0,0,1,0,0,1,1,0,0,0,0,0,0,1,0,1,1,1,-1,1,0
0,0,0,0,0,1,0,0,1,0,0,1,1,0,0,0,0,0,0,0,0,0,2,0,0,2
1,0,0,0,0,0,0,0,1,0,0,1,1,1,0,0,0,0,0,0,0,0,1,1,0,1
0,0,1,0,0,1,0,0,1,0,0,1,0,1,1,1,0,0,0,0,0,0,2,0,0,1
0,0,1,0,0,0,0,0,1,1,1,0,0,1,0,0,0,0,1,0,0,1,1,1,0,0
0,0,1,0,0,1,0,0,1,0,0,1,1,1,1,1,1,0,0,0,0,0,2,-1,0,2
0,0,0,0,1,0,0,1,0,0,1,1,0,1,1,0,0,0,1,0,0,1,1,-1,1,0
0,0,0,0,0,0,0,1,0,0,1,0,0,1,0,0,0,0,1,0,1,1,1,1,1,0
0,0,0,0,0,0,0,0,0,1,1,1,0,1,0,0,0,0,1,0,0,0,0,0,0,0
0,0,1,0,0,0,0,0,0,0,0,1,1,1,0,0,0,0,0,0,0,1,0,0,0,1
0,0,0,0,0,0,0,0,1,1,1,0,0,1,1,0,0,0,1,0,0,0,1,1,0,0
0,1,0,0,0,1,0,1,0,0,0,0,0,0,0,0,0,0,0,0,1,0,2,0,1,1
1,0,0,0,0,0,0,0,1,0,0,1,0,0,0,1,0,0,1,0,0,0,1,-1,0,0
1,1,1,0,0,0,0,0,1,0,0,0,0,1,1,0,0,0,1,0,0,0,1,0,0,0
0,0,0,0,0,0,0,0,1,0,0,0,0,0,1,0,0,0,0,0,0,0,1,-1,0,0
0,0,1,0,0,0,0,0,1,0,0,1,0,1,0,0,0,0,0,0,0,0,1,0,0,0
0,1,1,0,0,1,1,0,1,0,0,1,0,1,1,0,0,0,0,0,0,0,3,1,0,1
0,0,1,0,1,0,0,1,0,0,1,1,0,1,0,0,0,1,1,0,1,1,1,1,3,0
0,0,1,0,0,1,0,0,1,0,0,0,0,1,0,1,0,0,0,0,0,1,2,0,0,1
0,1,1,0,0,0,0,0,1,1,1,1,0,0,1,0,0,0,1,0,0,1,1,-1,0,0
0,0,1,0,0,0,0,0,1,0,1,1,0,1,1,0,0,0,1,0,0,1,1,0,0,0
0,0,0,0,0,0,0,0,1,0,1,0,0,1,1,0,0,0,1,0,0,1,1,1,0,0
0,1,0,0,0,1,0,0,1,0,0,1,1,1,1,0,0,0,0,0,0,0,2,1,0,3
0,0,0,1,1,0,0,1,0,1,1,1,0,1,0,0,0,1,1,0,1,0,1,1,3,0
0,1,0,0,0,0,0,0,1,0,0,1,0,1,0,0,0,0,1,0,0,1,1,-1,0,0
0,1,0,0,0,1,0,0,1,0,0,0,0,1,0,0,0,0,0,0,0,0,2,1,0,1
0,0,0,0,0,0,0,0,1,1,1,0,0,1,0,0,0,0,1,0,1,0,1,1,1,0
0,0,0,0,0,0,0,0,1,0,0,1,0,0,0,0,0,0,1,0,1,1,1,-1,1,0
0,0,0,0,0,0,0,0,1,0,0,1,1,1,1,1,0,0,0,0,0,0,1,1,0,1
0,1,1,0,0,0,0,0,1,1,1,1,0,1,1,0,0,0,1,0,1,0,1,0,1,0
0,0,1,0,0,0,0,0,1,0,0,1,0,1,1,0,0,0,0,0,0,1,1,0,0,0
0,0,1,0,0,0,0,0,1,0,0,1,1,1,0,0,1,0,0,0,0,0,1,1,0,1
0,0,1,0,0,0,0,0,1,1,1,0,0,0,1,1,0,0,1,0,0,1,1,-2,0,0
0,0,0,0,1,0,0,0,1,0,0,0,0,0,0,0,0,1,1,0,1,1,1,0,3,0
0,1,0,0,0,1,0,0,1,0,0,1,0,1,1,1,0,0,0,0,0,0,2,1,0,2
0,0,1,0,0,0,0,0,1,0,0,0,0,1,0,0,0,0,1,0,0,0,1,0,0,0
0,1,1,0,0,0,0,0,1,0,0,1,0,1,1,1,0,0,1,0,0,0,1,0,0,0
0,0,0,0,0,0,0,0,1,0,0,1,0,1,1,0,0,0,1,1,0,1,1,-1,1,1
0,0,0,0,0,1,0,0,1,1,1,0,0,0,0,0,0,0,1,0,1,1,2,0,1,1
0,1,1,0,0,0,0,0,1,0,0,1,0,1,0,0,0,0,1,0,0,0,1,-1,0,0
0,0,1,0,0,1,0,0,1,0,0,1,0,1,0,0,0,0,0,0,0,0,2,0,0,1
0,0,0,0,0,0,1,1,0,0,1,0,0,0,1,0,0,1,1,1,1,1,2,-1,3,0
1,0,0,0,0,0,0,1,0,0,0,1,0,0,0,0,0,1,1,0,1,1,1,-1,2,0
0,0,0,0,0,1,0,0,1,0,0,1,0,1,1,0,0,0,0,0,0,0,2,-1,0,1
0,0,1,0,0,0,0,1,0,0,0,0,0,1,1,0,0,1,1,0,1,1,1,1,2,0
0,0,1,0,0,1,0,0,1,0,0,0,1,0,0,0,0,1,0,0,0,0,2,-1,1,2
0,0,0,0,0,0,0,0,1,1,1,0,0,0,0,0,0,0,1,0,0,1,1,-1,0,0
0,0,0,0,1,0,0,1,0,0,1,1,0,1,1,0,0,0,1,0,1,1,1,1,2,0
0,0,1,0,0,0,0,0,1,1,1,0,0,1,0,0,0,0,1,0,0,0,1,0,0,0
1,0,1,0,0,1,0,0,1,0,0,1,1,1,0,0,0,0,0,0,1,0,2,1,1,2
1,0,1,0,0,0,0,0,0,0,0,1,0,1,0,0,0,0,1,0,0,0,0,0,0,0
0,1,1,0,0,0,0,0,1,0,0,1,0,1,0,1,0,0,0,0,0,0,1,0,0,0
0,1,1,0,0,0,0,0,1,0,0,1,0,1,1,0,0,0,0,0,0,1,1,1,0,0
0,1,0,0,0,0,0,0,1,0,0,1,0,0,1,1,0,0,1,0,0,0,1,-1,0,0
1,0,1,0,0,0,0,0,1,0,0,0,1,0,0,0,0,0,0,0,0,0,1,0,0,1
0,0,1,0,0,0,0,1,0,1,1,0,0,0,1,1,0,0,1,0,1,1,1,-1,1,0
0,0,1,0,0,0,0,0,1,0,0,1,0,1,1,0,0,0,1,0,0,0,1,0,0,0
0,1,0,0,0,0,0,0,1,0,0,1,0,1,1,1,0,0,1,0,0,1,1,0,0,1
0,0,0,0,0,0,0,0,1,0,0,0,0,1,1,0,0,0,1,0,0,0,1,1,0,0
0,1,0,0,0,1,0,0,1,0,0,1,1,1,1,0,0,0,0,0,0,0,2,0,0,2
1,0,1,0,0,0,0,0,1,1,1,1,0,0,1,0,0,0,1,0,0,1,1,-1,0,0
0,0,0,0,0,0,0,0,1,1,1,1,0,1,0,0,0,0,1,0,0,1,1,1,0,0
0,1,0,0,0,0,0,1,0,0,0,1,0,1,0,0,0,0,1,0,1,0,1,1,1,0
0,0,1,0,0,1,0,0,1,0,0,1,0,1,0,0,1,0,0,0,0,0,2,0,0,1
0,0,1,0,0,1,0,0,1,0,0,1,1,1,0,0,0,0,0,0,0,0,2,-1,0,3
0,0,0,0,0,0,0,0,1,0,0,1,0,0,0,0,0,0,1,0,1,1,1,0,1,0
0,0,0,0,0,0,0,0,1,0,1,0,0,0,1,0,0,0,1,0,0,1,1,-1,0,0
0,0,1,0,0,0,0,0,1,1,0,1,0,1,1,0,0,0,1,0,0,1,1,-1,0,0
0,0,1,0,0,1,0,0,1,0,0,1,1,1,0,0,1,0,0,0,0,0,2,-1,0,3
0,0,1,0,0,0,0,0,0,0,1,0,0,0,0,0,0,1,1,0,1,1,0,-1,2,0
1,0,0,0,0,0,0,1,0,1,1,0,0,0,0,0,0,1,1,0,1,1,1,0,2,0
0,0,0,0,1,0,0,0,0,0,1,0,0,1,1,0,0,0,1,0,0,0,0,0,1,0
0,0,0,0,0,0,0,1,0,1,1,0,0,0,0,0,0,1,1,0,1,0,1,0,2,0
0,0,0,0,0,1,0,0,1,0,0,1,1,1,0,0,0,0,0,0,0,0,2,1,0,2
0,1,0,0,0,0,0,0,0,0,0,0,0,0,1,0,0,1,1,0,1,1,0,0,2,0
0,1,0,0,0,0,0,0,1,0,0,1,0,0,1,1,0,0,1,0,0,0,1,0,0,0
0,0,1,0,0,0,0,0,1,0,1,0,0,0,1,0,0,0,1,0,1,0,1,0,1,0
0,0,1,0,0,1,0,0,0,0,0,1,0,1,0,0,0,0,1,0,0,0,1,0,0,1
0,0,1,0,0,0,0,0,1,0,0,1,1,1,0,0,0,0,0,0,0,0,1,0,0,1
0,0,1,0,0,0,0,0,1,0,0,0,0,1,1,0,0,0,1,0,0,0,1,0,0,0
0,0,0,0,0,0,0,0,0,1,1,1,0,1,1,0,0,0,1,0,1,0,0,1,1,0
0,1,0,0,0,1,0,0,1,0,0,1,0,0,1,0,0,0,1,0,0,1,2,-1,0,1
0,0,1,0,0,0,0,0,1,0,0,0,0,0,0,0,0,0,0,0,0,0,1,0,0,0
0,0,0,1,1,0,0,0,1,1,1,0,0,0,0,0,0,0,1,0,1,1,1,-1,2,0
0,1,1,0,0,0,1,0,1,0,0,1,0,1,1,0,1,0,1,0,0,0,2,0,0,0
0,0,0,0,0,0,0,0,1,1,1,0,0,1,0,0,0,0,1,0,0,0,1,0,0,0
0,1,1,0,0,1,0,0,1,0,0,0,0,0,1,0,0,0,0,0,0,0,2,-2,0,1
0,0,0,0,0,0,0,0,1,0,0,1,0,1,1,1,0,0,1,0,0,1,1,-1,0,0
0,0,1,1,0,0,0,0,0,0,0,1,0,1,1,0,0,0,1,0,0,1,0,-1,0,0
0,1,1,0,0,0,0,0,1,1,1,1,0,0,1,0,0,0,1,0,0,0,1,-1,0,0
1,0,0,0,0,0,0,1,0,1,1,0,0,0,0,0,0,0,1,0,1,0,1,0,1,0
0,0,1,0,0,0,0,0,1,0,0,1,1,1,0,0,1,0,0,0,0,0,1,0,0,1
1,0,0,0,0,0,0,1,0,0,0,0,0,0,0,0,0,0,0,0,1,0,1,0,1,0
0,0,0,0,0,0,0,1,0,0,0,1,0,1,0,0,0,0,1,0,1,1,1,1,1,0
0,0,0,0,1,1,0,0,1,0,0,0,0,1,0,1,0,0,0,0,0,0,2,1,1,1
0,1,0,0,0,0,0,0,1,1,0,1,0,1,1,1,0,0,1,0,0,0,1,1,0,0
0,0,1,0,0,0,0,0,0,0,1,0,0,0,1,0,0,0,1,0,0,0,0,0,0,0
0,0,1,0,0,1,0,0,1,0,0,1,1,1,0,0,0,0,0,0,0,0,2,0,0,2
0,1,1,0,0,0,0,0,1,0,0,1,0,1,0,0,0,0,1,0,0,1,1,1,0,0
0,0,1,0,0,0,0,0,1,0,1,1,0,1,1,1,0,0,1,0,0,0,1,1,0,0
0,0,0,0,0,0,0,0,1,0,0,0,0,1,1,0,0,0,1,0,0,1,1,1,0,0
0,0,1,0,0,0,0,0,1,1,1,1,0,1,0,0,0,0,1,0,0,1,1,-1,0,0
0,1,0,0,0,0,0,0,0,0,0,1,0,0,0,0,0,0,1,0,0,1,0,-1,0,0
0,0,1,0,0,0,0,0,1,0,0,0,0,1,0,1,1,0,0,0,0,0,1,1,0,0
0,0,0,0,0,0,0,0,1,1,1,0,0,0,0,0,0,0,1,0,1,1,1,-1,1,0
0,0,0,0,1,0,0,0,1,0,0,1,0,1,0,0,0,0,1,0,0,0,1,-1,1,0
1,0,0,1,1,0,0,0,1,0,1,1,0,0,1,0,0,0,1,0,0,1,1,-1,1,0
0,0,0,0,0,0,0,0,0,0,0,0,0,0,1,0,0,0,1,0,1,1,0,0,1,0
0,0,1,1,0,0,0,0,0,0,0,1,0,1,0,0,0,0,1,0,1,1,0,1,1,0
0,0,1,1,0,0,0,1,0,1,1,0,0,1,0,0,0,1,1,0,1,1,1,1,2,0
0,0,1,0,0,0,0,0,1,0,0,1,1,1,1,1,0,0,1,1,0,0,1,1,1,1
0,0,0,0,0,0,0,0,1,1,1,0,0,1,0,1,0,0,1,0,1,0,1,0,1,0
0,0,1,0,0,0,0,0,1,1,1,1,0,0,1,0,0,0,1,0,1,1,1,0,1,0
0,1,0,0,0,0,0,0,1,1,1,0,0,1,0,1,0,0,1,0,0,0,1,0,0,0
0,0,0,0,1,0,0,0,1,1,1,1,0,1,1,0,0,0,1,0,1,1,1,1,2,0
0,0,0,0,0,0,0,0,1,0,0,0,0,0,0,0,0,0,1,0,1,1,1,0,1,0
0,0,1,0,0,0,0,0,1,0,0,1,1,1,1,0,0,0,0,0,0,0,1,1,0,1
1,0,1,0,0,0,0,0,1,1,1,1,1,1,1,0,0,0,1,0,0,1,1,-1,0,1
0,0,1,0,0,1,0,0,1,0,0,1,0,1,1,0,0,0,0,0,0,1,2,0,0,1
0,0,0,0,0,0,0,0,1,0,0,0,0,1,1,0,0,0,1,0,0,0,1,1,0,0
0,0,0,0,0,0,0,0,1,0,0,0,0,1,1,0,0,0,1,0,0,1,1,0,0,0
0,0,1,0,0,0,0,0,1,0,0,1,0,1,0,0,0,0,0,0,0,0,1,0,0,0
0,0,1,0,0,0,0,0,1,1,1,1,0,0,0,0,0,0,1,0,1,0,1,-1,1,0
0,0,0,0,1,0,0,0,0,1,1,0,0,0,0,0,0,0,1,0,1,1,0,-1,2,0
0,0,1,0,0,0,0,0,1,0,0,0,0,1,1,0,0,0,1,0,0,1,1,1,0,0
0,0,1,0,0,0,0,0,1,0,1,0,0,1,1,0,0,0,1,0,0,0,1,1,0,0
0,1,0,0,0,0,0,0,1,1,1,1,0,1,1,0,0,0,1,0,0,0,1,1,0,0
0,0,0,0,0,0,0,0,1,1,1,0,0,1,0,0,0,0,1,0,0,1,1,1,0,0
0,0,1,0,0,0,0,0,0,0,0,0,0,0,0,0,0,1,0,0,0,0,0,-2,1,1
0,0,0,0,1,0,0,0,1,0,0,1,0,0,1,0,0,0,1,0,0,1,1,-2,1,0
0,0,1,0,0,0,0,0,0,0,0,1,0,1,0,0,0,1,1,0,1,1,0,1,2,0
0,0,1,0,0,0,0,0,1,0,0,1,0,1,0,0,0,0,1,0,0,0,1,1,0,0
0,0,0,0,0,0,0,0,1,0,1,0,0,0,1,0,0,0,1,0,0,0,1,-2,0,0
0,0,1,0,0,0,0,0,1,0,0,1,0,1,1,0,0,0,1,0,0,0,1,1,0,0
0,0,0,0,0,0,0,0,1,1,1,1,0,1,0,0,0,0,1,0,1,1,1,1,1,0
0,0,0,0,0,0,0,0,1,1,0,1,0,1,0,0,0,0,1,0,1,0,1,1,1,0
0,1,1,0,0,1,0,0,1,0,0,0,1,1,1,0,1,0,0,0,0,0,2,0,0,3
0,0,0,0,0,0,0,0,0,0,0,1,0,1,0,1,0,0,1,0,0,0,0,0,0,0
1,1,0,0,0,0,0,0,1,1,0,1,0,1,0,1,0,0,1,0,0,0,1,0,0,0
0,0,1,0,0,0,0,0,1,0,0,1,0,1,0,0,0,0,1,0,0,1,1,1,0,0
0,0,1,0,0,1,0,0,1,0,0,0,0,1,1,0,0,0,0,0,0,0,2,-1,0,1
0,0,0,0,0,1,0,0,1,0,0,0,0,0,0,0,0,0,0,0,0,0,2,-1,0,1
0,1,1,0,0,1,0,0,1,0,0,0,1,1,1,0,0,0,0,0,0,0,2,0,0,2
0,1,0,0,1,0,0,0,1,1,1,1,0,1,1,0,0,0,1,0,0,1,1,1,1,0
0,1,1,0,0,0,0,0,1,0,0,1,1,1,1,1,0,0,0,0,0,0,1,0,0,2
0,1,0,0,0,1,0,0,1,0,0,1,1,1,0,1,0,0,0,0,0,0,2,1,0,2
0,0,1,0,0,0,0,0,1,1,1,1,0,1,1,0,0,0,1,0,1,0,1,0,1,0
0,0,0,0,0,0,0,0,1,0,1,1,0,1,0,0,0,0,1,0,1,1,1,1,1,0
0,0,0,0,0,0,0,0,1,0,1,1,0,1,1,0,0,0,1,0,0,0,1,0,0,0
0,0,1,0,0,0,0,0,1,0,0,1,0,1,1,0,0,0,0,0,0,1,1,1,0,0
0,0,1,0,0,0,0,0,1,0,1,1,0,1,0,0,0,0,1,0,0,1,1,0,0,0
0,1,0,0,0,0,0,0,1,1,1,1,0,1,0,0,0,0,1,0,0,1,1,0,0,0
0,0,0,0,0,0,0,1,0,0,1,1,0,1,0,0,0,0,1,0,1,1,1,0,1,0
0,1,1,0,0,0,0,0,1,1,1,0,0,0,0,0,0,0,1,0,0,0,1,-1,0,0
1,0,1,1,0,0,0,0,0,0,0,0,0,0,0,0,0,0,1,0,1,0,0,0,1,0
0,0,1,0,0,0,0,0,1,0,0,0,0,0,0,0,0,1,0,0,0,0,1,-1,1,1
0,1,0,0,0,0,0,0,1,1,0,1,0,1,0,0,0,0,1,0,0,0,1,-1,0,0
1,1,0,0,0,0,0,0,0,1,1,0,0,0,1,0,0,0,1,0,0,0,0,-1,0,0
0,1,1,0,0,0,0,0,1,0,0,1,0,1,1,0,0,0,1,0,0,1,1,-1,0,0
0,0,0,0,0,0,0,0,1,1,1,1,0,1,1,0,0,0,1,0,1,0,1,1,1,0
0,0,0,0,0,0,0,0,0,0,0,1,0,1,0,0,0,0,0,0,1,0,0,1,1,0
1,0,1,1,0,0,0,0,1,0,0,0,0,0,0,0,0,0,0,0,0,1,1,0,0,0
0,0,0,0,1,0,0,0,1,0,1,0,0,0,0,0,0,1,1,0,1,1,1,-1,3,0
0,0,1,0,0,0,0,0,1,0,0,0,0,0,0,0,0,0,1,0,0,0,1,0,0,0
1,0,0,0,0,0,0,0,1,0,0,0,0,0,0,0,0,1,1,0,1,0,1,-1,2,0
0,0,0,1,0,0,0,0,1,0,1,1,0,1,1,0,0,0,1,0,0,1,1,0,0,0
0,0,1,1,1,0,0,1,0,0,1,1,0,1,0,0,0,1,1,0,1,1,1,0,3,0
0,0,1,0,0,0,0,0,1,1,1,1,0,1,1,0,0,0,1,0,0,1,1,0,0,0
0,0,1,0,0,0,0,0,1,0,0,0,0,0,0,0,0,0,0,0,0,1,1,-1,0,0
0,0,1,0,0,1,0,0,1,0,0,1,1,1,0,1,0,0,0,0,0,0,2,1,0,2
0,0,0,1,0,0,0,0,0,0,0,1,0,1,1,0,0,1,1,0,1,1,0,0,2,0
0,1,1,0,0,0,0,0,1,1,1,1,0,1,0,0,0,0,1,0,1,1,1,0,1,0
0,0,0,1,0,0,0,1,0,0,1,1,0,0,0,0,0,0,1,0,1,0,1,0,1,0
0,0,1,0,1,0,0,0,1,0,0,1,0,1,1,1,0,0,1,0,0,0,1,0,1,0
0,0,1,0,0,1,0,1,0,0,0,1,0,1,0,0,0,0,0,0,0,0,2,0,0,1
0,0,0,0,0,0,0,0,1,1,0,1,0,1,1,0,0,0,1,0,1,1,1,1,1,0
1,1,0,0,0,0,0,0,1,0,1,0,0,1,1,0,0,0,1,0,0,0,1,1,0,0
0,0,1,0,0,1,0,0,1,0,0,1,1,1,0,1,1,0,0,0,0,0,2,0,0,2
0,0,1,0,0,0,0,0,1,1,1,0,0,0,0,0,0,0,1,0,0,1,1,-2,0,0
0,1,1,0,0,1,0,0,1,0,0,0,0,1,0,0,0,0,0,0,0,0,2,1,0,1
0,0,0,0,0,0,0,0,1,0,0,1,0,1,0,0,0,0,1,0,0,1,1,1,0,0
0,0,1,0,0,0,0,0,1,0,0,0,0,0,0,0,0,0,0,0,0,0,1,-1,0,1
1,0,1,0,1,0,0,0,0,0,0,0,0,0,0,0,0,1,1,0,1,1,0,0,3,0
0,1,0,0,0,0,0,0,1,1,1,0,0,1,0,0,1,0,1,0,0,0,1,0,0,0
0,0,1,0,0,1,0,0,1,0,0,1,0,1,0,0,0,0,0,0,0,1,2,-1,0,1
0,0,0,0,0,1,0,0,1,0,0,0,0,1,1,0,0,0,0,0,0,0,2,0,0,1
0,0,0,0,1,0,0,0,1,1,1,0,0,0,0,0,0,0,1,0,1,1,1,-1,2,0
0,1,0,1,1,0,0,1,0,1,1,1,0,1,0,0,0,1,1,0,1,1,1,0,3,1
0,0,1,0,0,0,0,0,1,1,1,1,0,1,1,0,0,0,1,0,0,1,1,1,0,0
0,0,0,0,0,0,0,1,0,1,1,0,0,1,0,0,0,1,1,0,0,1,1,-1,1,0
0,0,1,0,0,0,0,0,1,0,0,1,0,0,1,0,0,0,1,0,0,1,1,-1,0,0
1,0,1,0,0,0,0,0,1,0,0,1,0,1,0,0,0,0,0,0,0,0,1,1,0,0
0,0,0,1,1,0,0,1,0,0,0,1,0,1,1,0,0,1,1,0,0,1,1,1,2,0
0,1,0,0,0,1,0,0,0,0,0,1,1,1,1,0,0,0,0,0,0,0,1,1,0,2
0,1,0,1,1,0,0,0,1,1,1,1,0,1,1,0,0,0,1,0,0,1,1,-1,1,0
0,0,0,0,0,0,0,0,0,1,1,0,0,1,1,0,0,0,1,0,0,1,0,0,0,0
0,0,0,0,0,0,0,0,1,0,0,0,0,0,1,0,0,0,1,0,1,0,1,0,1,0
0,0,0,1,1,0,0,0,0,0,0,0,0,0,0,0,0,1,1,0,1,0,0,0,3,0
0,1,0,0,0,0,0,0,1,0,0,1,0,1,0,0,0,0,1,0,0,0,1,1,0,0
0,1,0,0,0,1,0,0,1,0,0,1,0,1,1,1,0,0,0,0,0,0,2,1,0,1
1,0,0,0,0,0,0,0,0,0,0,0,0,0,0,0,0,0,0,0,0,1,0,0,0,0
0,0,0,0,0,0,0,0,1,0,0,1,0,1,1,0,0,0,0,0,0,0,1,0,0,0
0,0,1,0,0,0,0,0,1,0,1,1,0,1,1,0,0,0,1,0,0,0,1,0,0,0
0,0,1,0,0,0,0,0,0,1,1,0,0,0,0,0,0,0,1,0,1,1,0,0,1,0
1,0,0,0,0,0,0,0,1,0,1,0,0,0,0,0,0,1,1,0,1,0,1,0,2,0
1,0,1,0,0,0,0,0,1,0,0,1,1,1,1,0,0,0,0,0,0,0,1,0,0,1
0,1,0,0,0,0,0,0,1,0,1,1,0,0,1,0,0,0,1,0,0,0,1,-2,0,0
0,0,1,0,0,0,0,0,1,0,0,1,0,1,0,0,0,1,1,0,1,1,1,1,2,0
0,0,1,0,0,0,0,0,1,0,0,1,0,1,1,0,0,0,1,1,0,1,1,0,1,0
0,1,1,0,0,0,0,0,1,0,0,1,1,1,1,1,0,0,0,0,0,0,1,0,0,2
0,0,0,0,0,0,0,0,0,1,1,0,0,0,1,0,0,0,1,0,1,1,0,0,1,0
0,1,1,0,0,1,0,0,1,0,0,0,0,1,1,0,0,0,0,0,0,0,2,0,0,1
0,0,1,0,0,0,0,0,1,0,0,1,0,1,1,0,0,0,0,0,0,0,1,1,0,0
1,0,0,0,0,0,0,0,1,1,1,0,0,0,0,0,0,0,1,0,1,1,1,-1,1,0
0,1,1,0,0,0,0,0,1,0,0,1,0,1,1,0,0,0,1,0,0,0,1,-1,0,0
0,0,1,0,0,1,0,0,1,0,0,0,1,1,0,0,0,0,0,0,0,0,2,1,0,3
0,0,1,0,0,1,0,0,1,0,0,0,0,1,0,0,0,0,0,0,0,0,2,0,0,1
0,0,1,0,0,0,0,0,1,1,1,0,0,1,1,0,0,0,1,0,0,1,1,-1,0,0
0,0,0,0,0,0,0,0,1,1,1,1,0,1,1,0,0,0,1,0,0,1,1,1,0,0
0,0,1,0,1,0,0,1,0,1,1,0,0,0,1,0,0,0,1,0,1,1,1,-1,2,0
0,1,0,0,0,0,0,0,0,0,0,1,0,1,0,0,0,0,1,0,0,0,0,0,0,0
0,0,1,0,0,0,0,0,1,1,1,1,0,1,0,0,0,0,1,0,1,0,1,0,1,0
1,0,0,0,1,0,0,0,1,0,0,0,0,0,1,0,0,0,1,0,0,1,1,0,1,0
0,0,0,0,0,0,0,0,0,0,0,1,0,0,1,1,0,0,1,0,0,0,0,0,0,0
0,0,1,1,1,0,0,0,1,0,0,1,0,1,0,0,0,0,1,0,0,1,1,-1,1,0
1,0,0,0,0,0,0,0,1,0,0,0,0,0,0,0,0,0,0,0,1,0,1,-1,1,0
0,0,0,1,1,0,0,0,1,0,1,1,0,1,1,0,0,0,1,1,0,1,1,0,2,0
0,0,0,1,0,0,0,1,0,0,0,1,0,0,0,0,0,1,1,0,1,1,1,0,2,0
1,0,0,0,0,0,0,0,1,0,0,0,0,0,1,0,0,0,1,1,1,1,1,0,2,0
0,0,1,0,0,1,0,0,1,0,0,0,0,1,1,1,0,0,0,0,0,1,2,1,0,1
0,0,0,0,0,0,0,0,1,0,1,0,0,0,0,1,0,0,1,0,1,1,1,-2,1,0
0,1,1,0,0,0,0,0,1,0,0,1,0,1,1,1,0,0,1,0,0,0,1,-1,0,0
0,0,0,0,0,0,0,0,1,0,0,0,0,1,0,0,0,0,1,0,1,0,1,1,1,0
0,1,1,0,0,1,0,0,1,0,0,0,1,1,0,0,1,0,0,0,0,0,2,1,0,2
0,0,1,1,0,0,0,0,1,1,0,0,0,1,0,0,0,0,1,0,1,0,1,0,1,0
1,0,0,0,0,0,0,0,1,1,0,0,0,0,0,0,0,0,1,0,0,0,1,0,0,0
0,0,0,0,0,0,0,0,1,0,0,1,0,1,0,0,0,0,1,0,0,0,1,0,0,0
1,1,0,0,0,0,0,0,1,0,1,1,0,1,1,0,0,0,1,0,0,0,1,0,0,0
0,1,1,0,0,0,0,0,1,1,1,1,0,1,1,0,0,0,1,0,0,0,1,-1,0,0
0,0,0,0,0,0,0,0,1,0,0,0,0,1,1,1,0,0,0,0,0,0,1,1,0,0
0,0,0,0,0,1,0,0,1,0,0,0,0,1,1,0,0,0,0,0,0,0,2,1,0,1
0,0,0,1,0,0,0,0,1,0,0,1,0,1,0,0,0,0,1,0,0,0,1,-1,0,0
0,0,0,0,0,0,0,0,1,0,0,1,1,1,0,1,1,0,0,0,0,0,1,1,0,2
0,0,1,0,0,0,0,0,0,0,0,0,0,1,0,0,0,0,0,0,1,1,0,1,1,0
0,0,0,0,0,0,0,0,1,1,0,1,0,1,0,0,0,0,1,0,1,0,1,0,1,0
0,0,1,0,0,1,0,0,1,0,0,0,0,1,1,0,0,0,0,0,0,0,2,1,0,1
1,0,1,0,0,0,0,0,1,0,0,0,0,0,1,0,0,1,0,0,0,1,1,-1,1,1
0,1,1,0,0,1,0,0,1,0,0,1,1,1,0,1,1,0,0,0,0,0,2,0,0,3
0,0,1,0,0,0,0,0,0,1,1,1,0,0,1,0,0,0,1,0,0,1,0,0,0,0
0,0,0,0,0,0,1,0,1,1,1,0,0,1,1,0,0,0,1,0,0,1,2,-1,0,0
0,1,1,0,0,0,0,0,1,1,1,0,0,1,0,0,0,0,1,0,0,0,1,0,0,0
0,0,0,0,0,0,0,0,1,0,0,1,0,1,1,1,0,0,1,0,0,0,1,1,0,0
0,0,1,0,1,0,0,1,0,1,1,1,0,1,0,0,0,1,1,0,1,1,1,0,3,0
0,0,0,0,0,0,0,1,0,0,1,1,0,1,0,0,0,1,1,0,1,1,1,0,2,0
0,1,0,0,0,0,0,0,1,1,1,0,0,0,0,0,0,0,1,0,1,0,1,0,1,0
1,0,0,0,0,1,0,0,1,0,0,0,0,0,0,0,0,0,1,0,1,0,2,0,1,1
0,0,1,0,0,0,0,0,1,0,0,1,0,1,0,0,0,0,1,0,0,0,1,-1,0,0
0,1,1,0,0,0,0,0,1,0,0,1,1,0,1,1,0,0,0,0,0,0,1,-1,0,1
0,0,0,0,0,0,0,1,0,1,1,1,0,1,0,0,0,1,1,0,0,1,1,1,1,0
0,0,0,0,0,0,0,0,0,0,0,0,0,0,0,0,0,0,1,0,0,0,0,-1,0,0
0,0,0,0,0,0,0,0,1,0,0,0,0,1,1,0,0,0,0,0,0,0,1,0,0,0
0,0,0,0,0,0,0,0,1,1,1,0,0,1,1,0,0,0,1,0,1,0,1,1,1,0
0,0,0,0,0,0,0,0,1,0,0,1,0,1,1,0,0,0,1,0,1,0,1,1,1,0
0,0,1,0,0,0,0,0,1,0,0,1,0,1,1,0,0,0,1,0,0,0,1,-1,0,0
0,0,1,0,0,0,0,0,1,1,1,1,0,1,0,0,0,0,1,0,0,1,1,1,0,0
0,0,0,0,0,1,0,0,1,0,0,1,1,1,0,1,0,0,0,0,0,0,2,1,0,2
0,0,1,0,0,0,0,0,0,1,1,0,0,0,1,0,0,0,0,0,1,0,0,-1,1,0
0,1,1,0,0,0,0,0,1,0,0,1,0,0,0,0,0,0,1,0,0,1,1,-1,0,0
0,0,0,0,0,0,0,0,1,1,1,0,0,0,1,0,0,0,1,0,1,1,1,0,1,0
0,0,1,0,0,0,0,0,0,0,0,0,0,0,0,0,0,0,1,0,1,1,0,0,1,0
0,0,0,0,0,0,0,0,1,1,1,0,0,0,0,1,0,0,1,0,1,1,1,0,1,0
1,0,1,0,0,1,0,0,1,0,0,0,1,0,1,0,0,1,0,0,0,0,2,-1,1,2
1,0,1,0,0,1,0,0,1,0,0,0,0,1,0,0,0,0,0,0,1,0,2,1,1,1
0,0,0,0,0,1,0,0,1,0,0,0,0,0,0,0,0,0,0,0,0,0,2,-1,0,1
0,0,0,0,0,1,0,1,0,1,1,0,0,0,1,0,0,1,1,0,1,1,2,-1,2,1
0,0,0,0,0,0,0,0,1,0,1,0,0,0,1,0,0,0,1,0,0,1,1,0,0,0
0,0,0,0,0,0,0,0,1,0,0,1,0,1,0,0,0,0,1,0,0,0,1,0,0,0
0,0,1,0,1,0,0,0,1,0,0,1,0,1,1,0,0,0,1,0,1,1,1,0,2,0
0,0,0,0,1,0,0,0,1,0,0,1,0,1,1,1,0,0,1,0,0,0,1,0,1,0
0,0,0,1,1,0,0,1,0,0,0,1,0,1,0,0,0,1,1,0,0,0,1,0,2,0
0,0,1,0,0,0,0,0,1,0,0,0,0,0,1,0,0,0,1,0,0,0,1,-1,0,0
0,0,1,0,0,1,0,0,1,0,0,1,1,1,0,0,0,0,0,0,0,0,2,0,0,3
1,0,1,0,0,0,0,0,0,0,1,0,0,0,0,0,0,0,1,0,0,1,0,-1,0,0
0,0,1,0,0,0,0,0,1,0,0,0,0,1,0,0,0,0,0,0,0,0,1,0,0,0
0,0,1,0,0,0,0,0,1,0,0,1,1,1,1,0,0,0,1,0,0,0,1,0,0,1
0,0,1,0,0,0,0,1,0,1,1,0,0,0,1,0,0,1,1,0,1,1,1,0,2,0
0,0,0,0,0,0,0,0,1,0,0,0,0,0,0,0,0,0,1,0,0,1,1,-1,0,0
0,0,1,0,0,0,0,0,1,0,1,1,0,1,0,0,0,0,1,0,0,1,1,0,0,0
0,0,0,1,0,0,0,0,0,0,0,1,0,1,0,0,0,1,1,0,1,1,0,0,2,0
0,0,1,0,0,1,0,0,0,0,0,1,1,1,0,0,0,0,0,0,0,0,1,1,0,3
0,0,0,0,0,1,0,0,1,0,0,1,1,1,0,0,1,0,0,0,0,0,2,1,0,4
0,1,1,0,0,0,0,0,1,0,0,1,1,1,1,0,0,0,0,0,0,0,1,0,0,2
0,0,1,1,0,0,0,0,0,1,1,1,0,1,1,0,0,0,1,0,0,1,0,0,0,0
0,0,0,0,0,0,0,0,1,1,1,0,0,0,1,1,0,0,1,0,0,0,1,-2,0,0
0,0,0,0,0,1,0,0,1,0,0,0,0,0,0,1,0,0,0,0,0,0,2,-2,0,1
0,0,0,0,0,0,0,0,0,0,1,1,0,1,0,0,0,0,1,0,0,1,0,1,0,0
0,0,1,1,1,0,0,0,0,1,1,1,0,1,1,0,0,0,1,0,0,1,0,-1,1,0
0,0,1,0,0,1,0,0,1,0,0,0,0,1,1,1,0,0,0,0,0,1,2,0,0,1
0,0,1,0,0,0,0,0,1,1,1,0,0,0,0,1,0,0,1,0,0,0,1,-2,0,0
0,0,1,1,0,0,0,1,0,0,0,0,0,0,1,0,0,0,1,0,0,1,1,0,0,0
0,0,0,0,0,0,0,0,1,0,1,0,0,1,1,0,0,0,1,0,0,1,1,0,0,1
0,0,1,0,0,0,0,0,1,1,1,1,1,1,0,0,0,0,1,0,0,0,1,0,0,1
0,0,0,0,0,0,0,0,1,0,0,0,0,0,0,1,0,0,0,0,0,0,1,-1,0,0
0,0,1,0,0,1,1,0,0,0,0,1,0,1,1,0,0,0,0,0,0,0,2,-1,0,1
0,0,0,1,0,0,0,1,0,0,0,1,0,1,0,0,0,1,1,0,0,1,1,1,1,0
0,0,1,0,0,0,0,1,0,0,0,1,0,1,0,0,0,1,1,0,0,1,1,1,1,0
0,1,1,0,0,1,0,0,1,0,0,1,0,1,0,0,0,0,0,0,0,0,2,1,0,1
0,0,1,1,0,0,0,0,0,1,1,1,0,1,1,0,0,0,1,0,1,1,0,0,1,0
0,0,0,0,0,1,0,0,1,0,0,1,1,1,1,0,0,0,0,0,0,0,2,1,0,2
1,0,0,0,0,0,0,0,1,0,0,0,0,0,1,0,0,0,1,0,0,0,1,0,0,0
0,0,1,0,0,0,1,0,1,0,0,0,0,1,0,0,0,0,1,0,0,0,2,-1,0,0
0,0,0,0,0,0,0,0,0,0,0,1,0,1,0,0,0,1,1,0,0,1,0,1,1,0
0,1,1,0,0,0,0,0,1,0,0,1,0,1,0,0,0,0,1,0,0,1,1,0,0,0
0,0,1,0,0,0,0,0,1,0,0,1,0,1,0,0,0,0,1,0,0,1,1,0,0,0
0,0,0,0,0,0,0,0,0,1,1,1,0,1,1,0,0,0,1,0,0,1,0,1,0,0
0,0,1,0,0,1,0,0,1,0,0,1,1,1,0,0,0,0,0,0,0,0,2,1,0,2
0,0,0,0,0,0,0,0,1,1,0,1,0,1,1,0,0,0,1,0,0,0,1,-1,0,0
0,0,0,0,1,0,0,0,1,0,1,0,0,0,0,0,0,0,1,0,1,0,1,0,2,0
0,0,0,0,0,0,0,0,0,1,1,0,0,0,0,0,0,1,1,0,1,1,0,0,2,0
0,0,1,0,0,0,0,0,1,0,0,0,0,0,1,1,0,0,0,0,0,0,1,-1,0,0
0,0,0,0,0,0,0,0,1,0,0,1,0,1,1,1,0,0,1,0,0,0,1,0,0,0
0,0,0,0,0,0,0,0,1,0,1,1,0,1,1,0,0,0,1,0,0,1,1,0,0,0
0,0,0,0,0,0,0,0,1,1,1,1,0,1,1,0,0,0,1,0,0,0,1,-1,0,0
0,0,0,0,0,0,0,0,1,0,0,1,0,1,0,0,0,0,1,0,0,0,1,0,0,0
0,0,0,0,0,1,0,1,0,0,0,0,0,0,0,0,0,1,0,0,0,1,2,0,1,2
1,1,0,0,0,0,0,0,0,1,1,0,0,0,1,0,0,0,1,0,0,0,0,-2,0,0
1,0,1,0,0,0,0,0,1,0,0,1,0,0,0,0,0,0,0,0,1,0,1,-1,1,1
0,1,0,0,0,0,0,0,1,0,0,1,0,1,0,1,0,0,1,0,0,0,1,1,0,0
0,0,0,0,0,0,0,0,1,0,1,1,0,1,1,0,0,0,1,1,0,0,1,0,1,0
0,0,0,0,0,0,0,0,1,1,0,1,0,1,1,0,0,0,1,0,0,0,1,-1,0,0
0,0,0,0,0,0,0,1,0,0,1,0,0,0,1,0,0,1,1,0,1,1,1,0,2,0
0,0,1,0,0,0,0,0,1,0,0,1,0,1,1,0,0,0,0,0,0,0,1,0,0,0
0,0,1,0,0,0,0,0,1,0,0,1,0,1,0,0,0,0,0,0,0,1,1,-1,0,0
0,1,0,0,0,1,0,0,1,0,0,1,0,1,0,0,0,0,1,0,0,1,2,1,0,1
0,0,0,0,0,0,0,0,1,0,1,1,0,1,1,0,0,0,1,0,1,1,1,0,1,0
1,1,0,0,0,0,0,0,1,0,0,0,0,0,0,0,0,0,1,0,1,1,1,0,1,0
0,0,0,0,1,0,0,0,0,0,1,0,0,1,1,0,0,0,1,0,1,1,0,1,2,0
0,1,1,0,0,0,0,0,1,0,0,1,0,0,1,0,0,0,1,0,1,1,1,0,1,0
0,0,0,0,0,0,0,0,1,0,1,1,0,1,1,0,0,0,1,0,0,1,1,1,0,0
0,0,1,0,0,0,0,0,1,1,0,1,0,1,1,0,0,0,1,0,0,1,1,0,0,0
0,0,0,0,0,0,0,0,0,0,0,1,0,1,0,0,0,0,1,1,0,0,0,0,1,0
0,0,0,0,0,0,0,0,1,1,1,0,0,0,1,0,0,0,1,0,0,1,1,-1,0,0
0,0,0,0,0,0,0,0,0,0,1,0,0,1,1,0,0,0,1,0,0,0,0,1,0,0
0,0,0,0,0,0,0,0,1,1,0,0,0,1,1,1,0,0,1,0,0,0,1,1,0,0
0,0,1,0,0,0,0,0,0,0,0,0,0,1,0,0,0,0,1,0,0,0,0,0,0,0
0,0,0,0,0,0,0,0,0,0,0,1,0,1,0,0,0,0,0,0,1,0,0,1,1,0
0,0,0,0,0,1,0,0,1,0,0,0,0,1,0,1,0,0,0,0,0,0,2,1,0,1
0,0,0,0,0,0,0,0,1,0,0,1,0,1,0,0,0,0,1,0,1,1,1,0,1,0
0,0,0,0,0,0,0,0,1,0,0,1,0,0,1,0,0,0,1,0,0,0,1,0,0,0
0,0,1,0,0,1,0,0,1,0,0,1,0,1,1,0,0,0,0,0,0,0,2,-1,0,1
0,0,1,0,0,0,0,0,1,1,1,1,0,1,1,0,0,0,1,0,0,1,1,-1,0,0
1,0,1,0,0,0,0,0,1,0,1,0,0,0,0,0,0,0,1,0,0,1,1,-1,0,0
0,0,1,0,1,0,0,1,0,0,1,0,0,0,1,0,0,1,1,0,1,1,1,0,3,0
0,1,1,0,0,0,0,0,1,1,0,1,0,1,1,0,0,0,1,0,0,0,1,-1,0,0
0,0,1,0,0,0,0,0,1,0,0,0,0,1,0,0,0,0,0,0,0,0,1,1,0,0
0,1,0,0,0,0,0,0,1,1,1,1,0,1,1,0,0,0,1,0,0,0,1,0,0,0
0,0,1,0,0,0,0,0,1,1,0,1,0,1,1,0,0,0,1,0,0,1,1,-1,0,0
0,1,0,0,0,1,0,0,1,0,0,1,1,1,1,0,0,0,0,0,0,0,2,0,0,3
0,1,1,0,0,1,0,0,1,0,0,1,1,1,0,1,1,0,0,0,0,0,2,0,0,3
0,1,1,0,0,0,0,0,1,0,1,1,0,1,1,0,0,0,1,0,1,1,1,1,1,0
0,1,0,0,1,0,0,0,1,0,0,1,0,1,0,0,0,0,1,0,0,1,1,0,1,0
0,0,0,0,0,0,0,0,1,0,0,0,0,1,1,1,0,0,0,0,0,1,1,0,0,0
0,0,0,0,0,1,0,0,1,0,0,0,0,0,0,0,0,0,1,0,1,1,2,-2,1,1
0,0,1,0,0,0,0,0,1,1,1,0,0,0,1,0,0,0,1,0,0,1,1,0,0,0
1,1,0,0,0,1,0,0,0,1,1,0,0,0,1,0,0,0,1,0,1,0,1,0,1,1
1,1,0,0,0,0,0,0,0,0,0,0,0,0,0,0,0,0,1,0,1,0,0,0,1,0
0,0,0,0,0,0,0,0,1,0,0,0,0,1,0,0,0,0,0,0,1,0,1,1,1,0
0,0,0,0,0,0,0,0,1,1,1,0,0,0,1,0,0,0,1,0,0,1,1,-1,0,0
0,0,1,0,0,0,0,0,1,0,0,1,0,1,1,0,0,0,1,0,0,0,1,-1,0,0
0,1,1,0,0,1,0,0,1,0,0,1,1,1,1,0,0,0,0,0,0,0,2,-1,0,3
0,0,0,0,0,0,0,0,0,0,0,1,0,0,0,0,0,0,0,0,0,1,0,-1,0,0
0,0,1,0,0,0,0,0,0,0,1,0,0,1,1,0,0,1,1,0,1,0,0,1,2,0
0,0,1,0,0,0,0,0,1,1,0,0,0,1,1,0,0,0,1,0,0,0,1,0,0,0
0,0,1,1,0,0,0,0,0,0,1,1,0,1,0,0,0,0,1,0,1,0,0,0,1,0
0,0,0,0,0,0,0,0,1,0,0,0,0,0,1,0,0,0,1,0,0,1,1,-2,0,0
0,0,1,0,0,1,0,0,1,0,0,1,0,1,0,0,0,0,0,0,0,0,2,0,0,1
0,0,1,0,0,1,0,0,1,0,0,1,0,1,1,0,0,0,0,0,0,0,2,0,0,1
0,0,0,0,0,0,0,0,1,1,1,1,0,0,0,1,0,0,1,0,0,0,1,-2,0,0
0,0,0,0,0,0,0,0,1,0,0,1,0,0,1,0,0,0,1,0,0,1,1,-1,0,0
0,0,0,0,0,0,0,0,1,1,1,1,0,1,1,0,0,0,1,0,0,0,1,0,0,0
0,1,1,0,0,0,0,0,1,0,0,1,0,1,1,0,0,0,1,0,0,0,1,-1,0,0
0,0,1,0,0,0,0,1,0,0,0,0,0,1,1,0,0,0,1,0,0,1,1,1,0,0
1,0,1,0,0,0,0,0,1,0,0,0,0,0,0,0,0,0,0,0,0,1,1,-1,0,0
0,0,1,0,0,0,0,0,0,0,0,0,0,0,0,0,0,1,1,0,0,0,0,0,1,0
0,0,1,1,1,0,0,1,0,0,0,1,0,1,0,0,0,1,1,0,1,1,1,1,3,0
1,1,1,0,0,0,0,0,1,0,0,0,1,1,1,0,0,0,0,0,0,0,1,1,0,1
0,0,0,0,0,0,0,0,1,0,0,0,0,0,0,0,0,0,0,0,0,0,1,-1,0,0
0,0,0,0,0,0,0,0,1,0,0,1,0,1,0,0,0,0,1,0,0,1,1,-1,0,0
0,0,0,1,1,0,0,1,0,1,1,1,0,1,0,0,0,1,1,0,1,1,1,0,3,0
0,0,1,0,1,0,0,0,1,0,0,1,0,1,1,0,0,0,1,0,0,1,1,0,1,0
0,1,0,0,0,0,0,0,1,0,1,1,0,1,0,0,0,0,1,0,0,0,1,1,0,0
0,0,0,0,0,0,0,0,0,0,0,0,0,1,1,0,0,0,1,0,0,0,0,-1,0,0
0,0,0,0,0,0,0,0,1,1,1,1,0,1,1,1,0,0,1,0,0,0,1,0,0,0
0,0,1,0,0,1,0,0,1,0,0,1,1,1,0,0,0,0,0,0,0,0,2,0,0,2
1,0,1,0,0,0,0,0,1,0,0,0,0,0,0,0,0,1,1,0,1,0,1,0,2,0
0,1,0,0,0,0,0,0,0,0,0,1,0,1,0,0,0,0,1,0,0,0,0,0,0,0
0,0,1,0,1,0,0,1,0,0,1,1,0,1,1,0,0,0,1,0,1,1,1,0,2,0
0,1,1,0,0,0,0,0,1,0,0,1,0,1,1,0,0,0,1,0,0,1,1,0,0,0
0,0,1,0,1,0,0,0,1,0,0,1,0,1,1,0,0,0,1,0,1,0,1,1,2,0
0,0,0,1,1,0,0,0,1,0,1,1,0,1,0,0,0,0,1,0,1,1,1,0,2,0
0,0,1,0,0,0,0,0,1,0,0,1,0,1,1,0,0,0,1,0,0,0,1,-1,0,0
0,0,1,0,0,1,0,0,1,0,0,1,0,1,1,1,1,0,0,0,0,0,2,1,0,1
0,0,0,1,0,0,0,0,0,0,0,0,0,0,0,0,0,1,0,0,1,1,0,0,2,0
0,0,0,0,0,0,0,0,1,0,1,1,0,1,0,0,0,0,1,0,1,1,1,1,1,0
0,0,0,0,0,0,0,0,0,0,0,1,0,1,0,0,0,0,1,0,0,0,0,0,0,0
0,1,1,0,0,0,0,0,1,0,0,1,0,1,0,0,0,0,1,0,0,1,1,0,0,0
0,0,0,0,0,0,0,0,0,0,0,0,0,0,0,0,0,1,1,0,1,0,0,-1,2,0
0,1,0,0,0,1,0,0,1,0,0,0,0,0,1,0,0,0,1,0,1,0,2,0,1,1
0,0,1,0,0,0,0,0,1,0,0,1,0,1,0,0,0,0,1,1,0,1,1,0,1,0
0,0,0,0,0,1,0,1,0,0,0,0,0,0,0,0,0,1,0,0,1,0,2,0,2,1
0,0,0,0,0,0,0,0,1,0,0,1,0,1,1,1,0,0,1,0,0,1,1,1,0,0
0,0,0,0,0,0,0,1,0,0,1,1,0,1,1,0,0,0,1,1,0,1,1,0,1,0
0,0,1,0,0,0,0,0,1,0,0,1,0,0,1,0,0,0,1,0,1,1,1,0,1,0
0,1,1,0,0,0,0,0,1,0,0,1,1,1,1,1,0,0,0,0,0,0,1,1,0,1
0,0,1,0,0,0,0,0,1,0,0,1,0,1,0,0,0,0,0,0,0,0,1,0,0,0
0,0,0,1,0,0,0,0,1,0,0,1,0,1,0,0,0,0,1,1,0,1,1,-1,1,1
0,0,0,0,0,0,0,0,1,1,1,0,0,1,0,0,0,0,1,0,1,1,1,1,1,0
0,0,0,0,0,0,0,0,1,1,1,1,0,1,1,0,0,0,1,0,1,1,1,0,1,0
0,0,0,1,0,0,0,0,0,1,1,1,0,0,1,0,0,0,1,0,0,1,0,-1,0,0
0,0,0,0,0,0,0,0,1,0,0,0,0,0,1,0,0,0,1,0,1,1,1,0,1,0
0,1,0,0,0,1,0,1,0,0,0,0,0,0,1,1,0,0,0,0,1,0,2,-1,1,1
0,0,0,1,0,0,0,0,0,1,1,0,0,1,1,0,0,0,1,0,0,1,0,-1,0,0
0,0,1,0,0,0,0,1,0,0,1,0,0,0,0,0,0,1,1,0,1,0,1,0,2,0
0,0,0,0,1,0,0,0,1,1,1,1,0,1,0,0,0,0,1,0,1,0,1,1,2,0
0,1,1,0,0,0,0,0,1,1,0,1,0,1,1,0,0,0,1,0,0,0,1,0,0,0
0,1,1,0,0,1,0,0,1,0,0,1,1,0,1,1,0,0,0,0,0,0,2,-1,0,3
0,0,1,0,0,0,0,0,1,1,0,0,0,1,1,0,0,0,1,0,0,0,1,-1,0,0
1,1,0,0,0,0,0,0,0,1,0,0,0,0,0,0,0,0,1,0,1,1,0,0,1,0
1,0,0,0,0,0,0,0,1,0,0,0,0,0,0,0,0,0,1,0,0,0,1,-1,0,0
0,0,1,1,0,0,0,0,0,0,0,1,0,1,0,0,0,0,1,0,0,1,0,1,0,0
0,1,0,0,0,0,0,0,0,0,0,0,0,1,1,0,0,0,1,0,0,0,0,1,0,0
0,0,1,0,0,0,0,0,1,0,0,1,0,1,0,0,0,1,1,0,0,1,1,1,1,0
0,1,0,0,0,0,0,0,1,0,0,0,0,0,1,0,0,0,0,0,0,0,1,-1,0,1
0,0,0,0,1,0,0,0,0,0,1,1,0,1,0,0,0,0,1,0,1,1,0,1,2,0
0,0,1,0,0,0,0,0,1,0,0,0,0,1,1,0,0,0,1,0,0,1,1,0,0,0
0,0,0,0,0,0,0,0,0,0,0,0,0,0,0,0,0,0,0,0,0,0,0,-1,0,1
0,0,0,0,0,1,0,0,1,0,0,1,0,0,0,0,0,0,0,0,0,0,2,-1,0,1
0,0,0,0,0,1,0,0,1,0,0,0,0,0,0,0,0,0,0,0,1,1,2,-1,1,1
0,0,1,0,0,0,0,0,1,0,1,1,0,1,1,0,0,0,1,0,0,1,1,0,0,0
0,0,1,0,0,0,0,0,1,0,0,0,0,1,1,1,0,0,1,0,0,1,1,0,0,0
1,0,1,1,0,0,0,0,1,0,0,0,0,0,0,0,0,0,1,0,0,0,1,0,0,0
0,0,1,0,0,1,0,0,1,0,0,1,0,1,0,0,0,0,0,0,1,0,2,1,1,1
0,0,1,0,0,0,0,0,1,1,0,1,0,1,1,0,0,0,1,0,0,1,1,1,0,0
0,0,0,1,1,0,0,0,1,1,1,1,0,1,1,0,0,0,1,0,1,1,1,1,2,0
0,0,1,0,1,0,0,0,0,0,1,1,0,0,0,0,0,1,1,0,1,1,0,-2,3,0
0,0,1,1,1,0,0,0,1,0,1,0,0,0,1,0,0,1,1,0,1,1,1,0,3,0
0,1,0,0,0,1,0,0,1,0,0,1,0,1,0,0,0,0,1,0,0,0,2,0,0,1
0,0,0,0,0,0,0,0,0,1,1,0,0,0,0,0,0,0,1,0,0,1,0,-2,0,0
0,0,0,0,0,0,0,0,1,0,1,1,0,1,1,0,0,0,1,0,1,0,1,1,1,0
0,0,1,0,1,0,0,0,1,1,0,1,0,1,1,0,0,0,1,0,0,1,1,-1,1,0
0,0,1,0,0,1,0,0,1,0,0,1,0,1,0,0,0,0,0,0,0,0,2,0,0,2
0,0,0,0,0,0,0,1,0,1,1,0,0,0,0,0,0,1,1,0,1,1,1,-1,2,0
0,1,0,0,0,0,0,0,1,0,0,1,0,0,1,1,0,0,1,0,0,0,1,0,0,0
0,0,1,0,0,1,0,0,1,0,0,1,0,1,0,1,0,0,0,0,0,0,2,1,0,1
0,0,1,1,1,0,0,0,1,0,1,0,0,1,0,0,0,0,1,0,0,1,1,0,1,0
0,0,1,0,1,0,0,0,1,0,1,0,0,0,1,0,0,0,1,0,1,1,1,-1,2,0
0,0,0,0,0,0,0,1,0,1,1,0,0,1,0,0,0,0,1,0,1,1,1,1,1,0
0,0,1,0,0,0,0,1,0,0,0,1,0,1,0,0,0,1,1,0,1,1,1,0,2,0
0,0,1,0,0,1,0,0,1,0,0,0,0,1,1,0,0,0,0,0,0,0,2,0,0,2
0,0,1,1,0,0,0,0,0,0,1,1,0,1,0,0,0,0,1,0,1,1,0,1,1,0
0,0,0,1,1,0,0,0,1,0,1,0,0,0,1,0,0,0,1,0,0,0,1,-1,1,1
0,0,0,0,0,0,0,0,1,0,1,0,1,0,0,0,0,0,1,0,0,1,1,-1,0,2
0,0,0,0,0,1,0,1,0,0,1,0,0,0,0,0,0,1,1,0,1,1,2,-1,2,1
0,0,0,0,0,0,0,0,1,0,0,0,0,1,0,0,0,0,0,0,1,0,1,1,1,0
0,1,0,0,0,1,0,0,1,0,0,1,0,1,1,1,0,0,0,0,0,0,2,1,0,1
0,1,0,0,0,1,0,0,1,0,0,0,0,1,0,1,0,0,0,0,1,0,2,1,1,1
0,0,0,0,0,0,0,0,1,0,1,0,0,1,1,0,0,0,1,1,0,1,1,0,1,0
0,0,1,0,0,0,0,0,1,0,0,1,1,1,1,0,0,0,1,0,0,1,1,1,0,1
0,1,1,1,0,0,0,0,1,0,0,1,0,1,1,0,0,0,1,0,0,0,1,1,0,0
0,0,1,0,0,0,0,0,1,0,0,1,1,1,1,0,0,0,0,0,0,0,1,1,0,1
0,0,0,0,0,0,0,0,1,0,0,1,0,1,0,0,0,0,1,0,0,1,1,0,0,0
0,0,0,0,1,0,0,1,0,1,1,0,0,0,1,0,0,0,1,0,1,1,1,0,2,0
0,0,1,0,0,0,0,0,1,0,1,0,0,0,0,0,0,0,1,0,0,1,1,0,0,0
0,0,1,1,0,0,0,0,1,1,1,0,0,0,1,0,0,0,1,0,0,1,1,-2,0,0
0,0,1,0,0,0,0,0,1,0,0,1,0,1,0,0,0,0,0,0,1,0,1,1,1,0
0,1,0,0,0,0,0,0,1,1,1,0,0,1,1,0,0,0,1,0,0,0,1,1,0,0
0,0,0,1,1,0,0,0,1,0,1,0,0,0,1,0,0,1,1,0,0,1,1,-2,2,0
1,1,0,0,0,0,0,0,1,1,1,1,0,1,1,0,0,0,1,0,0,0,1,-1,0,0
1,0,1,0,0,0,0,0,1,0,0,0,0,1,0,0,0,1,0,0,0,0,1,0,1,0
0,0,0,0,0,0,0,0,1,0,0,1,0,1,0,0,0,1,0,0,0,1,1,1,1,0
0,0,0,0,0,0,0,0,1,0,0,0,0,0,0,0,0,1,1,0,0,0,1,-1,1,0
0,0,0,0,0,0,0,1,0,0,0,1,0,1,0,0,0,1,1,1,1,1,1,0,3,0
0,0,1,0,1,0,0,0,0,1,1,0,0,0,1,1,0,0,1,0,1,1,0,0,2,0
0,0,0,1,0,0,0,1,0,0,0,0,0,0,0,0,0,1,0,0,1,1,1,0,2,0
0,0,0,0,0,0,0,0,0,0,1,1,0,0,0,0,0,0,1,1,1,1,0,-1,2,2
0,0,1,0,0,0,0,1,0,1,1,0,0,0,0,0,0,1,1,0,1,1,1,0,2,0
0,0,1,0,0,0,0,0,1,1,1,0,0,0,0,0,0,0,1,0,0,0,1,-1,0,0
0,0,0,0,0,0,0,1,0,1,1,0,0,0,0,0,0,1,1,0,1,1,1,0,2,0
0,0,1,1,1,0,0,0,1,0,1,0,0,1,0,0,0,0,1,0,1,1,1,0,2,0
0,0,1,0,0,1,0,0,1,0,0,1,1,1,0,1,0,0,0,0,0,0,2,0,0,4
0,0,1,0,1,0,0,0,1,0,0,0,0,1,0,0,0,1,1,0,1,1,1,1,3,0
0,0,1,0,0,0,0,0,1,1,1,1,0,1,1,0,0,0,1,0,0,0,1,0,0,0
0,0,0,0,0,1,0,0,1,0,0,1,1,1,1,1,1,0,0,0,0,0,2,1,0,2
0,1,0,0,0,0,0,0,1,1,1,1,0,0,0,0,1,0,1,0,0,0,1,-2,0,0
0,0,1,0,1,0,0,0,0,0,1,0,0,1,1,0,0,1,1,0,1,1,0,-1,3,0
0,1,1,0,0,0,0,0,1,0,0,1,0,1,0,0,0,0,1,0,0,0,1,-1,0,0
0,1,0,0,0,0,0,0,1,1,1,0,0,1,0,1,0,0,1,0,0,0,1,-1,0,0
0,0,0,0,0,0,0,0,1,0,1,1,0,1,1,1,0,0,1,0,0,0,1,-1,0,0
0,0,1,1,0,0,0,0,1,0,0,1,0,1,0,0,0,0,0,0,1,0,1,1,1,0
0,0,0,0,0,0,0,0,1,0,1,0,0,1,0,0,0,0,1,0,0,0,1,-1,0,0
1,0,1,0,0,0,0,0,1,0,0,0,0,1,0,0,0,0,0,0,1,0,1,1,1,0
0,1,0,0,0,0,0,0,0,0,0,0,0,0,0,0,0,0,1,0,1,0,0,0,1,0
0,0,1,1,1,0,0,0,0,0,0,1,0,1,0,0,0,0,1,0,1,1,0,0,2,0
0,0,0,0,0,0,0,1,0,0,0,1,0,1,0,0,0,1,1,0,0,1,1,1,1,0
0,0,0,0,0,1,0,0,1,0,0,0,0,1,0,0,0,0,0,0,0,0,2,1,0,1
0,0,1,0,0,0,0,0,1,0,0,0,0,1,0,0,0,0,1,1,0,1,1,-1,1,0
0,0,0,0,0,0,0,0,0,0,0,0,0,0,0,0,0,1,1,0,1,1,0,0,2,0
0,0,0,0,0,0,0,0,1,0,1,1,0,1,1,1,0,0,1,0,0,1,1,-1,0,0
1,1,0,0,0,0,0,0,1,1,0,0,0,0,1,0,0,0,1,0,1,0,1,0,1,0
0,0,1,0,0,1,0,0,1,0,0,1,1,1,1,1,0,0,0,0,0,1,2,1,0,2
0,0,1,1,1,0,0,0,1,0,1,1,0,1,0,0,0,0,1,0,1,1,1,0,2,0
0,0,0,0,1,0,0,1,0,0,0,1,0,1,1,0,0,1,1,0,0,1,1,0,2,0
0,0,1,0,0,0,0,0,1,0,0,0,0,0,0,0,0,0,0,0,0,1,1,-1,0,0
0,0,0,0,0,1,0,0,1,0,0,1,0,1,1,1,0,0,1,0,0,1,2,1,0,1
0,1,0,1,1,0,0,0,1,1,1,1,0,0,0,0,0,0,1,0,1,0,1,-1,2,0
0,0,1,0,0,1,0,0,1,0,0,1,1,1,0,0,1,0,0,0,0,0,2,0,0,3
0,0,1,0,0,0,0,0,1,1,1,1,0,0,1,0,0,0,1,0,1,1,1,0,1,0
0,0,0,0,0,0,0,0,1,0,1,0,0,0,1,0,0,0,1,0,0,0,1,-1,0,0
0,0,1,0,0,1,0,0,1,0,0,0,0,1,0,0,0,0,0,0,0,1,2,1,0,1
1,0,1,0,0,1,0,0,1,0,0,0,1,1,1,0,1,0,0,0,0,0,2,0,0,2
0,0,0,0,0,0,0,0,1,0,0,1,0,0,1,0,0,0,0,0,0,0,1,0,0,0
0,0,1,0,0,0,0,0,0,1,1,1,0,1,1,0,0,0,1,0,1,1,0,1,1,0
0,1,1,0,0,0,0,0,0,1,1,0,0,1,1,0,0,0,1,0,0,1,0,0,0,0
0,1,1,0,0,1,0,0,1,0,0,1,1,1,1,1,0,0,0,0,0,0,2,1,0,2
0,0,1,0,0,0,0,0,1,1,1,1,0,1,0,0,0,0,1,0,1,1,1,-1,1,0
0,0,1,0,0,0,0,0,0,0,1,1,0,1,1,0,0,0,1,0,0,1,0,0,0,0
0,0,1,0,0,0,0,0,1,1,1,0,0,1,1,0,0,0,1,0,0,0,1,-1,0,1
0,0,0,0,0,1,0,0,0,0,0,1,0,1,1,0,0,0,0,0,0,0,1,1,0,1
0,0,1,0,0,0,0,0,1,0,0,1,0,1,0,0,0,0,1,0,0,1,1,1,0,0
0,1,0,0,0,1,0,0,1,0,0,1,1,1,1,1,0,0,0,0,0,0,2,0,0,3
0,0,0,0,0,0,0,0,1,1,1,0,0,1,0,0,0,0,1,0,1,1,1,0,1,0
0,0,0,1,1,0,0,0,1,0,1,1,0,1,0,0,0,0,1,0,1,1,1,1,2,0
0,0,1,0,0,1,0,0,1,0,0,1,1,1,1,1,1,0,0,0,0,0,2,1,0,2
0,0,1,0,0,1,0,0,1,0,0,1,0,1,1,1,0,0,0,0,0,0,2,1,0,1
0,0,0,1,1,0,0,0,1,0,0,0,0,0,0,0,0,0,1,0,0,0,1,-1,1,0
0,0,0,0,0,0,0,0,0,0,0,0,0,0,1,0,0,0,1,0,0,0,0,0,0,0
0,0,0,0,0,0,0,0,0,0,0,1,0,0,0,0,0,0,1,0,0,1,0,0,0,0
0,0,0,0,0,0,0,0,0,1,1,0,0,0,0,0,0,0,1,0,1,1,0,-1,1,0
0,0,0,0,0,0,0,0,1,0,1,1,0,1,1,0,0,0,1,0,0,1,1,0,0,1
0,0,1,0,1,0,0,0,1,0,1,1,0,1,1,0,0,0,1,0,0,1,1,0,1,0
0,1,0,0,0,0,0,0,1,1,0,1,0,1,1,0,0,0,1,0,0,0,1,1,0,0
1,0,0,0,0,1,0,0,1,0,0,0,0,0,0,0,0,0,0,0,0,1,2,-2,0,1
0,0,0,0,0,0,0,0,1,1,1,0,0,0,1,1,0,0,1,0,1,0,1,0,1,0
0,0,0,0,0,0,0,0,0,0,0,0,0,0,0,0,0,1,0,0,1,1,0,0,2,1
0,0,1,0,0,0,0,0,1,0,1,1,0,1,0,0,0,0,1,1,0,1,1,-1,1,0
0,0,1,0,1,0,0,0,1,0,1,0,0,0,1,0,0,0,1,0,1,1,1,0,2,0
0,0,1,0,0,0,0,0,1,0,0,1,1,1,1,0,0,0,1,0,0,0,1,0,0,1
0,0,1,0,0,0,0,0,1,1,1,0,0,1,1,0,0,0,1,0,0,1,1,0,0,0
0,0,0,0,0,0,0,0,1,0,1,1,0,1,1,0,0,0,1,0,1,0,1,1,1,0
0,1,0,0,0,0,0,0,1,0,0,0,0,0,0,0,0,0,1,0,1,0,1,0,1,0
0,1,1,0,1,0,0,0,1,0,0,1,0,1,1,0,0,0,1,0,0,0,1,-1,1,0
0,0,0,0,0,0,0,1,0,1,1,0,0,0,0,0,0,1,1,0,1,1,1,-2,2,0
0,0,0,1,1,0,0,1,0,0,0,1,0,0,0,0,0,1,1,0,1,1,1,0,3,0
0,0,1,1,0,0,0,0,0,1,1,0,0,1,1,0,0,0,1,0,1,1,0,1,1,0
0,1,1,0,0,1,0,0,1,0,0,0,0,0,0,0,0,0,1,0,0,1,2,-1,0,1
0,0,0,0,0,1,0,0,1,0,0,1,1,1,1,1,0,0,0,0,0,0,2,0,0,2
0,0,0,0,0,0,0,0,1,1,1,0,0,0,1,0,0,0,1,0,0,1,1,-2,0,0
0,0,0,0,0,0,0,0,1,1,1,1,0,1,1,0,0,0,1,0,1,0,1,1,1,0
0,0,1,0,1,0,0,0,1,0,0,1,0,1,1,0,0,0,1,0,0,1,1,0,1,0
0,0,0,0,0,0,0,0,1,0,0,1,0,0,1,0,0,1,0,0,1,1,1,-1,2,0
0,0,0,0,1,0,0,0,1,0,0,1,0,1,1,1,0,0,1,0,0,0,1,1,1,0
0,0,0,0,0,0,0,0,1,0,0,1,0,1,0,0,0,0,1,0,0,1,1,0,0,0
0,0,0,0,0,0,0,0,1,0,0,0,0,1,1,0,0,0,1,0,0,1,1,1,0,0
0,0,1,0,0,0,0,0,1,0,0,1,1,1,1,0,1,0,0,0,0,0,1,1,0,2
0,0,1,0,0,0,0,0,1,0,0,1,1,1,0,0,1,0,0,0,0,0,1,0,0,1
0,0,0,0,0,0,0,0,1,0,0,1,1,1,1,0,0,0,0,0,0,0,1,0,0,2
0,0,1,0,0,1,0,0,1,0,0,1,0,1,0,1,0,0,0,0,0,0,2,1,0,1
0,0,0,0,0,0,0,0,1,1,1,1,0,0,0,0,0,0,1,0,1,1,1,0,1,0
0,0,0,0,0,0,0,0,1,0,0,1,0,0,0,1,0,1,1,0,1,0,1,-2,2,0
0,0,1,0,0,0,0,0,1,1,1,0,0,1,1,0,0,0,1,0,1,1,1,1,1,0
1,0,0,0,0,0,0,0,1,0,0,0,0,0,0,0,0,0,1,0,1,0,1,0,1,0
0,0,1,0,0,1,0,0,1,0,0,1,0,1,1,0,0,0,0,0,1,1,2,1,1,1
0,0,0,0,0,0,0,0,1,0,0,1,0,1,0,0,0,0,1,0,0,1,1,0,0,0
0,1,0,0,0,0,0,0,1,1,1,1,0,1,1,1,0,0,1,0,0,0,1,0,0,0
0,1,1,0,0,0,0,0,1,0,0,1,1,1,1,1,0,0,1,0,0,0,1,-1,0,1
0,0,1,0,0,0,0,1,0,0,0,1,0,1,0,0,0,0,1,0,1,1,1,1,1,0
0,0,0,0,0,1,0,1,0,0,0,1,0,1,1,0,0,0,1,0,1,1,2,1,1,1
1,1,1,0,0,0,0,0,1,0,1,1,0,1,1,0,0,0,1,0,0,0,1,0,0,0
0,1,1,0,0,1,0,0,1,0,0,1,1,1,1,1,1,0,0,0,0,0,2,0,0,3
1,1,1,0,0,0,0,0,1,0,0,1,0,0,1,0,0,0,1,0,0,1,1,0,0,0
0,0,0,0,0,1,0,0,1,0,1,0,0,0,1,1,0,0,1,0,0,1,2,0,0,1
0,0,1,1,1,0,0,0,1,0,1,1,0,1,0,0,0,0,1,0,1,1,1,1,2,0
1,0,0,0,0,1,0,0,1,0,0,0,0,1,0,0,0,0,0,0,0,0,2,-1,0,1
0,1,1,0,0,0,0,0,1,0,0,1,0,1,1,0,0,0,1,0,0,1,1,1,0,0
0,0,0,0,0,0,0,0,1,1,1,1,0,1,1,0,0,0,1,0,0,1,1,0,0,0
0,0,1,0,0,0,0,1,0,0,1,0,0,0,1,0,0,1,1,0,1,0,1,0,2,0
0,0,0,1,1,0,0,0,0,0,0,0,0,1,1,0,0,0,1,0,0,1,0,0,1,0
0,0,0,0,0,0,0,0,1,0,0,1,0,1,0,1,0,0,1,0,0,1,1,0,0,0
0,0,0,1,0,0,0,0,1,0,0,1,0,1,1,0,0,0,1,0,0,1,1,-1,0,0
0,0,0,0,0,1,0,0,1,0,0,1,0,1,1,1,0,0,0,0,0,0,2,0,0,2
0,0,0,0,1,0,0,0,1,1,1,0,0,1,0,0,0,0,1,1,0,1,1,-1,2,1
0,0,1,0,0,0,0,0,1,0,0,0,0,1,1,1,0,0,0,0,0,1,1,0,0,1
0,0,1,0,0,0,0,0,1,0,0,0,0,0,0,0,0,0,1,0,1,0,1,-1,1,0
0,1,1,0,0,1,1,0,1,0,0,1,0,1,1,0,0,0,0,0,0,0,3,0,0,1
0,0,0,0,0,0,0,0,1,0,0,0,0,1,0,0,0,0,0,0,0,1,1,0,0,0
1,0,1,0,0,0,0,0,1,0,0,0,0,0,0,0,0,0,0,0,0,0,1,-1,0,0
0,0,0,0,0,0,0,0,1,0,0,0,0,1,1,0,0,0,1,0,0,0,1,0,0,0
0,0,1,0,0,0,0,0,1,1,0,1,0,1,0,0,0,0,1,0,1,1,1,1,1,0
1,0,1,0,0,0,0,0,0,0,0,0,0,0,1,0,0,0,0,0,1,1,0,0,1,0
0,0,0,0,0,0,0,0,1,1,1,0,0,1,0,0,0,0,1,0,1,1,1,0,1,0
0,0,0,0,1,0,0,1,0,0,1,0,0,1,0,0,0,1,1,0,1,1,1,1,3,0
0,0,0,0,0,0,0,0,1,1,1,0,0,0,1,1,0,0,1,0,0,1,1,-2,0,0
0,0,1,0,0,0,0,1,0,0,1,0,0,0,0,0,0,1,1,0,0,1,1,0,1,0
0,1,1,0,0,1,0,0,1,0,0,0,0,0,1,0,0,0,0,0,0,1,2,-1,0,1
0,0,0,0,0,0,0,0,1,1,1,1,0,1,1,1,0,0,1,0,0,0,1,0,0,0
0,1,0,0,0,0,0,0,1,1,0,1,0,1,1,1,0,0,1,0,0,0,1,-1,0,0
0,0,1,0,0,1,0,0,1,0,0,1,1,1,0,1,0,0,0,0,0,0,2,0,0,2
0,0,0,0,0,0,0,1,0,1,1,0,0,0,0,0,0,1,1,0,1,1,1,0,2,0
0,0,0,0,0,1,0,0,1,0,0,0,1,1,1,0,0,0,0,0,0,0,2,0,0,2
0,0,0,0,0,0,0,0,0,0,0,0,0,0,1,0,0,0,0,0,0,1,0,-2,0,0
0,0,0,0,0,1,0,0,1,0,0,1,1,1,1,0,0,0,0,0,0,0,2,-1,0,3
1,0,0,0,0,0,0,0,1,0,0,1,0,1,0,0,0,1,1,1,1,1,1,0,3,0
0,0,0,0,0,0,0,0,1,0,0,0,0,1,0,0,0,0,1,0,0,1,1,0,0,0
0,1,0,0,0,0,0,0,1,1,1,0,0,1,1,0,0,0,1,0,0,1,1,0,0,0
0,1,0,0,0,0,0,0,1,0,0,1,0,0,0,0,0,0,1,0,0,1,1,-1,0,0
0,0,0,0,0,0,0,0,1,0,0,1,0,1,0,0,0,0,1,1,0,1,1,1,1,0
0,0,1,0,1,0,0,0,1,1,1,0,0,0,1,1,0,0,1,0,1,1,1,-1,2,0
0,0,0,1,1,0,0,1,0,1,1,0,0,1,0,0,0,1,1,0,1,1,1,1,3,0
0,0,1,0,0,1,0,0,1,0,0,1,1,1,1,1,0,0,0,0,0,0,2,0,0,3
1,0,0,1,0,1,0,0,1,0,0,0,0,0,0,0,0,0,0,0,0,1,2,-1,0,1
0,0,0,0,0,1,0,0,1,0,0,0,1,1,0,0,0,0,0,0,0,0,2,1,0,3
0,0,0,0,0,0,0,0,1,0,1,1,0,1,1,0,0,0,1,0,0,0,1,-1,0,0
0,0,1,0,0,0,0,0,1,0,0,1,0,0,1,1,0,0,1,0,0,0,1,-1,0,0
0,1,1,0,0,1,0,0,1,0,0,1,0,1,0,0,0,0,0,0,0,0,2,1,0,1
0,0,0,0,0,0,0,0,0,0,0,0,0,0,0,0,0,0,1,0,0,0,0,0,0,0
0,0,1,0,0,0,0,0,1,0,0,0,0,0,1,0,0,0,1,0,0,1,1,-1,0,0
0,0,0,0,0,0,0,0,1,0,0,1,0,0,0,0,0,0,1,0,0,1,1,-2,0,0
0,0,0,0,0,0,0,0,1,0,0,0,0,0,1,1,0,0,1,0,1,0,1,0,1,0
0,0,1,0,0,0,0,0,1,1,0,1,0,1,1,0,0,0,1,0,0,1,1,-1,0,0
0,0,0,1,0,0,0,0,0,1,1,1,0,1,0,0,0,0,1,0,1,1,0,0,1,0
0,1,1,0,0,0,0,0,1,1,1,1,0,1,0,0,0,0,1,0,0,0,1,-1,0,0
0,1,0,0,0,0,0,0,1,1,1,0,0,0,1,1,0,1,1,0,0,0,1,-1,1,0
1,0,1,0,1,0,0,0,1,0,0,0,0,0,0,0,0,0,1,0,0,0,1,-1,1,0
0,0,1,0,0,1,0,0,1,0,0,1,0,1,0,0,0,0,0,0,1,1,2,1,1,1
0,0,1,0,0,0,0,0,1,1,1,0,0,0,1,0,0,0,1,0,0,1,1,-2,0,0
0,1,0,0,0,0,0,0,1,0,1,0,0,0,0,0,0,0,0,0,1,0,1,0,1,0
1,1,1,0,0,0,0,1,0,0,0,0,0,0,0,0,0,1,1,0,0,0,1,-1,1,0
0,0,0,0,0,0,0,0,1,1,0,0,0,0,1,0,0,0,1,0,0,1,1,-1,0,0
0,0,0,1,1,0,0,1,0,1,1,0,0,0,0,0,0,1,1,0,1,1,1,-1,3,1
0,0,0,0,0,0,0,0,1,1,1,1,0,1,1,0,0,0,1,0,0,1,1,0,0,0
0,0,0,0,0,0,0,0,1,0,0,1,1,1,0,0,1,0,0,0,0,0,1,1,0,1
0,1,1,1,0,0,0,0,1,0,0,1,0,1,1,0,0,0,1,0,0,0,1,0,0,0
0,0,0,0,0,0,0,0,1,1,1,0,0,1,1,0,0,0,1,0,0,0,1,1,0,0
0,0,1,0,0,0,0,0,1,0,0,1,0,1,1,0,0,0,1,0,1,0,1,1,1,0
0,0,1,0,0,1,0,0,1,0,0,1,1,1,1,1,1,0,0,0,0,0,2,0,0,2
0,0,1,0,0,0,0,0,0,1,1,0,0,1,1,0,0,0,1,0,1,1,0,1,1,0
0,0,1,1,0,0,0,0,0,1,1,1,0,1,0,0,0,0,1,0,0,1,0,0,0,0
0,0,1,0,0,1,0,0,1,0,0,1,1,1,1,0,0,0,0,0,0,1,2,1,0,2
0,0,1,0,0,1,0,0,1,0,0,0,1,0,1,0,0,0,0,0,0,0,2,-1,0,3
0,0,1,0,0,0,0,0,1,0,0,1,1,1,0,0,0,0,0,0,0,0,1,0,0,1
0,0,0,0,0,1,0,0,0,0,0,0,0,0,1,0,0,0,0,0,0,0,1,-1,0,1
0,1,1,0,0,1,0,0,1,0,0,1,1,0,1,0,0,0,0,0,0,1,2,-1,0,2
0,0,0,1,1,0,0,0,0,0,0,1,0,1,1,0,0,0,1,0,0,1,0,-1,1,0
0,0,0,1,0,0,0,0,1,1,1,1,0,1,0,0,0,0,1,0,0,1,1,0,0,0
0,0,0,0,0,0,0,0,1,0,1,0,0,0,0,0,0,0,1,0,1,0,1,0,1,0
0,0,0,0,0,0,0,0,1,0,1,1,0,0,1,0,0,0,1,0,0,1,1,-2,0,0
0,0,1,0,0,1,0,0,1,0,0,1,1,1,1,1,0,0,0,0,0,0,2,1,0,2
0,0,0,0,0,0,0,0,1,1,1,0,0,1,1,0,0,0,1,0,0,0,1,-1,0,0
0,0,0,0,0,0,0,0,1,1,1,1,0,1,0,0,0,0,1,0,1,1,1,1,1,0
0,1,1,0,0,1,0,0,1,0,0,1,1,1,1,0,1,0,0,0,0,0,2,0,0,2
0,0,0,0,0,0,0,0,1,1,1,1,0,1,1,0,0,0,1,0,0,0,1,-1,0,0
0,0,0,0,0,1,1,0,1,0,0,1,1,1,1,0,0,0,0,0,0,0,3,0,0,2
0,0,1,0,0,0,0,0,0,0,0,1,0,1,1,0,0,0,1,0,1,1,0,0,1,0
0,0,0,0,0,0,0,0,1,1,1,1,0,1,1,0,0,0,1,1,1,1,1,1,2,0
0,1,1,0,0,1,0,0,1,0,0,1,0,0,1,0,0,0,0,0,0,0,2,-2,0,1
0,0,0,0,0,0,1,0,1,0,0,1,0,1,1,1,0,0,1,0,0,0,2,0,0,0
0,0,0,0,0,0,1,0,1,0,0,0,0,1,0,0,0,0,1,0,1,0,2,1,1,0
0,1,1,0,0,1,0,0,1,0,0,1,1,1,1,0,0,0,0,0,0,0,2,1,0,2
0,1,0,0,1,0,0,0,1,0,0,1,0,1,0,0,0,0,1,0,0,1,1,1,1,0
0,1,0,0,0,1,0,0,1,0,0,1,1,1,1,0,0,0,0,0,0,0,2,0,0,2
0,0,0,0,0,0,0,1,0,1,1,0,0,0,1,0,0,0,1,0,0,1,1,-2,0,0
0,0,0,0,1,0,0,0,1,0,0,0,0,1,0,0,0,0,1,0,0,1,1,0,1,0
1,0,0,0,0,0,0,0,0,0,1,0,0,0,0,0,0,0,1,0,1,1,0,-1,1,0
0,1,1,0,0,0,0,1,0,1,1,1,0,1,1,0,0,1,1,0,1,1,1,1,2,0
0,0,0,1,0,0,0,0,1,0,1,0,0,0,1,0,0,1,1,0,0,1,1,-1,1,0
0,0,0,0,1,0,0,1,0,1,1,0,0,1,0,0,0,1,1,0,1,1,1,0,3,0
0,0,0,0,0,0,0,0,1,0,0,1,1,1,1,0,0,0,1,0,0,0,1,0,0,1
0,0,1,0,0,0,0,0,1,0,0,0,0,0,1,0,0,0,0,0,0,0,1,-1,0,1
0,0,0,0,0,1,0,0,1,0,0,0,0,1,0,1,0,0,0,0,0,0,2,1,0,1
0,0,0,0,0,1,0,0,1,0,0,1,0,1,1,0,0,0,0,0,1,0,2,1,1,1
0,0,0,0,1,0,0,1,0,1,1,0,0,0,1,0,0,0,1,0,1,1,1,-1,2,0
0,0,0,0,0,0,1,0,1,0,0,0,0,1,0,0,0,0,1,0,0,0,2,0,0,0
0,1,1,0,0,0,0,0,1,1,1,1,0,1,0,0,0,0,1,0,1,1,1,1,1,0
0,0,0,0,0,0,0,0,1,1,1,1,0,1,1,0,0,0,1,0,1,1,1,1,1,0
0,0,0,0,0,0,0,0,1,1,1,1,0,1,0,0,0,0,1,0,0,0,1,1,0,0
0,0,1,1,0,0,0,0,1,1,1,0,0,1,1,0,0,0,1,0,0,1,1,-1,0,0
0,0,0,0,0,0,0,0,0,1,1,1,0,1,0,1,0,0,1,0,0,0,0,1,0,0
0,0,0,0,0,0,0,0,1,0,0,0,0,0,0,0,1,1,0,0,0,0,1,-1,1,1
0,0,0,0,0,0,0,0,1,0,1,0,0,1,1,1,1,0,1,0,0,0,1,-1,0,0
0,0,0,0,0,0,0,1,0,0,0,1,0,0,0,0,0,1,1,1,1,1,1,0,3,0
0,0,0,1,0,0,0,0,0,0,1,0,0,0,0,0,0,1,1,0,1,1,0,0,2,0
0,0,0,0,0,1,0,0,1,0,0,1,1,1,0,0,0,0,0,0,0,0,2,1,0,3
0,0,0,1,1,0,0,0,1,0,0,1,0,1,1,0,0,0,1,0,0,1,1,0,1,0
0,0,1,0,1,0,0,0,1,1,1,0,0,1,1,0,0,0,1,0,0,1,1,-1,1,0
0,0,0,0,1,0,0,0,1,1,1,1,0,1,0,0,0,0,1,0,1,1,1,0,2,0
0,0,1,0,0,0,0,0,1,0,1,1,0,0,1,0,0,0,1,0,0,1,1,0,0,0
0,0,0,0,0,1,0,0,1,0,0,1,0,1,1,1,0,0,0,0,0,0,2,1,0,2
0,0,1,0,0,0,0,0,1,0,0,1,1,1,1,0,0,0,0,0,0,0,1,1,0,1
0,0,0,0,0,1,0,0,1,0,0,1,0,1,0,0,0,0,0,0,0,1,2,1,0,1
0,0,0,0,0,0,0,0,1,1,1,1,0,1,0,0,0,0,1,0,1,1,1,0,1,0
1,0,0,0,0,0,0,0,1,0,0,0,0,0,0,0,0,1,0,0,0,1,1,0,1,0
0,1,1,1,0,0,0,0,0,1,1,1,0,1,0,0,0,0,1,0,1,0,0,0,1,0
0,0,0,0,0,0,0,0,1,0,1,1,0,0,1,0,0,0,1,0,1,1,1,0,1,0
0,0,1,0,0,0,0,0,1,0,0,1,0,1,0,0,0,0,0,0,0,0,1,-1,0,0
0,0,1,1,0,0,0,1,0,0,1,1,0,0,0,0,0,1,1,0,1,1,1,-1,2,0
0,0,1,0,0,0,1,0,0,1,1,0,0,0,0,0,0,0,1,0,1,1,1,0,1,0
1,0,0,0,0,0,0,0,1,1,1,0,0,0,0,0,0,0,1,0,1,1,1,0,1,0
1,0,0,0,0,0,0,0,0,1,1,0,0,0,0,0,0,0,1,0,0,0,0,-1,0,0
0,1,1,0,0,0,0,0,1,0,1,1,0,1,1,0,0,0,1,0,0,1,1,-1,0,0
0,0,0,0,0,0,0,0,1,0,0,1,0,1,1,0,0,0,1,0,1,0,1,1,1,0
1,0,0,0,0,0,0,0,1,0,0,0,0,0,0,0,0,0,0,0,1,0,1,0,1,0
0,0,0,1,1,0,0,0,1,0,1,1,0,1,1,0,0,0,1,0,1,1,1,0,2,0
0,1,1,0,0,1,0,0,1,0,0,1,1,1,1,1,1,0,0,0,0,0,2,1,0,2
0,1,1,0,0,0,0,0,1,1,1,1,0,1,1,0,0,0,1,0,0,0,1,-1,0,0
0,0,1,0,0,0,0,0,1,1,1,0,0,0,0,0,0,0,1,0,1,1,1,-1,1,0
0,1,0,0,0,0,0,0,1,1,1,1,0,0,1,0,0,0,1,0,0,1,1,-1,0,0
0,0,1,1,1,0,0,0,1,0,0,1,0,0,0,0,0,0,1,0,1,1,1,0,2,0
0,0,1,1,1,0,0,1,0,0,0,0,0,0,0,0,0,1,0,0,1,1,1,0,3,0
0,0,1,0,0,0,0,0,1,1,1,1,1,1,1,0,0,0,1,0,0,0,1,1,0,2
0,1,1,0,0,0,0,0,1,0,0,1,0,0,1,0,1,0,1,0,0,1,1,-2,0,0
0,0,0,0,0,0,0,0,1,0,0,1,0,1,1,0,0,0,1,0,0,1,1,0,0,1
0,0,0,0,1,0,0,0,1,0,0,0,0,0,0,0,0,0,1,0,1,1,1,0,2,0
0,1,1,0,0,0,0,0,1,0,0,0,0,0,1,0,0,0,1,0,0,0,1,0,0,0
0,0,0,1,0,0,0,0,0,1,1,1,0,1,1,1,0,0,1,0,1,1,0,0,1,0
0,1,1,0,0,0,0,0,1,0,0,1,1,1,0,0,1,0,0,0,0,0,1,1,0,1
0,0,1,0,0,0,0,0,1,0,0,0,0,0,1,0,0,1,0,0,0,0,1,-1,1,0
0,0,1,0,0,0,0,0,1,1,1,0,0,0,0,0,0,0,1,0,0,1,1,-1,0,0
0,0,1,0,0,0,0,0,1,1,1,1,0,1,1,0,0,0,1,0,0,1,1,-1,0,0
0,0,1,0,0,1,0,1,0,1,1,0,0,0,1,0,0,0,1,0,1,1,2,-1,1,1
0,1,0,0,0,0,1,0,1,0,0,1,0,1,1,1,0,0,1,0,0,1,2,0,0,0
0,0,1,0,0,0,0,0,1,0,0,1,0,1,0,0,0,0,1,0,1,1,1,0,1,0
0,0,0,0,0,0,0,0,1,0,1,1,0,1,0,0,0,0,1,0,0,0,1,0,0,0
0,0,0,0,0,0,0,0,1,0,0,1,0,1,0,0,0,0,1,0,1,0,1,1,1,0
0,0,1,0,0,0,0,0,0,1,1,1,0,0,0,0,0,0,1,0,1,1,0,0,1,0
0,0,0,0,0,0,0,0,1,0,0,1,0,1,0,0,0,0,1,0,0,1,1,-1,0,0
1,0,1,0,0,0,0,0,1,0,1,0,0,0,1,0,0,0,1,0,1,0,1,-1,1,0
1,0,0,0,0,0,0,1,0,1,1,0,0,0,0,0,0,1,1,0,1,1,1,0,2,0
0,0,0,0,0,0,0,0,1,0,1,0,0,0,0,0,1,1,1,0,0,0,1,-1,1,0
0,0,0,1,1,0,0,1,0,1,1,0,0,1,0,0,0,1,1,0,1,1,1,1,3,0
0,0,0,0,0,0,0,0,1,0,0,0,0,1,1,0,0,0,1,0,0,0,1,1,0,0
0,0,0,0,0,1,0,0,1,0,0,1,1,1,0,0,0,0,0,0,0,0,2,1,0,2
0,0,1,0,0,0,0,0,1,0,1,1,0,0,0,0,0,0,1,0,0,1,1,-1,0,0
0,0,0,0,0,0,0,0,1,1,1,0,0,0,1,0,0,0,1,0,0,0,1,-2,0,1
0,0,1,0,0,0,0,0,0,1,1,0,0,0,1,0,0,0,1,0,1,1,0,0,1,0
0,1,0,0,0,1,0,0,0,0,0,1,1,1,1,1,0,0,0,0,0,0,1,1,0,2
0,0,1,0,0,1,0,0,1,0,0,0,0,1,1,1,0,0,0,0,0,0,2,1,0,1
0,1,0,0,0,0,0,0,1,1,1,1,0,1,0,0,0,0,1,0,0,0,1,1,0,0
0,0,0,0,0,0,0,0,1,1,1,0,0,1,0,0,0,0,1,0,0,1,1,1,0,0
0,1,0,0,0,0,0,0,1,0,0,1,0,0,1,1,0,0,1,0,1,1,1,-1,1,0
1,0,1,0,0,0,0,1,0,0,1,0,0,0,0,0,0,1,1,0,1,0,1,0,2,0
0,0,1,0,0,0,0,0,1,1,0,1,0,1,1,1,0,0,1,0,0,0,1,-1,0,0
0,0,0,0,1,0,0,0,1,1,1,1,0,1,1,0,0,0,1,0,1,0,1,0,2,0
0,0,0,0,0,1,0,0,1,0,0,0,1,1,1,0,0,0,0,0,0,0,2,1,0,2
0,1,1,0,0,0,0,0,1,0,0,1,1,1,1,0,0,0,1,0,0,0,1,0,0,1
0,0,1,0,0,0,0,0,0,1,1,0,0,0,0,0,0,0,1,0,1,0,0,0,1,0
0,0,0,0,0,0,0,0,1,0,0,1,0,0,0,0,0,1,1,0,0,0,1,-1,1,0
0,0,1,0,0,0,0,0,1,0,1,1,0,0,1,0,0,0,1,0,0,1,1,-2,0,0
0,0,1,1,1,0,0,0,1,1,1,0,0,0,1,0,0,0,1,0,0,1,1,-1,1,0
0,1,0,0,0,1,0,0,1,0,0,1,0,1,1,1,0,0,1,0,0,0,2,1,0,1
0,1,0,0,0,0,0,0,1,0,0,0,0,0,0,0,0,0,1,0,0,1,1,-1,0,0
0,0,0,0,0,0,0,0,1,1,1,1,0,1,1,0,0,0,1,0,0,1,1,1,0,0
0,0,0,0,0,0,0,0,1,1,1,1,0,1,1,0,0,0,1,0,1,0,1,1,1,0
0,0,0,0,0,1,0,0,1,0,0,1,0,1,1,0,0,0,0,0,0,0,2,1,0,1
0,0,1,1,0,0,0,0,1,1,1,0,0,1,1,0,0,0,1,0,1,1,1,1,1,0
0,0,0,0,0,0,0,0,0,0,0,1,0,1,1,0,0,0,0,0,0,0,0,0,0,0
0,0,1,0,0,0,0,1,0,0,1,0,0,0,1,0,0,1,1,0,1,1,1,0,2,0
0,0,1,0,0,0,0,0,1,0,1,0,0,1,0,0,0,0,1,0,0,1,1,0,0,0
0,1,1,0,0,1,0,0,1,0,0,1,1,1,1,1,0,0,0,0,0,0,2,1,0,2
0,0,1,0,0,0,0,0,0,0,0,0,0,1,0,0,0,0,0,0,0,0,0,1,0,1
0,0,0,0,1,0,0,0,1,1,1,1,0,1,0,0,1,0,1,0,0,0,1,0,1,0
0,0,0,0,0,1,0,0,0,0,0,0,1,0,0,0,0,0,0,0,1,1,1,0,1,2
0,1,1,0,0,0,0,0,1,1,1,1,0,1,0,0,0,0,1,0,0,1,1,0,0,0
0,1,0,0,0,0,0,0,1,0,0,0,0,1,0,0,0,0,0,0,0,0,1,1,0,0
0,0,1,0,0,0,0,0,1,0,1,1,0,1,1,0,0,0,1,0,0,0,1,0,0,0
0,0,1,0,0,0,0,0,1,1,1,0,0,1,1,0,0,0,1,0,1,1,1,0,1,1
0,1,0,0,0,0,0,0,1,0,0,1,0,0,0,0,0,0,0,0,0,0,1,0,0,0
1,0,0,0,0,0,0,0,0,0,0,0,0,0,0,0,0,0,1,0,0,1,0,-1,0,0
1,0,1,0,0,0,0,0,0,0,0,0,0,0,0,0,0,0,0,0,0,0,0,-1,0,0
1,0,0,0,0,0,0,0,1,1,1,0,0,0,0,0,0,1,1,0,1,0,1,0,2,0
0,0,1,0,0,0,0,0,1,1,1,0,0,1,1,0,0,0,1,0,0,1,1,0,0,0
0,0,0,1,1,0,0,0,1,0,1,1,0,1,1,0,0,0,1,0,0,1,1,0,1,0
0,0,1,0,0,0,0,0,1,0,0,1,0,1,0,0,0,0,1,0,1,0,1,1,1,0
0,0,1,0,0,0,0,0,0,1,1,1,0,1,1,0,0,0,1,0,1,0,0,0,1,0
0,0,1,0,0,1,0,0,1,0,0,0,0,1,0,0,0,0,0,0,1,0,2,1,1,1
0,1,1,0,1,0,0,0,0,0,0,1,0,1,0,0,0,0,1,0,1,1,0,0,2,0
0,0,1,1,0,0,0,0,1,0,1,0,0,0,0,0,0,1,1,0,1,1,1,-1,2,0
0,0,0,0,0,0,0,0,1,0,0,0,0,0,0,0,0,0,1,1,1,1,1,-1,2,0
0,0,1,0,0,1,0,0,1,0,0,1,0,1,1,0,0,0,0,0,0,0,2,0,0,1
0,0,1,1,0,0,0,0,1,0,1,1,0,1,0,0,0,0,1,0,1,1,1,0,1,0
0,0,0,0,0,1,0,0,1,0,0,0,0,0,1,0,0,0,0,0,0,0,2,-1,0,1
0,0,0,0,0,0,0,0,1,1,1,1,0,0,1,1,0,0,1,0,1,0,1,0,1,0
0,0,0,0,0,1,0,0,1,0,0,1,0,0,0,0,0,0,1,0,1,1,2,0,1,1
0,0,0,0,0,0,0,0,1,0,1,0,0,0,0,0,0,0,1,0,0,1,1,0,0,0
0,1,0,0,0,0,0,0,0,0,1,0,0,0,1,1,0,0,1,0,0,1,0,-1,0,1
0,1,1,0,0,1,0,0,1,0,0,1,0,1,1,0,0,0,0,0,0,1,2,0,0,2
0,0,1,0,0,0,0,0,1,0,0,1,0,0,1,0,0,0,1,1,0,1,1,-1,1,0
0,0,1,0,1,0,0,0,1,0,0,0,0,1,1,0,0,0,1,0,0,1,1,0,1,0
0,0,0,0,0,0,0,0,0,0,0,0,0,1,1,1,0,0,1,0,0,0,0,0,0,0
0,0,1,0,0,0,0,0,1,0,0,0,1,1,1,0,0,0,0,0,0,0,1,1,0,1
1,0,0,0,0,0,0,0,1,0,0,1,0,1,0,0,0,0,1,0,1,0,1,1,1,0
0,0,1,0,0,0,0,0,1,0,0,1,0,1,1,0,0,0,1,0,0,0,1,0,0,0
0,0,0,0,0,0,0,0,0,0,0,1,0,1,0,0,0,0,1,0,1,0,0,0,1,0
1,0,0,0,0,1,0,0,1,0,1,0,0,0,0,0,0,0,0,0,1,0,2,0,1,1
0,0,0,0,0,0,0,0,1,0,0,1,1,1,1,0,0,0,0,0,0,0,1,0,0,1
0,0,1,1,1,0,0,0,1,0,1,0,0,1,1,0,0,0,1,0,1,1,1,1,2,0
0,0,1,0,0,1,0,0,1,0,0,0,0,1,1,0,0,0,0,0,0,0,2,1,0,1
0,0,1,0,0,0,0,0,1,1,1,0,1,1,1,0,0,0,1,0,0,0,1,0,0,1
1,0,0,0,0,0,0,0,1,1,1,0,0,0,0,0,0,0,1,0,0,0,1,-1,0,0
0,0,1,0,0,0,0,0,1,1,1,1,0,1,0,0,0,0,1,0,1,1,1,1,1,0
0,0,1,0,0,0,0,0,1,0,0,1,0,1,0,0,0,0,1,0,0,0,1,-1,0,0
0,1,0,0,0,0,0,0,1,0,0,1,0,0,1,0,0,0,1,0,1,1,1,0,1,0
0,0,0,0,0,1,0,0,1,0,0,0,1,1,1,0,0,0,0,0,0,0,2,1,0,2
0,0,1,0,0,0,0,1,0,0,0,0,0,0,0,0,0,1,1,0,0,1,1,-1,1,0
0,0,0,0,0,0,0,0,1,1,1,1,0,1,1,0,0,0,1,0,1,0,1,1,1,0
0,0,0,0,0,0,0,0,1,0,0,1,0,0,0,0,0,0,1,0,1,0,1,0,1,0
0,0,0,0,0,0,0,0,1,0,0,1,0,0,0,0,0,1,0,1,1,1,1,-1,3,0
0,1,1,0,0,1,0,0,1,0,0,1,1,1,0,1,0,0,0,0,0,0,2,0,0,2
1,0,0,0,0,0,0,0,0,1,1,0,1,0,0,0,0,0,1,0,0,0,0,-1,0,1
1,0,0,0,0,0,0,0,1,0,0,0,0,0,0,0,0,1,1,0,0,0,1,0,1,0
0,0,0,0,0,0,0,0,1,0,0,1,0,1,1,1,0,0,1,0,0,0,1,0,0,0
0,0,1,0,0,0,0,0,1,0,0,1,0,0,0,0,0,1,0,0,1,1,1,0,2,1
0,0,0,0,0,0,0,0,1,0,1,1,0,1,1,1,0,0,1,0,0,0,1,0,0,0
0,0,0,0,0,0,0,0,1,0,0,1,0,0,1,0,0,0,1,0,0,0,1,-1,0,0
0,0,0,0,0,1,0,0,1,0,0,1,0,1,1,0,0,0,1,0,0,0,2,0,0,1
0,0,0,0,0,0,0,0,1,0,0,1,0,1,0,0,0,0,1,0,0,1,1,1,0,0
0,0,0,0,0,1,0,0,1,1,1,0,0,1,1,0,0,0,1,0,1,0,2,1,1,1
0,1,1,0,0,0,0,0,0,0,1,1,0,1,1,0,0,0,1,0,0,1,0,1,0,0
0,0,0,0,0,0,0,1,0,0,1,1,0,1,1,0,0,1,1,0,1,1,1,0,2,0
0,1,1,0,0,1,0,0,1,0,0,1,0,1,1,0,0,0,0,0,1,0,2,1,1,1
0,1,1,0,0,1,0,0,1,0,0,1,0,1,0,0,0,0,1,0,0,1,2,0,0,1
0,0,0,0,0,0,0,0,1,0,0,1,1,1,0,1,0,0,0,0,0,0,1,-1,0,1
0,1,0,0,0,0,0,0,1,0,0,1,0,0,1,1,0,0,1,0,1,1,1,0,1,0
0,1,0,0,0,1,0,0,1,0,0,1,1,1,1,1,0,0,0,0,0,0,2,1,0,2
0,1,0,0,0,0,0,1,0,1,1,0,0,1,0,0,0,0,1,0,1,1,1,1,1,0
0,0,1,0,1,0,0,0,1,0,0,0,0,0,1,0,0,0,1,0,0,1,1,-1,1,0
0,0,0,0,0,0,0,0,1,0,0,0,0,0,0,0,0,0,0,0,0,1,1,-1,0,0
0,0,1,0,0,0,0,0,0,0,0,1,0,1,0,0,0,0,1,0,0,1,0,0,0,0
0,0,1,0,0,0,0,0,1,0,1,0,0,0,0,0,0,1,1,0,1,1,1,-1,2,0
0,1,1,0,0,1,0,0,0,0,0,1,1,1,1,0,0,0,0,0,0,0,1,1,0,2
0,0,1,0,0,0,0,0,0,1,1,1,0,1,1,0,0,0,1,0,0,1,0,0,0,0
0,1,1,0,0,0,0,0,1,1,1,1,0,1,0,0,0,0,1,0,1,1,1,1,1,0
0,1,0,0,0,0,0,0,1,0,0,0,0,1,0,1,0,0,0,0,0,0,1,0,0,0
0,0,0,1,1,0,0,0,1,0,1,0,0,1,0,0,0,0,1,0,1,1,1,0,2,0
0,1,0,0,0,1,0,0,1,0,0,0,0,1,0,0,0,0,0,0,1,0,2,1,1,1
0,0,0,0,0,0,0,0,1,0,0,1,1,1,1,0,1,0,0,0,0,0,1,0,0,1
0,0,0,0,0,0,0,0,0,0,1,0,0,0,0,0,0,0,1,0,0,0,0,-2,0,0
0,1,1,0,0,1,0,0,1,0,0,1,1,1,0,0,0,0,0,0,0,0,2,1,0,2
0,0,1,1,0,0,0,0,1,0,0,0,0,1,0,0,0,0,1,0,1,1,1,1,1,0
1,0,0,0,0,0,0,0,0,1,1,0,0,1,0,0,0,0,1,0,0,0,0,-1,0,0
0,0,0,0,0,0,0,0,1,0,0,1,0,0,0,0,0,1,1,0,1,0,1,0,2,0
0,0,1,0,0,1,0,0,1,0,0,1,0,1,0,0,0,0,0,0,1,0,2,1,1,1
0,0,0,0,0,0,0,0,0,0,1,1,0,0,1,1,0,0,1,0,0,1,0,0,0,0
0,0,1,0,0,0,0,0,1,0,0,1,0,1,0,0,0,0,1,0,0,1,1,-1,0,0
0,0,1,0,1,0,0,0,0,0,0,1,0,1,0,0,0,0,1,0,0,0,0,-1,1,0
0,1,1,0,0,0,0,0,0,1,1,1,0,1,1,0,0,0,1,0,0,0,0,0,0,0
0,0,0,0,0,0,0,0,1,1,1,1,0,1,1,0,0,0,1,0,0,0,1,0,0,0
0,0,0,1,0,0,0,0,1,1,1,0,0,0,0,0,0,0,1,0,0,1,1,-1,0,0
0,0,1,0,0,0,0,0,0,0,0,1,0,1,1,0,0,0,1,0,0,0,0,1,0,0
0,0,1,0,0,0,0,0,1,0,0,1,1,1,1,0,0,0,0,0,0,1,1,0,0,2
1,0,0,0,0,0,0,0,0,0,0,0,0,0,1,0,0,0,1,0,0,1,0,-1,0,0
0,0,1,0,0,0,0,1,0,0,0,1,0,1,0,0,0,1,1,1,0,1,1,1,2,0
0,0,0,0,0,1,0,0,1,0,0,0,0,1,1,0,0,0,0,0,0,0,2,1,0,1
0,0,1,0,0,0,0,0,1,0,0,1,0,1,1,0,0,0,0,0,0,0,1,0,0,0
0,0,0,0,1,0,0,0,1,0,1,0,0,1,1,0,0,0,1,0,0,1,1,1,1,0
1,0,0,0,0,0,0,0,0,0,0,0,0,0,0,0,0,0,1,0,0,1,0,-1,0,0
0,0,0,0,0,0,0,1,0,1,1,0,0,1,0,0,0,0,1,0,1,1,1,0,1,0
0,0,1,0,0,1,0,0,0,0,0,1,1,1,1,0,0,0,0,0,0,0,1,0,0,2
0,0,0,0,0,0,0,0,1,0,1,0,0,1,1,0,0,0,1,0,0,0,1,0,0,0
0,0,1,0,0,0,0,0,1,1,1,0,0,0,1,0,0,0,1,0,1,1,1,0,1,0
0,1,0,0,0,0,0,0,1,0,1,0,0,0,1,1,0,0,1,0,0,0,1,0,0,0
0,0,0,0,0,0,0,0,1,1,1,0,0,1,0,0,0,0,1,0,1,0,1,0,1,0
0,1,1,0,0,0,0,0,1,0,0,1,0,1,0,0,0,0,1,0,0,0,1,-1,0,0
0,0,1,0,0,0,0,0,1,1,1,1,0,1,1,0,0,0,1,0,0,1,1,1,0,0
0,0,1,0,0,0,0,0,1,0,1,0,0,0,1,0,0,0,1,0,1,1,1,-1,1,0
0,0,0,0,0,0,0,0,1,0,0,1,0,1,1,0,0,0,1,0,0,0,1,0,0,0
0,0,0,0,0,0,0,0,1,1,1,1,0,0,0,0,0,0,1,0,1,1,1,-1,1,0
0,1,1,0,0,1,0,0,1,0,0,0,1,1,0,0,0,0,0,0,0,0,2,1,0,2
0,0,0,0,0,0,0,0,1,0,1,0,0,0,0,0,0,0,1,0,0,1,1,0,0,0
0,1,0,0,0,0,0,0,1,0,0,1,0,1,1,0,0,0,1,0,0,0,1,1,0,0
0,0,0,1,1,0,0,1,0,1,1,1,0,0,0,0,0,1,1,0,1,1,1,0,3,0
0,0,0,0,0,1,0,0,0,0,0,1,0,1,1,1,0,0,0,0,0,0,1,1,0,1
0,0,0,0,0,0,0,1,0,1,1,0,0,1,1,0,0,0,1,0,1,0,1,1,1,0
1,0,1,0,0,0,0,0,1,0,0,1,0,0,0,0,0,0,1,0,0,1,1,-1,0,0
0,0,0,0,0,0,0,0,1,1,1,1,0,1,1,0,0,0,1,0,0,0,1,1,0,0
1,0,1,0,0,0,0,0,1,0,0,0,0,1,1,0,0,0,1,0,0,0,1,0,0,0
0,1,0,0,0,1,0,0,1,0,0,1,1,1,1,1,0,0,0,0,0,0,2,1,0,3
0,0,0,0,0,0,0,0,1,1,0,0,0,1,1,0,0,0,1,0,0,1,1,-1,0,0
0,1,1,0,0,0,0,0,1,0,1,1,0,1,0,0,0,0,1,0,0,0,1,1,0,0
0,0,0,0,1,0,0,1,0,0,0,1,0,1,0,0,0,1,1,0,0,1,1,0,2,0
0,0,0,0,0,0,0,0,1,0,1,1,0,1,1,0,1,0,1,0,0,0,1,-1,0,0
0,0,0,0,1,0,0,0,1,0,1,1,0,0,0,0,0,0,1,0,0,1,1,-2,1,0
0,0,0,0,0,1,0,0,1,0,0,1,1,1,1,0,0,0,0,0,0,0,2,1,0,3
0,1,1,0,0,1,0,0,1,0,0,1,1,1,1,1,0,0,0,0,0,0,2,0,0,2
0,0,0,0,0,0,0,0,1,0,1,1,0,0,1,0,0,0,1,1,1,1,1,-2,2,0
0,1,0,0,0,1,0,0,1,0,1,1,0,1,0,0,0,0,1,0,0,0,2,0,0,1
0,1,0,0,0,0,0,0,0,0,0,1,0,1,0,0,0,0,1,0,0,0,0,0,0,0
0,0,1,1,0,0,0,1,0,0,0,0,0,0,0,0,0,1,0,1,1,1,1,0,3,1
0,0,0,0,0,0,0,0,1,0,0,0,0,0,1,1,0,0,0,0,0,1,1,0,0,0
0,0,1,1,0,0,0,0,0,0,0,1,0,1,1,1,0,0,1,0,0,1,0,0,0,0
0,0,1,0,1,0,0,1,0,0,0,0,0,1,0,0,0,1,1,0,1,1,1,1,3,0
0,0,0,0,0,0,0,0,1,1,1,1,0,0,1,1,0,0,1,0,0,1,1,-2,0,0
0,0,0,0,0,0,0,0,1,1,0,1,0,0,0,0,0,0,1,0,1,1,1,-1,1,0
0,0,0,0,0,0,0,0,1,1,1,1,0,1,1,0,0,0,1,0,0,1,1,-1,0,0
0,0,0,0,0,0,0,0,1,1,1,1,0,1,1,0,0,0,1,0,0,1,1,-1,0,0
1,0,0,0,0,0,0,1,0,0,0,0,0,0,0,0,0,1,1,0,1,1,1,-1,2,0
0,0,1,0,0,0,0,0,1,0,0,1,0,0,1,1,0,0,1,0,0,0,1,-1,0,0
0,0,0,0,0,0,0,0,1,1,1,0,0,1,0,0,0,0,1,0,0,1,1,1,0,0
0,1,1,0,0,0,0,0,1,0,0,1,0,1,0,0,0,0,1,0,1,1,1,1,1,0
0,0,0,0,1,0,0,1,0,0,0,0,0,1,0,0,0,1,1,0,1,1,1,0,3,0
0,0,0,0,0,1,0,0,1,0,0,1,1,1,0,0,0,0,0,0,0,0,2,1,0,2
0,0,1,0,0,0,0,0,1,0,0,1,0,1,0,0,0,0,1,1,0,1,1,1,1,0
0,0,1,0,0,0,0,0,1,0,0,1,0,1,1,0,0,0,0,0,0,0,1,0,0,0
0,0,1,0,0,0,0,0,1,1,1,1,0,1,1,0,0,0,1,0,0,1,1,-1,0,0
0,0,0,0,0,0,0,0,0,1,1,0,0,1,0,0,0,1,1,0,1,1,0,1,2,0
0,1,1,0,0,1,0,0,1,0,0,1,1,1,1,0,0,0,0,0,0,0,2,0,0,2
0,0,1,1,0,0,0,0,0,1,1,1,0,1,1,0,0,0,1,0,0,1,0,0,0,0
1,0,0,0,1,0,0,1,0,0,0,0,0,0,0,0,0,1,1,0,1,1,1,0,3,0
0,0,1,0,0,0,0,0,1,0,0,1,0,1,1,0,0,0,1,0,0,0,1,0,0,0
0,1,0,0,0,0,0,0,1,0,1,0,0,0,0,1,0,0,1,0,1,0,1,0,1,0
0,0,1,1,1,0,0,1,0,1,1,0,0,0,0,0,0,1,1,0,1,1,1,-1,3,0
0,1,0,0,0,0,0,0,1,0,0,1,0,1,0,1,0,0,1,0,0,0,1,0,0,0
0,1,0,0,0,1,0,0,1,0,0,1,0,1,1,1,0,0,0,0,0,1,2,1,0,1
0,0,1,0,0,0,0,0,1,0,0,1,0,1,0,0,0,0,1,0,0,1,1,0,0,0
0,0,0,1,0,0,0,0,0,1,1,1,0,1,0,0,0,0,1,0,0,1,0,-1,0,0
0,0,1,0,1,0,0,0,1,1,1,1,0,1,0,0,0,0,1,0,1,1,1,0,2,0
0,0,0,0,0,1,0,0,1,0,0,1,0,1,1,1,0,0,0,0,0,0,2,-1,0,1
0,0,0,0,0,0,0,0,1,0,0,1,0,1,0,0,0,0,1,0,0,1,1,1,0,0
0,0,1,0,0,0,0,1,0,0,0,0,0,0,0,0,0,1,0,0,1,1,1,-1,2,0
0,0,0,0,0,0,0,0,1,0,0,0,0,0,0,0,0,0,1,0,1,1,1,-1,1,0
0,0,0,0,0,0,0,0,1,0,0,1,0,1,1,0,0,0,1,0,0,0,1,0,0,0
0,0,0,0,0,0,0,0,1,0,0,1,0,1,1,0,0,0,1,0,1,0,1,0,1,0
0,0,0,0,0,0,0,0,0,0,0,0,0,0,0,1,0,1,1,0,0,1,0,-1,1,0
0,0,0,0,1,0,0,0,1,1,1,1,0,1,0,0,0,0,1,0,1,0,1,1,2,0
0,0,1,0,0,0,0,1,0,1,1,0,0,0,0,0,0,1,1,0,1,1,1,0,2,0
0,0,1,0,0,0,0,0,0,0,0,0,0,0,0,0,0,0,1,0,1,1,0,0,1,0
0,0,0,0,0,0,0,0,1,1,1,0,0,1,1,0,0,0,1,0,1,0,1,1,1,0
0,1,0,0,0,0,0,0,1,1,1,0,0,0,0,0,0,0,1,0,1,0,1,0,1,0
0,0,0,0,0,0,0,0,0,0,1,1,0,0,0,0,0,0,1,0,1,0,0,-1,1,0
0,1,1,0,0,0,0,0,1,0,0,1,0,0,0,1,0,0,1,0,1,1,1,0,1,0
0,1,1,0,0,0,0,0,1,1,1,1,0,1,1,0,0,0,1,0,0,1,1,0,0,0
1,0,1,0,0,0,0,0,1,1,1,0,0,0,0,0,0,0,1,0,0,1,1,-1,0,0
0,0,1,0,0,0,0,1,0,0,0,1,0,1,1,0,0,1,1,0,0,1,1,-1,1,0
1,0,1,1,1,0,0,1,0,0,1,0,0,0,0,0,0,1,1,0,1,1,1,0,3,0
0,0,0,0,0,0,0,0,1,0,0,0,0,0,0,0,0,0,1,0,0,0,1,0,0,0
0,0,1,0,0,0,0,0,1,0,0,1,0,1,1,0,0,0,1,0,0,1,1,0,0,0
0,0,1,0,0,0,0,0,1,0,0,0,0,1,1,0,0,0,1,1,0,1,1,0,1,0
0,0,1,0,0,0,0,0,1,0,1,1,0,0,0,0,0,0,1,1,1,1,1,0,2,0
0,0,1,1,0,0,0,1,0,0,1,0,0,0,0,0,0,0,1,0,1,1,1,0,1,0
0,0,1,0,1,0,0,1,0,1,1,0,0,0,1,0,0,0,1,0,1,1,1,0,2,0
0,1,1,0,0,0,0,0,1,0,0,1,0,1,1,0,0,0,1,0,0,1,1,1,0,0
0,0,0,1,0,0,0,0,0,1,1,1,0,1,1,0,0,0,1,0,0,1,0,0,0,0
0,0,1,1,0,0,0,0,1,1,1,0,0,0,1,0,0,0,1,0,1,1,1,0,1,0
0,0,1,0,0,0,0,0,1,0,1,0,0,1,1,0,0,0,1,0,1,0,1,0,1,0
0,0,1,0,1,0,0,0,1,0,0,1,0,1,1,0,0,0,1,0,1,0,1,0,2,0
0,1,0,0,0,0,0,0,1,0,0,1,0,1,1,1,0,0,1,0,0,0,1,0,0,0
0,0,1,1,0,0,0,0,1,0,0,0,0,1,0,0,0,0,1,0,1,1,1,-1,1,0
0,1,0,0,0,0,0,0,1,0,0,1,0,1,0,1,0,0,1,0,0,1,1,0,0,0
0,0,1,0,0,0,0,0,0,0,0,1,0,1,1,0,0,0,1,0,0,1,0,1,0,0
0,0,0,0,0,0,0,0,1,1,1,0,0,1,1,0,0,0,1,0,0,0,1,0,0,0
0,0,0,1,1,0,0,1,0,0,1,0,0,0,1,0,0,1,1,0,0,1,1,-2,2,0
0,0,1,0,0,1,0,0,1,0,0,1,1,1,1,1,1,0,0,0,0,0,2,0,0,2
0,0,0,0,0,0,0,0,1,1,1,0,0,0,0,0,0,0,1,0,0,0,1,-1,0,0
0,0,1,0,0,0,0,0,1,1,1,0,0,1,1,0,0,0,1,0,0,0,1,0,0,0
0,1,1,0,0,0,0,0,0,0,0,0,1,1,1,0,0,0,0,0,0,0,0,0,0,1
0,1,0,0,0,0,0,0,1,0,0,1,0,1,1,0,0,0,1,0,0,0,1,1,0,0
0,0,1,0,0,0,1,0,1,1,1,1,1,1,1,0,0,0,1,0,0,0,2,-1,0,1
0,0,0,0,0,0,0,0,1,0,0,0,0,1,0,0,0,0,0,0,0,0,1,1,0,0
0,1,1,0,0,0,0,0,1,1,1,1,0,1,0,0,0,0,1,0,1,0,1,1,1,0
1,0,1,0,0,0,0,1,0,0,0,1,0,0,0,0,0,0,1,0,1,1,1,-1,1,0
0,0,0,0,0,0,0,0,1,1,1,0,0,0,1,0,0,0,1,0,0,0,1,-1,0,0
0,1,1,0,0,1,0,0,1,0,0,1,1,1,1,0,0,0,0,0,0,0,2,0,0,2
0,0,1,1,0,0,0,0,0,0,0,1,0,1,0,0,0,0,0,0,0,1,0,1,0,0
0,0,1,0,0,0,0,0,1,1,1,1,0,1,1,0,0,0,1,0,0,1,1,-1,0,0
0,0,1,0,0,0,0,0,1,0,1,1,0,1,0,0,0,0,1,0,0,1,1,0,0,0
0,0,0,0,0,0,0,0,1,0,0,1,0,0,1,1,0,0,1,0,0,0,1,-2,0,0
0,0,1,0,0,0,0,0,1,0,0,1,0,1,0,0,0,0,0,0,0,1,1,0,0,0
0,0,0,0,0,0,0,0,0,1,0,0,0,1,0,0,0,0,1,0,1,0,0,1,1,0
0,0,1,0,0,0,0,0,1,0,0,1,0,1,0,1,0,0,1,0,0,1,1,0,0,0
0,0,1,0,0,1,0,0,1,0,0,1,1,1,1,1,0,0,0,0,0,0,2,0,0,2
0,0,1,0,0,0,0,0,1,0,0,0,0,0,1,0,0,0,1,0,1,1,1,0,1,0
0,0,0,0,0,0,0,0,1,0,0,1,0,1,1,0,0,0,0,0,0,0,1,1,0,1
0,0,1,0,0,1,0,1,0,0,0,1,0,1,1,0,0,0,0,0,0,1,2,1,0,1
0,0,1,0,0,1,0,0,0,0,0,1,0,1,0,0,0,0,0,0,1,0,1,0,1,1
0,0,1,0,0,0,0,0,1,0,1,0,0,0,1,1,0,0,1,0,0,1,1,-1,0,0
0,0,1,1,1,0,0,1,0,0,0,1,0,1,0,0,0,1,1,0,1,1,1,1,3,0
1,0,0,0,0,0,0,0,1,0,1,1,0,0,0,0,0,0,1,0,1,1,1,0,1,0
0,1,0,0,0,0,0,1,0,0,1,1,0,1,0,0,0,1,1,0,1,1,1,1,2,0
0,1,1,0,0,0,0,0,1,0,0,1,0,1,0,1,0,0,0,0,0,0,1,0,0,0
0,0,0,1,0,0,0,0,0,1,1,0,0,0,0,0,0,0,1,0,1,1,0,0,1,0
0,1,0,0,0,1,0,0,1,0,0,1,1,1,1,0,0,0,0,0,0,0,2,1,0,3
0,0,0,0,0,0,0,0,1,0,0,0,0,0,0,0,0,0,0,1,1,1,1,0,2,0
0,1,0,0,0,0,0,0,1,0,0,1,0,1,0,0,0,0,1,0,1,0,1,1,1,0
0,0,1,0,0,1,0,0,1,0,0,0,0,0,0,0,0,1,0,0,1,1,2,-1,2,1
0,0,1,0,0,0,1,0,1,1,0,1,0,1,1,0,0,0,1,0,0,0,2,0,0,0
0,0,1,1,1,0,0,1,0,1,1,1,0,1,0,0,0,1,1,0,1,1,1,0,3,0
0,0,0,0,0,0,0,0,1,0,1,0,0,0,1,0,0,0,1,0,0,1,1,-1,0,0
0,0,0,0,0,0,1,0,1,1,1,1,0,1,1,0,0,0,1,0,0,1,2,-1,0,1
0,0,0,0,0,1,0,1,0,0,0,0,0,0,0,0,0,1,0,0,1,1,2,0,2,1
0,0,0,0,1,0,0,0,0,0,0,0,0,0,0,0,0,1,1,0,1,1,0,0,3,0
0,0,0,0,0,0,0,0,1,1,1,0,0,0,1,1,0,0,1,0,1,0,1,0,1,0
0,1,0,0,0,0,0,0,1,0,1,0,0,1,1,0,1,0,1,0,0,0,1,0,0,0
0,1,1,0,1,0,0,0,1,0,0,1,0,1,0,0,0,0,1,0,0,1,1,-1,1,0
0,0,1,1,0,0,0,0,0,1,1,1,0,1,1,0,0,0,1,0,0,0,0,-1,0,0
0,0,0,0,0,1,0,0,1,0,0,1,0,1,1,0,0,0,0,0,0,0,2,1,0,1
0,0,0,0,0,0,0,0,0,0,1,0,0,1,0,0,0,0,1,0,1,0,0,1,1,0
0,1,0,0,0,0,0,0,1,0,0,1,0,1,1,0,0,0,1,0,1,0,1,1,1,0
0,0,0,0,0,0,0,0,1,0,0,1,0,0,0,0,0,0,1,0,1,0,1,0,1,0
0,0,0,0,0,0,0,0,1,0,0,1,0,1,1,0,0,0,1,0,0,0,1,0,0,0
1,0,0,0,0,0,0,0,1,1,1,1,0,1,0,0,0,0,1,0,0,0,1,1,0,0
0,1,0,0,0,0,0,0,1,1,1,1,0,1,0,0,0,0,1,0,0,0,1,1,0,0
0,0,1,0,0,0,0,0,1,0,1,1,0,1,0,0,0,0,1,0,0,1,1,1,0,0
0,0,1,1,1,0,0,1,0,1,1,0,0,0,0,0,0,1,1,0,1,1,1,-1,3,0
0,0,1,0,0,0,0,0,1,0,0,1,1,1,0,0,0,0,0,0,0,0,1,1,0,1
1,0,1,0,0,1,0,0,1,0,0,1,1,0,0,0,0,0,0,0,0,0,2,0,0,2
0,0,1,0,0,0,0,0,1,1,1,1,0,1,1,0,0,0,1,0,0,0,1,0,0,0
0,0,0,0,0,0,0,0,1,1,1,1,0,1,1,0,0,0,1,0,0,1,1,0,0,0
0,0,1,1,1,0,0,0,1,0,0,0,0,0,1,0,0,0,1,0,1,1,1,0,2,0
0,0,0,0,0,0,0,0,1,0,0,1,0,0,1,0,0,0,1,0,1,1,1,0,1,0
0,0,1,0,1,0,0,1,0,0,0,1,0,1,1,0,0,0,1,0,1,1,1,1,2,0
0,0,0,1,1,0,0,0,1,1,1,0,0,1,0,0,0,0,1,0,1,1,1,0,2,0
0,1,1,0,0,1,0,0,1,0,0,1,1,1,1,1,1,0,0,0,0,0,2,0,0,3
0,0,1,0,0,1,0,0,1,0,0,1,1,1,1,0,0,0,0,0,0,0,2,-1,0,2
0,0,1,0,0,1,0,0,1,0,0,1,1,1,1,0,0,0,0,0,0,0,2,0,0,2
0,0,0,0,0,0,0,0,0,0,0,0,0,0,0,0,0,0,0,0,0,1,0,0,0,1
0,0,1,0,0,0,0,0,0,1,1,1,0,1,1,0,0,0,1,0,0,1,0,1,0,0
0,0,1,0,0,0,0,0,1,0,0,1,0,1,1,1,1,0,1,0,0,0,1,0,0,0
0,0,0,0,0,0,0,0,1,0,0,0,0,0,0,1,0,0,1,0,1,0,1,-1,1,0
1,1,1,0,0,0,0,0,1,0,0,0,0,0,0,0,0,0,0,0,0,0,1,-1,0,0
0,0,0,1,0,1,0,1,0,0,0,0,0,0,1,0,0,1,0,0,1,1,2,0,2,1
0,0,0,0,0,0,0,0,1,0,1,0,0,0,1,0,0,0,1,0,1,1,1,0,1,0
0,1,1,0,0,0,0,0,1,0,0,0,0,1,1,0,0,0,1,0,1,1,1,0,1,0
0,0,0,1,0,0,0,0,1,0,1,0,0,1,1,0,0,0,1,0,1,1,1,1,1,0
0,0,1,0,0,0,0,0,1,1,1,1,0,0,1,0,0,0,1,0,0,0,1,0,0,0
0,0,1,1,0,0,0,0,1,0,0,1,0,1,1,0,0,0,1,0,0,0,1,0,0,0
0,0,0,0,0,0,0,0,1,1,1,0,0,0,1,0,0,0,1,0,0,1,1,0,0,0
1,0,0,0,0,0,0,0,1,0,0,0,0,0,0,0,0,1,1,0,1,0,1,0,2,0
0,1,1,0,0,0,0,0,1,1,1,1,0,1,1,0,0,0,1,0,1,0,1,1,1,0
0,0,0,0,0,0,0,0,1,0,0,1,0,0,0,0,0,1,1,0,1,1,1,-1,2,0
1,1,0,0,0,0,0,0,1,1,1,0,0,0,1,0,0,0,0,0,1,0,1,0,1,0
0,0,0,0,0,0,0,1,0,1,1,0,0,0,0,0,0,1,1,0,1,1,1,-1,2,0
0,1,0,0,0,0,0,0,1,0,0,0,0,1,1,1,0,0,1,0,0,0,1,1,0,0
0,0,1,0,0,0,0,0,0,0,0,1,1,1,0,0,0,0,0,0,0,0,0,1,0,1
0,0,1,0,0,0,0,1,0,1,1,1,0,1,1,0,0,1,1,0,1,1,1,0,2,0
0,0,0,0,0,0,0,1,0,1,1,0,0,1,0,0,0,1,1,0,1,1,1,1,2,0
0,0,1,1,0,0,0,0,1,1,1,1,0,1,1,0,0,0,1,0,0,1,1,0,0,0
1,0,0,0,0,0,0,0,0,0,0,0,0,0,0,0,0,1,0,0,0,0,0,0,1,1
0,0,0,0,1,0,0,0,1,0,1,0,0,1,0,0,0,1,1,0,1,1,1,1,3,0
0,0,0,0,1,0,0,0,1,0,1,1,0,1,1,0,0,0,1,0,0,1,1,1,1,1
0,1,1,0,0,1,0,0,1,0,0,1,0,1,0,0,0,0,0,0,0,0,2,1,0,1
0,0,1,0,0,0,0,0,1,1,1,1,0,0,1,0,0,0,1,0,0,1,1,-2,0,0
0,1,1,0,0,0,0,0,1,0,0,0,0,1,0,0,0,0,1,0,1,0,1,1,1,0
0,0,0,0,0,0,0,0,1,1,1,0,0,0,0,0,0,0,1,0,0,0,1,-1,0,0
0,0,0,1,1,0,0,0,0,0,1,0,0,0,0,0,0,0,1,0,0,1,0,0,1,0
0,1,0,0,0,1,0,0,1,0,0,1,0,1,1,0,0,0,0,0,0,0,2,1,0,1
0,1,0,0,0,0,0,0,1,0,0,1,0,1,1,1,0,0,1,0,0,0,1,0,0,0
0,1,0,0,0,0,0,0,1,0,0,1,0,0,0,0,0,0,1,0,1,0,1,0,1,0
0,0,1,0,0,0,0,0,0,1,1,1,0,0,0,0,0,0,1,0,1,1,0,0,1,0
0,0,1,0,0,0,0,0,0,0,1,0,0,0,1,0,0,1,1,0,1,1,0,-1,2,0
0,0,1,0,0,0,0,0,1,1,1,1,1,1,1,0,0,0,1,0,1,1,1,1,1,1
0,0,0,0,0,0,0,0,1,0,0,0,0,1,0,0,0,0,1,0,0,1,1,0,0,0
1,0,0,0,0,0,0,0,0,0,1,0,0,0,0,0,0,1,1,0,1,0,0,-1,2,0
0,0,1,0,0,0,0,0,1,0,0,0,0,1,0,0,0,0,1,0,0,1,1,0,0,0
0,0,1,0,0,0,0,0,0,1,1,1,0,0,1,0,0,0,1,0,0,1,0,-2,0,0
0,0,0,0,0,0,0,0,0,0,0,0,1,1,1,0,0,0,1,0,0,0,0,-1,0,1
0,0,1,1,0,0,0,0,1,1,1,0,0,0,1,0,0,0,1,0,0,0,1,-1,0,0
0,0,0,0,0,0,0,0,1,1,1,1,0,1,1,0,0,0,1,0,0,0,1,0,0,0
0,0,0,0,0,0,0,0,1,0,1,1,0,1,1,0,0,0,1,0,0,0,1,1,0,0
1,0,0,0,0,0,0,0,1,1,1,0,0,1,0,0,0,0,1,0,1,0,1,0,1,0
0,0,0,0,0,0,0,0,1,1,1,1,0,0,1,0,0,0,1,0,0,0,1,-1,0,0
0,0,0,0,0,1,0,0,1,0,0,1,0,1,1,0,0,0,0,0,0,1,2,1,0,1
0,0,1,0,1,0,0,0,1,0,1,1,0,0,1,0,0,0,1,0,1,1,1,0,2,0
0,0,0,0,1,0,0,0,1,1,1,1,0,0,1,0,0,0,1,0,0,0,1,-1,1,0
0,0,1,1,0,0,0,0,0,0,0,1,0,1,0,0,0,0,1,0,1,1,0,0,1,0
0,0,1,0,0,0,0,0,1,0,0,1,1,1,1,0,0,0,1,0,0,1,1,1,0,1
1,0,0,0,0,0,0,0,0,0,0,0,0,0,0,0,0,0,0,0,0,1,0,0,0,0
0,0,0,0,0,1,0,0,1,0,0,1,1,1,1,1,0,0,0,0,0,0,2,1,0,2
0,1,1,0,0,1,0,0,1,0,0,0,1,0,0,1,1,0,0,0,0,0,2,0,0,3
1,0,0,0,0,0,0,0,1,0,0,0,0,0,0,0,0,1,1,0,0,0,1,0,1,0
0,0,0,0,0,1,0,0,1,0,0,1,0,0,1,1,0,0,0,0,0,0,2,0,0,2
0,0,0,1,0,0,0,0,1,0,1,1,0,1,1,0,0,0,1,0,0,1,1,0,0,0
0,0,1,0,0,0,0,0,1,0,0,0,0,1,0,0,0,0,1,0,0,0,1,1,0,0
0,1,1,0,0,1,0,0,1,0,0,1,1,1,1,1,0,0,0,0,0,0,2,0,0,2
0,0,0,0,1,0,0,0,1,1,1,0,0,1,1,0,0,0,1,0,0,1,1,0,1,0
1,0,0,0,0,0,0,0,0,0,0,0,0,0,0,0,0,0,0,0,0,1,0,0,0,1
0,0,0,0,0,1,0,0,1,0,0,1,0,1,1,1,0,0,1,0,0,0,2,0,0,1
0,0,1,0,0,0,0,0,1,1,1,1,0,1,0,0,0,0,1,0,0,0,1,1,0,0
0,0,0,0,0,0,0,0,1,1,1,1,0,1,0,0,0,0,1,0,0,1,1,-1,0,0
0,0,0,1,1,0,0,0,0,1,1,0,0,1,1,0,0,0,1,0,1,1,0,0,2,0
0,0,0,0,0,1,0,0,1,0,0,1,1,1,1,0,0,0,0,0,0,0,2,0,0,2
0,0,1,1,0,0,0,0,0,0,0,1,0,1,0,0,0,0,1,0,1,0,0,1,1,0
0,0,1,0,0,1,0,0,1,0,0,0,0,1,1,0,0,0,0,0,0,0,2,1,0,1
0,0,0,0,0,0,0,0,1,1,1,1,0,1,0,0,0,0,1,0,1,0,1,1,1,0
0,0,1,0,0,1,0,0,1,0,0,1,0,1,1,0,0,0,0,1,1,1,2,1,2,1
0,0,0,1,1,0,0,1,0,0,1,0,0,1,0,0,0,1,1,0,1,1,1,0,3,0
0,1,0,0,0,0,0,0,1,0,0,1,0,0,1,0,0,0,0,0,1,0,1,0,1,0
0,1,0,0,0,0,0,0,1,1,1,0,0,1,1,0,0,0,1,0,0,0,1,1,0,0
0,0,1,1,0,0,0,0,1,0,1,1,0,1,1,0,0,0,1,0,0,1,1,0,0,0
0,1,0,0,0,1,0,0,1,0,0,1,0,0,1,1,0,0,0,0,0,1,2,-1,0,1
1,0,1,0,0,0,0,0,1,0,0,0,0,0,1,0,0,0,1,0,1,1,1,0,1,0
0,0,1,0,0,0,0,1,0,0,1,1,0,0,0,0,0,1,1,0,1,1,1,-1,2,0
0,0,1,1,0,1,0,1,0,0,0,1,0,1,0,0,0,1,0,0,1,1,2,1,2,1
0,1,0,1,1,0,0,0,0,0,0,1,0,1,1,0,0,0,1,0,0,0,0,-1,1,0
0,0,1,0,1,0,0,0,1,0,0,1,0,1,0,0,0,0,1,0,0,1,1,-1,1,0
0,0,0,0,0,0,0,0,1,0,0,1,0,1,0,0,0,0,1,0,1,1,1,1,1,0
0,0,1,1,0,0,0,1,0,1,1,0,0,0,0,0,0,1,1,0,1,0,1,-1,2,0
0,0,1,0,1,0,0,1,0,0,1,0,0,1,0,0,0,1,1,0,1,1,1,1,3,0
0,0,0,0,0,1,0,0,1,0,0,1,0,1,0,0,0,0,1,0,1,0,2,0,1,1
0,0,1,0,0,0,1,0,1,1,0,1,0,1,1,0,0,0,1,0,0,0,2,0,0,0
0,0,0,0,0,0,0,0,1,0,0,0,0,0,0,0,0,0,1,0,1,1,1,0,1,0
0,0,0,0,0,1,0,0,1,0,0,1,1,1,1,0,0,0,0,0,0,1,2,0,0,2
0,0,1,0,0,0,0,0,1,0,0,1,0,1,1,1,0,0,1,0,0,0,1,0,0,0
0,0,0,0,0,0,0,1,0,0,0,1,0,0,1,0,0,1,1,0,1,1,1,0,2,0
0,0,1,0,0,0,0,0,0,0,0,0,0,0,0,0,0,0,0,0,0,0,0,-2,0,1
0,0,1,0,1,0,0,0,1,1,1,0,0,1,1,0,0,0,1,0,0,1,1,-1,1,0
0,0,0,1,0,0,0,0,1,0,0,1,0,1,1,0,0,0,1,0,0,1,1,0,0,0
0,0,0,0,1,0,0,0,0,0,0,1,0,1,0,0,0,0,1,0,0,1,0,0,1,0
0,1,1,0,0,1,0,0,1,1,0,1,0,1,1,0,0,0,1,0,0,0,2,1,0,1
0,0,1,0,0,0,0,0,1,1,1,0,0,1,0,0,0,1,1,0,1,1,1,0,2,0
0,0,1,0,0,1,1,0,1,0,0,1,1,1,1,0,0,0,0,0,0,0,3,1,0,2
0,0,0,0,0,1,0,0,1,0,0,1,1,1,1,0,0,0,0,0,0,0,2,1,0,2
0,0,0,0,0,0,0,0,1,0,1,1,0,1,0,0,0,0,1,0,0,1,1,-1,0,0
0,0,0,0,0,0,0,0,1,0,1,1,0,1,1,0,0,0,1,0,0,0,1,1,0,0
0,0,0,0,0,1,0,0,1,0,0,1,1,1,0,1,0,0,0,0,0,0,2,1,0,2
0,1,1,0,0,0,0,0,1,0,0,0,0,1,1,0,0,0,0,0,0,0,1,0,0,0
0,1,1,0,0,1,0,0,1,0,0,1,0,1,0,1,1,0,0,0,0,0,2,0,0,1
1,0,1,0,0,0,0,0,1,0,0,0,0,0,1,0,0,0,1,0,0,0,1,-1,0,0
0,1,0,0,0,0,0,0,1,1,1,1,0,1,0,1,0,0,1,0,0,0,1,-1,0,0
0,0,1,0,0,0,0,0,1,1,1,1,0,1,0,0,0,0,1,0,0,0,1,0,0,0
1,0,1,0,0,1,0,0,1,0,0,1,1,1,1,0,0,0,0,0,0,0,2,0,0,2
0,0,0,0,1,0,0,0,1,0,1,0,0,1,1,0,0,0,1,0,0,1,1,1,1,0
0,0,0,0,0,0,0,0,1,1,1,1,0,1,0,0,0,0,1,0,0,1,1,-1,0,0
0,0,0,0,0,1,0,0,1,0,0,0,0,1,1,0,0,0,0,0,0,0,2,0,0,1
0,0,1,1,0,0,0,0,0,0,0,1,0,0,0,0,0,0,1,0,0,1,0,-2,0,0
0,0,0,0,0,0,0,0,1,0,0,1,0,0,0,0,0,0,0,0,1,0,1,0,1,0
0,0,0,0,0,1,0,1,0,0,0,0,0,0,0,0,0,1,0,0,0,1,2,-2,1,1
0,0,1,0,0,0,0,1,0,1,1,0,0,0,1,0,0,1,1,0,0,1,1,-2,1,0
0,0,0,0,0,0,0,0,1,0,0,1,0,1,0,0,0,0,1,0,0,0,1,1,0,0
0,0,1,1,0,0,0,0,0,1,0,0,0,0,0,0,0,0,1,0,1,1,0,0,1,0
0,0,1,0,0,0,0,0,1,0,0,1,1,1,1,1,1,0,0,0,0,0,1,-1,0,1
0,0,0,0,0,0,0,0,0,1,1,1,0,0,0,0,0,0,1,0,1,1,0,0,1,0
0,0,0,0,0,0,0,0,1,0,0,0,0,0,0,0,0,0,1,0,1,0,1,-1,1,0
0,0,1,0,0,0,0,0,1,0,0,0,0,0,0,0,0,0,1,0,1,1,1,0,1,0
0,0,1,0,0,0,1,0,1,0,0,0,0,1,0,0,0,0,0,0,0,0,2,0,0,0
0,0,0,0,0,0,0,0,1,0,0,1,0,1,0,0,0,1,1,0,1,0,1,1,2,0
0,0,1,0,0,1,0,0,1,0,0,0,1,1,1,0,1,0,0,0,0,0,2,0,0,2
0,0,0,0,0,0,0,0,1,0,0,0,0,0,1,0,0,0,1,0,0,0,1,-1,0,0
0,1,1,0,0,0,1,0,1,0,0,1,0,1,1,0,0,0,0,0,0,0,2,1,0,0
0,0,1,0,0,0,0,0,1,0,0,0,0,0,0,0,0,0,0,0,0,0,1,-2,0,0
1,1,0,0,0,0,0,0,0,0,1,0,0,0,0,0,0,0,1,0,0,0,0,0,0,0
0,0,0,0,0,1,0,0,1,0,0,1,1,1,1,1,0,0,0,0,0,0,2,1,0,3
0,0,1,0,0,0,0,0,1,1,1,0,0,1,1,0,0,0,1,0,0,1,1,-1,0,0
1,0,0,0,0,0,0,0,1,0,0,0,0,0,0,0,0,0,1,0,1,1,1,-1,1,0
0,0,0,0,0,0,0,0,1,0,0,1,0,1,1,0,0,0,0,0,0,1,1,0,0,0
0,0,1,0,0,1,0,0,1,0,0,1,0,1,1,0,0,0,0,0,1,0,2,1,1,1
0,1,0,0,1,0,0,0,1,1,1,1,0,1,1,0,0,0,1,0,0,0,1,0,1,0
0,1,0,0,0,1,0,0,1,0,0,1,1,1,1,0,0,0,0,0,0,0,2,0,0,2
0,0,0,0,0,0,0,0,1,0,0,0,0,1,1,0,0,0,1,0,0,1,1,0,0,1
0,1,1,0,0,0,0,0,1,0,1,0,0,0,1,0,0,0,1,0,0,0,1,-1,0,0
0,0,0,0,0,0,0,0,1,0,1,0,0,0,1,0,0,0,1,0,0,1,1,-1,0,0
1,0,1,0,0,0,0,0,1,0,0,1,1,0,0,0,0,0,0,0,0,0,1,-1,0,1
0,0,0,0,0,0,0,0,1,1,1,1,0,0,0,0,0,0,1,0,0,0,1,0,0,0
0,0,1,0,0,1,0,0,1,0,0,0,0,1,1,0,0,0,0,0,0,0,2,1,0,1
0,0,0,0,0,0,0,0,1,0,0,1,0,1,0,0,0,0,1,0,1,1,1,1,1,0
0,0,0,0,0,0,0,0,0,1,1,0,0,1,1,0,0,0,1,0,0,0,0,1,0,0
0,0,0,0,0,0,0,0,1,0,0,1,0,1,1,0,0,0,1,0,0,0,1,1,0,0
0,0,0,0,0,0,0,0,1,0,0,1,0,1,1,1,0,0,1,0,0,0,1,-1,0,0
0,0,0,1,1,0,0,0,0,0,1,0,0,0,0,0,0,0,1,0,1,0,0,-1,2,0
0,0,0,0,0,0,0,0,0,0,0,1,0,1,1,0,0,0,1,0,0,1,0,0,0,0
0,1,1,0,0,1,0,0,1,0,0,1,0,1,1,0,0,0,0,0,0,0,2,1,0,1
0,0,0,0,0,0,0,0,1,1,1,0,0,0,0,1,0,0,1,0,1,0,1,0,1,0
0,0,0,0,0,0,0,0,1,0,0,1,1,1,1,1,0,0,1,0,0,0,1,1,0,1
0,0,1,0,0,1,0,0,1,0,0,0,1,1,1,0,0,0,0,0,0,0,2,1,0,2
0,0,0,1,0,0,0,0,0,0,0,0,0,0,0,0,0,0,1,0,1,1,0,0,1,0
0,0,1,0,1,0,0,1,0,0,1,0,0,0,0,0,0,1,1,0,1,1,1,-1,3,0
0,0,1,0,0,0,0,0,1,0,0,0,0,0,0,0,0,0,1,0,1,1,1,0,1,0
0,1,1,0,0,1,0,0,1,0,0,1,0,1,0,0,0,0,0,0,0,0,2,1,0,1
0,0,1,0,0,1,0,0,1,0,0,1,1,1,0,0,0,0,0,0,0,0,2,0,0,2
0,1,0,0,0,1,0,0,1,0,0,0,0,1,0,0,1,0,0,0,0,0,2,1,0,1
0,1,0,0,0,0,0,0,1,1,1,0,0,1,1,0,0,0,1,0,0,0,1,1,0,0
0,0,0,0,0,0,0,1,0,1,1,0,0,0,0,0,0,1,1,0,1,1,1,0,2,0
0,0,0,0,0,0,0,0,1,0,0,1,0,1,1,1,0,0,1,0,0,1,1,-1,0,1
0,1,0,0,0,0,0,0,1,0,0,0,0,1,0,0,0,0,1,0,0,0,1,-1,0,0
0,1,1,0,0,0,0,0,1,0,1,1,1,1,1,0,1,0,1,0,0,0,1,-1,0,1
1,0,0,0,0,0,0,0,1,0,0,0,0,0,0,0,0,0,1,0,0,1,1,-2,0,0
0,1,1,0,0,0,0,0,1,1,1,0,0,0,1,0,0,0,1,0,0,1,1,-2,0,0
0,0,0,0,0,0,0,0,1,0,0,0,0,0,1,0,0,0,1,0,0,0,1,-2,0,0
0,1,0,0,0,0,0,0,1,0,0,1,0,1,1,0,0,0,1,0,0,0,1,-1,0,0
0,1,0,0,0,1,0,0,1,0,0,1,0,1,0,1,0,0,0,0,0,0,2,1,0,2
0,0,0,0,0,0,1,0,1,0,0,1,0,1,1,0,0,0,1,0,0,1,2,-1,0,0
0,0,0,0,0,0,0,0,1,0,1,1,0,1,1,0,0,0,1,1,0,1,1,1,1,0
0,0,1,0,0,0,0,0,0,1,1,1,0,1,1,0,0,0,1,0,0,1,0,-1,0,0
0,1,1,0,0,0,0,0,1,1,1,1,0,0,1,0,0,0,1,0,0,1,1,-1,0,0
0,0,1,0,0,0,0,0,1,0,0,0,0,1,0,0,0,0,1,0,1,1,1,1,1,0
0,0,1,0,0,0,0,0,1,0,0,1,0,1,1,0,0,0,1,0,0,0,1,1,0,0
0,1,1,0,0,0,0,0,1,0,0,1,0,0,1,0,0,0,1,0,0,0,1,-2,0,0
0,0,0,0,0,0,0,0,1,1,0,0,0,1,1,0,0,0,1,0,0,1,1,-1,0,0
1,1,1,0,0,1,0,0,1,0,0,1,1,0,0,0,1,0,0,0,0,0,2,-2,0,2
1,0,1,0,0,1,0,0,1,0,0,1,1,0,0,0,0,0,0,0,1,0,2,0,1,3
0,0,0,0,0,0,0,0,1,1,1,0,0,1,1,0,0,0,1,0,0,0,1,1,0,0
0,0,0,0,0,0,0,1,0,0,0,1,0,1,0,1,0,0,1,0,0,1,1,-1,0,0
0,0,1,0,0,0,0,0,1,0,0,1,0,1,0,0,0,0,0,0,1,0,1,1,1,0
0,1,1,0,0,1,0,0,1,0,0,1,1,1,1,0,0,0,0,0,0,0,2,1,0,2
0,0,0,1,0,0,0,0,0,0,0,1,0,1,1,0,0,0,1,0,0,1,0,0,0,0
0,0,1,0,1,0,0,0,1,0,0,0,0,0,1,0,0,0,0,1,1,1,1,0,3,1
0,0,1,0,0,1,0,0,1,0,0,1,1,1,1,1,1,0,0,0,0,0,2,1,0,2
0,0,1,0,0,0,0,0,1,0,0,0,0,0,1,1,0,1,0,0,0,1,1,0,1,1
0,0,0,0,0,0,0,0,1,1,1,1,0,1,1,0,0,0,1,0,0,1,1,0,0,0
0,0,0,0,0,0,0,0,1,1,1,0,0,0,0,0,0,0,1,0,0,1,1,-2,0,0
0,0,1,1,1,0,0,0,1,0,0,0,0,0,1,0,0,0,1,0,0,1,1,-1,1,0
0,0,0,0,1,0,0,0,1,1,1,1,0,1,0,0,0,0,1,0,0,0,1,-1,1,0
0,0,1,0,0,0,0,1,0,0,0,0,0,1,1,0,0,0,1,0,0,1,1,1,0,0
0,0,1,0,0,0,0,0,0,0,0,0,0,0,0,0,0,0,0,0,0,1,0,-1,0,0
0,0,0,0,0,1,0,0,1,0,0,0,0,0,0,0,0,1,0,0,1,1,2,-1,2,2
0,0,0,1,1,0,0,0,0,0,0,1,0,1,1,1,0,0,1,0,0,0,0,0,1,0
0,0,1,1,1,0,0,0,1,0,1,1,0,1,1,0,0,0,1,0,1,1,1,1,2,0
0,0,1,1,0,0,0,0,0,1,1,0,0,0,1,1,0,0,1,0,1,1,0,0,1,0
0,0,0,0,0,0,0,0,1,0,0,1,0,1,1,1,0,0,1,0,0,1,1,0,0,0
0,0,0,0,0,0,0,0,1,0,1,1,0,0,1,0,0,0,1,0,1,1,1,0,1,0
0,0,1,0,0,1,0,0,1,0,0,1,1,1,0,1,0,0,0,0,0,0,2,1,0,2
0,0,1,0,0,0,0,0,0,0,0,1,0,1,0,0,0,0,0,0,1,0,0,1,1,0
0,0,0,0,0,0,0,0,1,0,0,1,1,1,1,0,0,0,0,0,0,0,1,1,0,1
0,1,1,0,0,0,0,0,1,0,0,1,0,0,1,0,0,0,1,0,0,1,1,-1,0,0
0,0,0,0,0,0,0,1,0,1,1,0,0,0,0,1,0,0,1,0,0,1,1,-1,0,0
0,1,1,0,0,0,0,0,1,0,0,1,0,1,1,1,0,0,1,0,0,0,1,1,0,0
0,0,0,0,0,0,0,0,1,0,0,0,0,0,0,0,0,0,1,0,0,1,1,-1,0,1
0,0,0,0,0,0,0,0,1,0,1,0,0,0,0,0,0,1,1,0,1,1,1,-1,2,0
0,0,1,0,0,0,0,0,1,1,1,0,0,1,1,0,0,0,1,0,1,1,1,0,1,0
0,0,1,1,0,0,0,0,0,0,0,0,0,0,0,0,0,0,1,0,0,0,0,-2,0,0
0,0,1,0,0,0,0,0,1,0,1,1,0,1,0,0,0,0,1,0,1,1,1,1,1,0
0,1,1,0,0,1,0,0,1,0,0,1,1,1,1,0,1,0,0,0,0,0,2,1,0,2
0,0,0,1,0,0,0,0,0,1,1,0,0,1,1,0,0,1,1,0,1,1,0,1,2,0
0,0,0,0,0,0,0,0,1,0,0,1,0,0,0,0,0,0,1,0,0,1,1,0,0,0
0,1,1,0,0,0,0,0,1,0,0,1,0,1,0,0,1,0,1,0,0,0,1,-1,0,0
0,0,0,1,1,0,0,1,0,0,1,0,0,0,0,0,0,1,1,0,1,1,1,0,3,0
0,0,1,0,0,0,0,0,1,0,0,1,0,1,1,0,0,0,1,0,0,1,1,0,0,0
0,0,0,0,0,0,1,0,1,1,1,1,0,1,1,0,0,0,1,0,0,1,2,1,0,0
0,0,0,0,0,0,0,0,1,1,1,0,0,0,1,0,0,0,1,0,0,0,1,-1,0,0
0,0,1,0,0,1,0,0,1,0,0,1,0,0,0,0,0,0,0,0,0,0,2,-2,0,1
0,0,1,0,0,0,0,0,1,1,0,0,0,1,1,0,0,0,1,0,0,1,1,0,0,0
0,1,0,0,0,0,0,0,1,1,1,1,0,1,0,0,0,0,1,0,0,0,1,0,0,0
0,1,1,0,0,0,0,0,1,1,1,1,0,1,1,1,0,0,1,0,0,0,1,-1,0,0
0,0,1,1,1,0,0,1,0,1,1,1,0,1,0,0,0,1,1,0,1,1,1,1,3,0
0,0,0,0,0,1,0,0,1,0,0,1,0,1,1,0,0,0,0,0,0,1,2,1,0,1
0,0,1,0,0,0,0,0,0,1,1,1,0,1,1,0,0,0,1,0,1,1,0,0,1,0
0,0,1,0,0,0,0,0,0,0,1,1,0,1,0,0,0,0,1,0,1,1,0,1,1,0
0,0,1,0,0,0,0,0,1,1,1,1,0,1,1,0,0,0,1,0,1,0,1,1,1,0
0,1,0,0,0,0,0,0,1,0,0,0,0,1,0,0,0,0,0,0,0,0,1,0,0,0
0,0,0,0,0,0,0,0,0,0,0,1,0,1,1,0,0,0,1,0,0,1,0,0,0,0
0,0,0,0,0,0,0,0,1,0,0,1,0,1,0,0,0,0,0,0,0,0,1,1,0,0
0,1,1,0,0,1,0,0,1,0,0,0,0,1,1,0,0,0,0,0,0,0,2,1,0,1
0,0,1,0,0,0,0,0,1,0,1,0,0,0,1,0,0,1,1,0,0,0,1,-1,1,0
0,0,0,0,0,0,0,0,0,1,1,0,0,0,1,0,0,0,1,0,0,1,0,-1,0,0
0,0,1,0,1,0,0,0,1,1,1,1,0,1,0,0,0,0,1,0,1,1,1,0,2,0
0,0,1,0,0,0,0,0,1,1,1,0,0,1,1,0,0,0,1,0,1,1,1,0,1,0
0,0,0,0,0,0,0,0,1,1,1,0,0,0,0,0,0,0,1,0,1,0,1,0,1,0
0,0,0,0,0,1,0,0,1,0,0,0,0,1,0,0,0,0,0,0,0,1,2,1,0,2
0,0,1,1,0,0,0,1,0,0,0,0,0,1,0,0,0,1,1,0,1,1,1,1,2,0
0,0,1,0,0,1,0,0,1,0,0,1,1,1,1,0,0,0,0,0,0,0,2,0,0,2
0,1,0,0,0,0,0,0,0,0,0,0,0,0,0,0,0,0,1,0,1,0,0,0,1,0
0,0,0,0,0,0,0,0,1,0,0,1,0,1,0,0,0,0,1,0,0,1,1,1,0,0
0,0,0,0,0,0,0,0,1,1,1,0,0,1,0,0,0,0,1,0,1,0,1,1,1,0
0,0,0,0,0,1,0,0,1,0,0,1,1,1,1,0,0,0,0,0,0,0,2,1,0,3
0,0,0,0,0,0,0,0,0,1,1,0,0,0,0,0,0,0,1,0,1,1,0,0,1,0
0,1,1,0,0,0,0,0,1,0,0,1,0,1,1,0,0,0,1,0,0,0,1,0,0,0
0,0,0,0,0,0,0,0,1,0,1,1,0,1,1,0,0,0,1,0,0,1,1,0,0,0
1,0,0,0,0,0,0,0,1,0,1,1,0,0,0,0,0,0,1,0,1,0,1,0,1,0
0,0,1,0,0,1,0,0,1,0,0,1,1,1,1,0,0,0,0,0,0,1,2,0,0,2
0,0,1,0,0,0,0,0,0,0,1,1,0,1,0,0,0,0,1,0,1,1,0,1,1,0
0,0,0,0,0,0,0,0,0,0,0,1,0,0,0,0,0,0,1,0,1,1,0,-1,1,0
0,0,1,1,1,0,0,0,1,0,0,1,0,1,0,0,0,0,1,0,0,1,1,0,1,0
0,1,1,0,0,0,0,0,1,0,0,1,0,1,1,0,0,0,1,0,0,0,1,0,0,0
0,1,1,0,0,0,0,0,1,0,0,1,0,1,0,0,0,0,1,0,0,0,1,1,0,0
0,0,1,0,0,0,0,0,1,0,0,0,0,0,0,0,0,1,0,0,0,1,1,0,1,0
0,0,0,0,0,0,0,1,0,0,0,0,0,0,0,0,0,1,0,0,1,1,1,0,2,0
0,0,0,0,0,0,0,0,1,0,0,0,0,1,1,0,0,0,0,0,0,0,1,0,0,0
0,0,0,0,0,1,0,0,1,0,0,1,1,1,1,0,0,0,0,0,0,1,2,0,0,2
0,1,1,0,0,1,0,0,1,0,0,1,1,1,0,0,1,0,0,0,0,0,2,0,0,3
1,0,1,0,0,0,0,0,1,0,0,0,0,0,0,0,0,0,1,0,0,1,1,-1,0,0
0,0,1,0,0,0,0,0,0,0,0,1,0,0,1,0,0,0,1,1,0,1,0,-1,1,0
0,0,0,0,0,0,0,0,1,1,1,1,0,1,1,0,0,0,1,0,0,0,1,-1,0,0
0,0,0,0,0,0,0,0,1,0,0,0,0,0,0,0,0,0,1,0,1,0,1,0,1,0
0,1,0,0,0,1,0,0,1,1,1,1,0,1,1,0,0,0,1,0,0,1,2,-1,0,1
0,0,1,0,0,0,0,0,1,0,0,1,1,0,0,0,0,1,0,0,0,1,1,0,1,1
0,0,0,0,1,0,0,1,0,0,0,0,0,0,0,0,0,1,1,0,1,1,1,0,3,0
0,1,1,0,0,0,0,0,1,0,0,1,1,1,1,0,0,0,0,0,0,0,1,0,0,1
0,0,1,1,0,0,0,0,1,0,0,0,0,0,1,0,0,0,1,0,0,1,1,0,0,0
0,1,0,0,0,1,0,0,1,0,0,1,1,1,1,1,0,0,0,0,0,0,2,-1,0,2
1,0,1,0,0,0,0,0,0,0,0,0,0,0,0,0,0,0,0,0,1,0,0,0,1,0
0,0,0,0,0,0,0,0,1,0,1,0,0,0,0,0,0,0,1,0,0,1,1,0,0,0
0,0,1,0,0,0,0,0,1,1,1,1,0,1,1,0,0,0,1,0,0,1,1,1,0,0
1,1,1,0,0,0,0,0,1,0,0,1,1,1,1,1,0,0,0,0,0,0,1,0,0,1
0,0,0,0,0,0,0,0,1,0,0,1,0,1,0,0,1,0,1,0,0,0,1,1,0,0
0,1,1,0,0,0,0,0,1,0,0,1,0,1,0,0,0,0,0,0,0,0,1,1,0,0
0,0,0,0,0,0,0,0,0,1,1,0,0,0,0,0,0,0,1,0,1,0,0,-1,1,0
1,0,0,0,1,0,0,0,1,1,1,0,0,0,0,0,0,0,1,0,1,0,1,0,2,0
0,0,1,0,0,0,0,0,1,1,1,1,0,1,1,0,0,0,1,0,0,0,1,0,0,0
0,0,0,0,0,0,0,0,0,1,1,0,0,0,0,0,0,0,1,0,1,1,0,-1,1,0
0,0,1,0,0,1,0,0,1,0,0,1,1,1,1,0,0,0,0,0,0,0,2,1,0,2
0,1,0,0,0,0,0,0,0,0,0,1,0,1,0,1,0,0,1,0,0,0,0,0,0,0
0,0,0,0,0,1,0,0,1,0,0,1,1,1,0,1,1,0,0,0,0,0,2,0,0,2
0,0,1,0,0,1,0,0,1,0,0,1,0,1,1,1,0,0,0,0,0,1,2,0,0,1
0,0,1,0,1,0,0,1,0,0,1,1,0,1,0,0,0,1,1,0,1,1,1,1,3,0
0,0,0,0,0,1,0,0,1,0,0,0,1,1,0,0,0,0,0,0,0,0,2,0,0,2
0,0,1,0,0,0,0,0,0,0,0,1,0,1,1,1,1,0,1,0,0,1,0,-1,0,0
0,0,0,0,0,0,0,0,1,1,1,1,0,1,1,0,0,0,1,0,1,0,1,1,1,0
0,1,0,0,0,0,0,0,1,1,1,1,0,1,0,0,0,0,1,0,1,0,1,1,1,0
0,0,1,0,0,0,0,0,1,0,1,0,0,0,1,0,0,0,1,0,1,1,1,0,1,0
0,0,0,0,0,0,0,0,1,1,0,0,0,0,0,0,0,0,1,0,0,0,1,0,0,0
0,0,0,0,0,0,0,0,1,1,1,1,0,1,1,0,0,0,1,0,0,0,1,1,0,0
0,0,0,0,0,0,0,0,1,0,0,1,0,1,0,1,0,0,0,0,0,0,1,1,0,0
0,1,0,0,0,0,0,0,1,1,0,1,0,1,0,0,0,0,1,0,1,1,1,0,1,0
0,0,1,0,0,0,0,0,1,0,0,1,0,1,0,0,0,0,1,0,1,1,1,1,1,0
0,0,1,0,0,1,0,0,0,0,0,1,0,1,0,0,0,0,0,0,0,0,1,0,0,2
0,0,0,0,0,0,0,0,1,1,1,1,0,1,0,0,0,0,1,0,1,1,1,-1,1,0
0,0,0,0,0,1,0,0,1,0,0,1,1,1,0,0,0,0,0,0,0,0,2,1,0,2
0,0,0,0,0,0,0,0,1,1,0,1,0,1,1,0,0,0,1,0,0,0,1,-1,0,0
0,0,1,0,0,0,0,0,1,1,1,1,0,1,0,0,0,0,1,0,0,0,1,-1,0,0
0,0,0,0,1,0,0,0,1,1,1,0,0,1,0,0,0,0,1,0,0,1,1,-1,1,0
0,1,0,0,0,0,0,0,1,1,1,0,0,1,1,1,0,0,1,0,0,0,1,0,0,0
0,0,1,1,0,0,0,0,0,1,1,1,0,0,1,1,0,0,1,0,1,1,0,0,1,0
0,0,0,0,0,0,0,0,1,0,0,1,0,1,1,0,0,0,1,0,0,1,1,0,0,0
0,0,0,0,0,1,0,0,1,0,0,1,1,1,1,1,1,0,0,0,0,0,2,0,0,2
0,0,0,0,0,0,0,0,1,1,1,1,0,0,1,0,0,0,1,0,0,0,1,-1,0,0
0,0,0,0,0,0,0,0,1,1,0,1,0,1,1,1,0,0,1,0,0,0,1,1,0,0
0,0,1,0,0,0,0,0,1,0,1,1,0,1,1,0,0,0,1,0,0,1,1,0,0,0
0,0,0,1,1,0,0,1,0,1,1,0,0,0,0,0,0,1,1,0,1,1,1,-1,3,0
0,1,1,0,0,0,0,0,1,1,1,1,0,1,1,0,0,0,1,0,1,0,1,1,1,0
0,0,0,0,0,0,0,0,1,0,0,0,0,0,0,1,0,0,1,0,0,0,1,-1,0,0
0,0,0,0,0,0,0,0,1,0,1,1,0,1,1,0,0,0,1,0,0,1,1,0,0,0
0,1,1,0,0,1,0,0,1,0,0,1,1,1,1,0,0,0,0,0,0,0,2,0,0,2
0,0,0,0,0,1,0,0,1,0,0,1,1,1,1,1,0,0,0,0,0,0,2,1,0,3
0,0,0,0,0,1,0,0,1,0,0,1,0,1,1,0,0,0,0,0,0,0,2,1,0,1
0,0,1,0,1,0,0,1,0,0,0,0,0,1,1,0,0,0,1,0,1,1,1,1,2,0
0,0,1,0,0,1,0,0,1,0,0,0,0,0,0,0,0,0,0,0,0,0,2,-1,0,2
0,0,0,0,0,0,0,1,0,0,1,1,0,1,1,0,0,0,1,0,1,1,1,1,1,0
0,0,0,0,0,0,0,0,1,1,1,1,0,0,1,0,0,0,1,0,0,1,1,-2,0,0
0,0,1,0,0,1,0,0,1,0,0,0,0,1,1,0,0,0,0,0,0,1,2,-1,0,1
0,0,0,0,0,0,1,0,1,1,1,0,0,1,1,0,0,0,1,0,0,1,2,0,0,0
0,0,1,0,0,1,0,0,1,0,0,1,1,1,1,0,1,0,0,0,0,0,2,0,0,2
0,1,1,0,0,0,0,0,1,0,0,1,0,0,1,1,0,0,1,0,0,0,1,0,0,0
0,0,1,0,0,0,0,0,1,0,0,1,0,1,0,0,0,0,1,0,1,1,1,0,1,0
0,0,0,0,0,0,0,1,0,1,1,0,0,0,1,0,0,1,1,0,1,1,1,0,2,0
0,0,1,0,0,1,0,0,1,0,0,1,1,1,0,0,1,0,0,0,0,0,2,0,0,2
0,0,0,0,0,0,0,0,1,1,1,0,0,1,0,1,0,0,1,0,1,0,1,0,1,0
0,0,1,0,0,1,0,1,0,0,0,0,0,1,0,0,0,1,0,0,1,1,2,1,2,1
1,0,1,0,0,0,0,0,1,1,1,0,0,0,0,0,0,0,1,0,0,0,1,-1,0,0
0,0,0,0,0,0,0,0,1,1,1,0,0,1,1,0,0,0,1,0,0,0,1,-1,0,0
0,0,1,0,0,0,0,0,1,0,0,1,0,1,1,1,0,0,1,0,0,0,1,-1,0,0
1,1,0,0,0,0,0,0,0,1,1,0,0,1,1,0,0,0,1,0,0,0,0,-1,0,0
1,0,0,0,1,0,0,0,1,0,0,0,0,0,0,0,0,0,1,0,1,1,1,-1,2,0
1,0,1,0,1,0,0,0,1,1,1,1,0,0,1,0,0,0,1,0,0,1,1,-2,1,0
0,1,0,0,0,1,0,0,1,0,0,0,1,1,1,0,0,0,0,0,0,0,2,0,0,2
0,0,1,0,0,0,0,0,1,1,1,0,0,1,1,0,0,0,1,1,0,1,1,-1,1,1
0,0,1,0,0,0,1,0,1,0,0,1,0,1,1,0,0,0,1,0,1,0,2,1,1,0
0,0,0,0,0,1,0,0,1,0,0,1,0,1,1,1,0,0,0,0,0,0,2,1,0,1
0,0,0,0,1,0,0,0,0,0,0,1,0,1,1,0,0,0,1,0,0,1,0,0,1,0
0,0,1,0,0,0,0,0,1,1,1,0,0,0,1,0,0,0,1,0,1,1,1,-1,1,0
0,1,0,0,0,0,0,0,1,1,1,0,0,1,1,0,0,0,1,0,0,1,1,1,0,0
0,0,0,0,0,0,0,0,1,0,1,0,0,0,0,0,0,1,1,0,1,1,1,0,2,0
0,0,1,0,0,1,0,0,1,0,0,1,1,1,1,0,0,0,0,0,0,0,2,1,0,2
0,0,1,0,1,0,0,0,1,1,1,1,0,0,1,0,0,0,1,0,0,0,1,-2,1,0
0,0,0,0,0,0,0,0,1,1,1,1,0,1,1,1,0,0,1,0,0,0,1,0,0,0
0,0,1,0,0,0,0,0,1,0,0,1,0,1,1,0,0,0,1,0,0,1,1,0,0,0
0,0,0,0,0,0,0,0,1,0,1,0,0,1,0,0,0,0,1,0,0,1,1,0,0,0
0,1,1,0,0,0,0,0,1,0,0,1,1,1,1,0,0,0,0,0,0,0,1,0,0,1
0,0,0,0,0,0,0,0,0,0,0,0,0,1,0,0,0,0,0,0,1,0,0,1,1,0
0,0,1,1,1,0,0,1,0,0,0,1,0,1,0,0,0,1,1,0,1,1,1,1,3,0
0,0,0,0,0,0,0,0,1,0,1,0,0,0,0,0,0,0,1,0,0,0,1,0,0,0
0,0,0,0,0,0,0,0,1,0,0,1,0,0,1,1,0,0,1,0,0,0,1,0,0,0
0,1,1,0,0,1,0,0,1,0,0,0,1,1,1,1,1,0,0,0,0,0,2,1,0,2
0,1,0,0,0,0,0,0,1,0,0,1,0,0,1,0,0,0,1,0,0,0,1,0,0,0
0,0,0,0,0,0,0,0,1,1,1,0,0,1,1,0,0,0,1,0,1,0,1,0,1,0
0,0,0,1,0,0,0,0,1,0,1,0,0,0,1,0,0,0,1,0,1,1,1,0,1,0
0,0,1,0,0,0,0,0,1,1,1,1,0,1,0,0,0,0,1,0,0,0,1,0,0,0
0,0,1,0,0,0,0,0,1,1,1,1,0,1,1,0,0,0,1,0,0,0,1,0,0,0
0,0,0,0,0,1,0,0,1,0,0,1,1,1,1,1,0,0,0,0,0,0,2,0,0,2
0,0,1,0,0,0,0,0,1,1,1,1,0,1,0,0,0,0,1,0,0,1,1,-1,0,0
0,0,1,1,0,0,0,0,0,0,0,1,0,1,0,0,0,0,1,0,1,1,0,1,1,0
0,0,1,0,0,0,0,0,1,1,1,0,0,0,1,0,0,0,1,0,1,1,1,-1,1,0
0,0,0,0,0,0,0,0,0,1,0,1,0,1,0,0,0,0,1,0,1,0,0,1,1,0
0,1,0,0,0,1,0,0,1,0,0,1,1,1,1,1,0,0,0,0,0,0,2,1,0,2
0,0,1,0,0,0,0,0,1,0,0,1,0,1,0,0,0,0,1,0,0,1,1,1,0,0
0,1,0,0,0,1,0,0,1,0,0,0,0,1,0,0,0,0,0,0,1,0,2,0,1,1
0,1,1,0,0,0,0,0,1,1,0,1,0,1,1,0,0,0,1,0,1,1,1,0,1,0
0,1,0,0,0,0,0,0,1,0,0,1,0,1,1,0,0,0,0,0,0,0,1,1,0,0
0,0,0,0,0,0,0,0,1,1,1,0,0,0,0,0,0,0,1,0,0,1,1,-1,0,0
0,0,1,0,0,0,0,0,1,0,1,1,0,0,1,0,0,0,1,0,0,0,1,-1,0,0
0,0,1,0,1,0,0,0,1,0,0,1,0,1,1,0,0,0,1,0,0,1,1,1,1,0
0,0,0,0,0,0,0,0,1,0,1,1,0,1,0,0,0,0,1,0,1,0,1,0,1,0
0,0,1,0,0,1,0,0,1,0,0,1,0,1,0,0,0,1,0,0,1,1,2,1,2,1
0,0,0,0,0,0,0,1,0,0,0,0,0,0,0,0,0,0,1,0,0,1,1,-2,0,0
0,1,1,0,0,1,0,0,1,0,0,1,1,1,0,1,0,0,0,0,0,0,2,0,0,2
0,0,0,0,0,1,0,0,1,0,0,1,1,1,1,0,0,0,0,0,0,0,2,0,0,2
0,0,1,1,1,0,0,1,0,0,0,0,0,0,0,0,0,1,0,0,1,1,1,0,3,0
0,0,0,0,0,0,0,0,1,0,1,1,0,1,1,0,0,0,1,0,0,0,1,0,0,0
0,0,1,0,0,1,0,1,0,0,0,1,0,1,0,0,0,1,0,0,0,1,2,0,1,2
0,0,0,0,0,0,0,0,1,1,1,1,0,1,0,0,0,0,1,0,1,1,1,0,1,1
0,1,0,0,0,0,0,0,1,1,1,0,0,1,1,0,0,0,1,0,0,0,1,0,0,0
1,0,1,0,0,0,0,0,1,0,0,0,0,0,1,0,0,0,1,0,0,0,1,-1,0,0
0,0,1,1,1,0,0,1,0,1,1,0,0,1,0,0,0,1,1,0,0,1,1,0,2,0
0,1,1,0,0,0,0,0,0,0,0,0,0,1,1,0,0,0,1,0,0,0,0,0,0,0
0,0,0,0,0,0,0,0,1,1,1,1,0,1,0,0,0,0,1,0,1,0,1,1,1,0
0,0,0,0,0,0,0,0,1,0,0,1,0,0,1,0,0,0,1,0,1,1,1,-1,1,0
0,1,0,0,0,1,0,0,1,0,0,1,0,1,1,1,0,0,0,0,0,1,2,1,0,1
0,0,1,0,0,0,0,0,1,1,1,1,1,1,1,0,0,0,1,0,0,0,1,0,0,1
0,0,1,0,0,0,0,0,1,0,0,0,1,1,0,0,1,0,0,0,0,0,1,1,0,1
0,0,1,0,0,0,0,0,0,1,1,1,0,1,1,0,0,0,1,0,0,1,0,0,0,0
0,1,1,0,0,0,0,0,1,1,1,0,0,1,1,0,0,0,1,0,0,1,1,0,0,0
0,0,0,0,0,0,0,0,0,0,0,1,1,1,1,0,0,0,0,0,0,1,0,0,0,1
1,1,0,0,0,0,0,0,1,0,1,1,0,1,1,0,0,0,1,0,0,0,1,0,0,0
0,0,0,0,0,0,0,0,1,0,0,0,0,0,0,0,0,0,1,0,1,0,1,-1,1,0
0,0,1,0,0,0,0,0,1,0,0,1,0,1,1,0,0,0,1,0,0,1,1,0,0,0
0,0,0,0,0,0,0,0,1,0,0,0,0,1,0,0,0,0,1,0,0,1,1,-1,0,0
0,1,1,0,0,0,0,0,1,0,0,1,0,0,1,0,0,0,1,0,1,1,1,-1,1,0
0,0,0,0,0,0,0,0,1,1,1,0,0,0,1,0,0,0,1,0,0,0,1,-2,0,0
0,0,0,0,0,1,0,0,1,0,0,1,1,1,1,0,0,0,0,0,0,0,2,-1,0,2
0,1,1,0,0,0,0,0,1,1,1,1,0,1,1,0,0,0,1,0,0,0,1,-1,0,0
0,0,1,0,0,0,0,0,1,0,0,1,1,1,0,0,0,1,0,0,0,0,1,-1,1,1
0,0,0,0,0,0,0,0,1,0,1,1,0,0,0,0,0,0,1,0,1,1,1,-1,1,0
0,0,0,0,0,0,0,0,1,0,0,0,0,0,0,0,0,0,0,0,0,0,1,-2,0,0
0,1,0,0,0,0,0,0,1,0,0,1,0,1,0,0,0,0,1,0,0,1,1,1,0,0
0,0,1,0,0,1,0,0,1,0,0,0,1,1,1,0,0,0,0,0,0,0,2,0,0,2
1,1,0,0,0,0,0,0,1,0,0,0,0,0,1,0,0,0,1,0,0,0,1,-1,0,0
0,0,0,0,0,0,0,0,0,0,0,0,0,1,0,1,0,0,1,0,0,1,0,0,0,0
0,0,1,0,0,0,0,0,1,0,1,0,0,1,1,0,0,0,1,0,1,0,1,1,1,0
0,0,0,0,0,1,0,0,1,0,0,1,1,1,1,0,0,0,0,0,0,0,2,0,0,2
0,0,1,0,1,0,0,0,1,1,1,0,0,0,1,0,0,0,1,0,0,1,1,-1,1,0
0,1,0,0,0,0,0,0,1,0,0,1,0,1,1,0,0,0,1,0,0,0,1,0,0,0
0,0,1,0,0,0,0,0,1,1,1,1,0,1,1,0,0,0,1,0,0,0,1,0,0,0
0,1,0,0,0,0,0,0,1,0,0,0,0,0,0,0,0,0,1,0,1,1,1,0,1,0
0,1,0,0,0,0,0,0,0,0,1,1,0,1,1,0,0,0,1,0,0,0,0,0,0,0
0,0,0,0,0,1,0,0,1,0,0,1,1,1,0,1,0,0,0,0,0,0,2,0,0,2
1,0,1,0,0,0,0,0,1,0,0,1,1,1,1,0,0,0,0,0,0,0,1,0,0,1
1,0,0,0,1,0,0,1,0,0,1,0,0,0,0,0,0,0,1,0,1,1,1,-1,2,0
0,1,0,0,0,1,0,0,1,0,0,0,0,1,1,1,0,0,0,0,0,0,2,0,0,2
0,0,1,0,0,0,0,0,1,1,0,0,0,0,1,0,0,0,1,0,0,1,1,-2,0,0
1,0,1,0,0,0,0,0,1,0,0,0,0,0,0,0,0,0,0,0,1,0,1,-1,1,0
0,0,0,0,0,0,0,0,1,1,1,1,0,1,1,0,0,0,1,0,0,1,1,0,0,0
0,0,0,1,0,0,0,0,1,1,1,1,0,1,0,0,0,0,1,0,0,1,1,0,0,0
0,0,0,0,0,0,0,0,1,1,1,1,0,1,1,0,0,0,1,0,0,0,1,1,0,0
0,0,1,0,0,0,1,0,1,1,1,1,0,1,1,0,0,0,1,0,0,1,2,0,0,0
0,0,0,0,1,0,0,0,1,0,1,0,0,1,0,0,0,0,1,1,0,1,1,-1,2,0
0,1,0,0,0,1,0,0,1,0,0,1,1,1,1,0,0,0,1,0,0,0,2,1,0,2
0,0,1,0,0,1,0,0,1,0,0,1,0,1,1,1,0,0,0,0,0,0,2,0,0,1
0,0,1,0,0,0,0,0,1,0,1,0,0,0,1,0,0,0,1,0,0,0,1,-1,0,0
1,0,1,0,0,0,0,0,0,0,1,0,0,0,1,0,0,0,1,0,1,1,0,0,1,0
0,0,1,0,0,0,0,0,1,0,0,1,0,1,1,0,0,0,1,0,0,1,1,0,0,0
0,0,0,0,0,1,0,0,1,0,0,1,0,1,1,0,0,0,0,0,0,0,2,0,0,2
0,0,0,0,0,0,0,0,0,0,0,0,0,0,0,0,0,0,0,0,1,1,0,-2,1,1
0,0,0,1,0,0,0,1,0,1,1,0,0,0,0,0,0,0,1,0,0,1,1,-2,0,0
0,0,1,0,0,1,0,0,1,0,0,1,1,1,0,0,0,0,0,0,0,1,2,-1,0,2
0,0,1,0,0,1,0,0,1,0,0,1,0,0,1,0,0,0,0,0,0,0,2,-1,0,1
0,0,1,0,0,1,0,0,1,0,0,1,1,0,1,0,0,0,0,0,0,0,2,-1,0,2
0,0,1,0,0,0,0,0,1,0,0,0,0,0,1,0,0,0,1,0,0,0,1,-1,0,0
0,0,0,0,0,0,0,0,1,1,1,1,0,1,1,1,0,0,1,0,0,0,1,-1,0,0
0,1,0,0,0,1,1,0,1,0,0,1,0,1,1,0,0,0,0,0,0,0,3,1,0,1
0,0,1,0,0,1,0,1,0,0,0,1,0,1,1,0,0,0,1,0,1,0,2,1,1,1
0,1,1,0,0,0,0,0,1,0,1,1,0,1,1,0,0,0,1,0,0,1,1,0,0,0
0,1,0,1,1,0,0,0,1,1,1,0,0,0,0,0,0,1,1,0,1,1,1,-1,3,0
0,1,0,0,1,0,0,0,1,0,0,1,0,1,1,0,0,0,1,0,0,0,1,1,1,0
0,0,1,0,0,0,0,0,1,1,1,1,0,1,0,0,0,0,1,0,0,1,1,0,0,0
0,0,0,0,0,0,0,0,1,0,0,1,0,1,1,1,0,0,1,0,0,0,1,-1,0,0
0,0,0,0,0,0,0,0,1,0,0,1,0,1,1,0,0,0,0,0,0,0,1,0,0,0
0,0,1,0,1,0,0,0,1,0,1,1,0,0,0,0,0,0,1,0,0,0,1,-2,1,0
1,0,0,0,0,1,0,0,1,0,0,0,0,0,0,0,0,0,0,0,0,0,2,-1,0,1
0,0,1,0,0,0,0,0,1,1,1,1,0,1,1,0,0,0,1,0,0,1,1,0,0,0
0,0,1,0,0,0,0,0,0,1,1,0,0,1,0,0,0,0,1,0,1,1,0,1,1,0
0,0,0,0,0,0,0,0,1,0,0,1,0,1,1,1,0,0,1,0,0,1,1,-1,0,0
0,0,1,0,0,0,0,0,1,1,1,0,0,0,1,0,0,0,1,0,0,1,1,-1,0,0
0,0,1,0,0,0,0,0,1,0,0,1,0,0,0,1,0,0,1,0,0,1,1,-1,0,0
0,1,1,0,0,1,0,0,1,0,0,1,1,1,1,0,0,0,0,0,0,0,2,0,0,2
0,0,0,0,0,0,0,1,0,0,0,1,0,0,1,0,0,1,1,0,0,1,1,0,1,0
0,0,1,0,0,0,0,0,1,0,0,1,0,1,0,0,0,0,0,0,0,1,1,0,0,0
0,0,1,0,0,1,0,0,1,0,0,0,0,1,1,0,0,0,0,0,0,0,2,0,0,1
0,0,1,1,1,0,0,0,1,0,1,0,0,0,1,0,0,0,1,0,0,1,1,-1,1,0
0,0,1,0,0,0,0,0,0,0,0,0,0,0,0,0,0,0,0,0,0,0,0,0,0,0
0,1,1,0,0,0,0,1,0,1,1,1,0,1,0,0,0,0,1,0,1,1,1,0,1,0
0,1,0,0,0,1,0,0,1,0,0,1,0,1,1,0,0,0,1,0,0,0,2,1,0,1
0,0,1,0,0,0,0,0,1,0,0,1,1,1,1,0,1,0,1,0,0,0,1,0,0,1
1,0,1,0,1,0,0,1,0,0,1,1,0,0,0,0,0,1,1,0,1,1,1,0,3,0
0,0,0,0,0,0,0,0,1,0,0,0,0,0,1,1,0,0,1,0,0,1,1,-2,0,0
0,0,0,0,0,1,0,0,1,0,0,1,0,1,0,1,0,0,0,0,0,0,2,0,0,2
1,0,1,0,0,0,0,0,1,0,0,1,0,1,0,0,0,0,0,0,0,1,1,1,0,0
0,0,0,0,0,0,0,1,0,1,0,0,0,0,0,0,0,1,1,0,1,0,1,-1,2,0
1,1,0,0,0,0,0,0,1,0,0,1,0,0,0,0,0,0,1,0,0,0,1,-1,0,0
0,1,0,0,0,1,0,0,1,0,0,1,1,1,0,0,1,0,0,0,0,0,2,1,0,2
0,0,0,0,0,0,0,0,1,0,0,1,0,1,0,0,0,0,1,0,1,0,1,0,1,0
0,0,0,0,1,0,0,0,1,0,0,1,0,0,1,0,0,0,1,0,0,1,1,0,1,0
0,0,1,0,0,0,0,0,1,0,0,1,1,1,0,1,0,0,0,0,0,0,1,0,0,2
0,1,0,0,0,1,0,0,1,0,0,1,1,1,1,0,0,0,0,0,0,0,2,1,0,2
1,0,0,0,0,0,0,0,1,0,1,0,0,0,0,0,0,1,1,0,1,1,1,0,2,0
0,0,1,0,1,0,0,1,0,0,1,0,0,0,1,0,0,1,1,0,1,1,1,0,3,0
0,0,0,0,0,0,0,0,1,1,1,0,0,0,0,0,0,1,1,0,0,0,1,-1,1,0
0,0,1,0,0,0,0,1,0,0,0,0,1,0,1,0,0,1,0,0,1,1,1,-1,2,1
1,0,1,0,0,0,0,0,1,0,0,0,1,0,0,0,0,0,0,0,0,1,1,-1,0,1
0,1,0,0,1,0,0,0,1,0,0,1,0,0,1,1,0,0,1,0,0,0,1,-1,1,0
0,0,0,0,1,0,0,0,1,1,1,1,0,1,1,0,0,0,1,0,0,0,1,0,1,0
1,1,1,0,0,1,0,0,1,0,0,1,0,1,0,0,0,0,0,0,1,0,2,1,1,1
0,0,1,0,0,0,0,0,1,0,0,0,0,0,0,0,0,0,0,0,1,0,1,0,1,0
0,0,0,0,0,0,0,1,0,0,1,1,0,0,1,0,0,1,1,0,1,1,1,-1,2,0
0,1,0,0,0,0,0,1,0,1,1,0,0,1,1,0,0,1,1,0,0,1,1,1,1,0
0,0,0,1,1,0,0,1,0,1,1,0,0,0,0,0,0,1,1,0,1,1,1,-1,3,0
0,0,0,0,0,0,0,0,0,1,0,0,0,0,0,0,0,0,1,0,0,1,0,0,0,0
0,1,1,0,0,0,0,0,1,1,1,1,0,1,1,0,0,0,1,0,0,1,1,-1,0,0
0,0,0,1,0,0,0,0,0,0,1,1,0,1,1,0,0,0,1,0,1,1,0,0,1,0
1,1,0,0,0,0,0,0,1,1,1,0,0,0,1,0,0,0,1,0,1,0,1,0,1,0
0,0,1,0,0,0,0,0,1,1,1,0,0,1,1,1,0,0,1,0,0,1,1,0,0,0
0,0,1,0,1,0,0,0,1,0,0,1,0,1,1,0,0,0,1,1,0,1,1,-1,2,0
0,0,1,1,1,0,0,1,0,0,1,0,0,1,0,0,0,1,1,0,0,0,1,1,2,0
0,1,0,0,0,0,0,0,1,1,0,1,0,1,0,0,0,0,1,0,0,0,1,1,0,0
0,1,1,0,0,1,0,0,1,0,0,1,1,1,1,0,0,0,0,0,0,1,2,0,0,3
1,1,0,0,0,0,0,0,1,0,1,0,0,0,0,0,0,0,1,0,0,0,1,0,0,0
0,1,1,0,0,1,0,0,1,0,0,1,0,1,1,0,0,0,1,0,0,0,2,0,0,1
0,1,1,0,0,1,0,0,1,0,0,1,1,1,0,0,0,0,0,0,0,1,2,0,0,2
0,0,0,1,1,0,0,1,0,0,1,0,0,0,0,0,0,1,1,0,1,0,1,0,3,0
0,0,1,0,1,0,0,0,1,0,0,0,0,1,1,0,0,0,1,0,0,0,1,0,1,0
0,0,1,0,0,0,0,1,0,0,0,1,0,1,0,0,0,1,1,0,1,1,1,0,2,0
0,0,0,0,0,0,0,0,1,1,1,1,0,0,1,0,0,0,1,0,1,0,1,-1,1,0
0,0,0,0,0,0,0,0,0,0,0,1,0,1,0,0,0,0,1,0,0,1,0,-1,0,0
0,0,0,0,0,0,0,0,1,0,1,1,0,0,0,1,0,0,1,0,0,0,1,-2,0,0
0,0,1,0,0,0,0,0,1,0,0,0,0,0,0,0,1,0,0,0,1,1,1,0,1,0
0,0,0,0,0,0,0,0,1,0,0,0,0,1,1,0,0,0,1,0,0,1,1,-1,0,0
0,0,0,0,0,0,0,0,1,0,0,1,1,1,1,0,0,0,0,0,0,0,1,1,0,1
0,0,0,0,0,1,1,0,1,0,0,1,0,1,1,0,0,0,0,0,0,0,3,1,0,1
0,0,0,0,1,0,0,0,0,0,0,1,0,1,1,0,0,0,1,0,0,1,0,0,1,0
0,1,0,0,0,0,0,0,1,0,1,0,0,1,1,0,0,0,1,0,0,0,1,-1,0,0
0,0,1,1,1,0,0,1,0,1,1,1,0,1,0,0,0,1,1,0,1,1,1,0,3,0
0,0,1,0,0,1,0,0,1,0,0,1,1,1,0,0,1,0,0,0,0,0,2,1,0,2
0,0,1,0,0,0,0,0,1,1,1,1,0,1,0,0,0,1,1,0,0,1,1,-1,1,0
1,0,0,0,0,0,0,0,1,1,0,0,0,0,0,0,0,0,1,0,1,0,1,0,1,0
0,0,1,0,0,0,0,0,1,0,0,0,0,0,0,0,0,0,0,1,0,1,1,0,1,0
0,0,1,0,0,1,0,0,1,0,0,1,0,1,1,0,0,0,0,0,0,0,2,1,0,1
0,0,0,0,0,0,0,0,1,0,0,0,0,1,0,1,0,0,1,0,0,0,1,0,0,0
0,1,0,0,0,1,0,0,1,0,0,0,0,0,1,0,0,0,0,0,0,0,2,0,0,1
0,0,1,0,0,0,0,0,0,1,1,0,0,0,1,1,0,0,1,0,0,1,0,0,0,0
0,0,1,1,0,0,0,0,1,0,0,0,0,0,0,0,0,0,1,0,0,1,1,-2,0,0
1,0,0,0,0,0,0,0,1,1,0,0,0,0,0,0,0,0,1,0,1,0,1,0,1,0
0,0,0,0,1,0,0,0,1,0,0,1,0,0,0,0,0,0,1,0,1,1,1,-1,2,0
1,0,1,0,0,0,0,0,0,0,0,1,0,0,0,0,0,0,1,0,0,0,0,0,0,0
0,0,1,0,0,0,0,0,0,1,1,0,0,1,1,0,0,0,1,0,0,1,0,1,0,0
0,0,0,1,0,0,0,0,1,1,1,1,0,1,1,0,0,0,1,0,0,0,1,0,0,0
0,0,0,0,0,0,0,1,0,1,1,0,0,1,1,0,0,1,1,0,1,1,1,1,2,0
0,0,1,0,0,1,0,0,0,0,0,1,1,1,1,1,0,0,0,0,0,1,1,1,0,2
0,0,1,0,0,0,0,0,1,0,0,1,0,1,1,0,0,0,1,0,0,0,1,-1,0,0
0,0,0,0,0,0,0,0,0,1,0,1,0,1,1,0,0,0,1,1,0,1,0,1,1,0
0,1,1,0,0,1,0,0,1,0,0,1,1,1,1,0,0,0,0,0,0,0,2,1,0,3
0,0,1,0,0,0,0,0,1,0,0,0,0,1,1,0,1,0,1,0,0,1,1,-1,0,0
0,0,0,0,0,0,0,0,1,0,0,0,0,0,1,0,0,0,1,0,0,1,1,-2,0,0
0,0,0,0,0,1,0,0,1,0,0,1,0,0,0,0,0,0,1,0,0,0,2,-1,0,1
1,0,0,0,0,0,0,0,0,0,0,0,0,0,0,0,0,0,1,1,1,0,0,-1,2,0
0,1,0,0,0,1,1,0,1,0,0,1,0,1,1,1,0,0,0,0,0,0,3,1,0,1
0,0,0,0,0,0,0,0,0,1,1,1,0,1,1,1,0,0,1,0,1,1,0,1,1,0
0,0,0,0,1,0,0,0,1,0,0,1,0,1,1,0,0,0,1,0,0,0,1,0,1,0
1,0,0,0,0,0,0,0,0,1,1,0,0,0,0,0,0,0,1,0,1,0,0,-1,1,0
0,0,1,0,0,0,0,0,1,0,0,0,0,1,0,0,0,0,0,0,0,0,1,-1,0,0
0,0,0,0,0,0,0,1,0,0,0,1,0,0,0,0,0,1,0,0,1,1,1,0,2,0
0,1,0,0,0,0,0,0,1,0,0,0,0,0,0,0,0,0,1,0,0,0,1,-1,0,0
0,1,1,0,0,0,0,0,1,0,0,0,0,1,0,0,0,0,1,0,1,1,1,1,1,0
1,0,1,1,0,0,0,0,1,0,0,0,0,1,0,0,0,0,0,0,0,0,1,0,0,0
0,0,1,0,0,0,0,0,0,0,1,1,0,1,0,0,0,1,1,0,0,1,0,0,1,0
0,1,1,0,0,0,0,0,1,1,1,0,0,0,1,0,0,0,1,0,0,0,1,-1,0,0
0,0,0,1,1,0,0,1,0,0,1,0,0,0,0,0,0,0,1,0,1,1,1,-1,2,0
0,0,0,0,0,0,0,0,0,0,0,1,0,0,0,0,0,0,0,0,0,1,0,0,0,1
0,1,1,0,0,0,0,0,1,0,1,1,0,1,1,0,0,0,1,0,0,0,1,0,0,0
0,0,1,0,0,0,0,0,1,0,0,0,0,1,0,0,0,0,1,1,0,1,1,0,1,0
0,0,1,0,0,1,0,0,1,0,0,1,1,1,1,1,0,0,0,0,0,0,2,1,0,3
1,1,1,0,0,0,0,0,1,0,0,1,0,0,0,0,0,0,1,0,1,0,1,-1,1,0
0,0,0,1,0,0,0,0,0,0,0,0,0,0,0,0,0,0,0,0,1,1,0,-1,1,0
0,1,0,0,0,0,0,0,1,0,1,1,0,1,1,0,0,0,1,0,0,0,1,-1,0,0
1,0,0,0,0,0,1,0,1,0,0,0,0,1,0,0,0,0,1,0,0,0,2,0,0,0
1,0,0,0,0,0,1,0,1,0,0,0,0,0,0,0,0,0,1,0,1,0,2,-1,1,0
0,1,0,0,0,0,0,0,1,1,0,1,0,1,1,1,0,0,1,0,0,0,1,0,0,0
0,0,1,1,0,0,0,0,1,1,1,1,0,0,1,0,0,0,1,0,0,0,1,-2,0,0
0,0,0,0,1,0,0,0,1,0,1,1,0,0,1,0,0,0,1,0,0,1,1,-2,1,0
0,0,0,0,1,0,0,0,0,1,1,1,0,0,1,0,0,0,1,0,1,1,0,-1,2,0
0,1,0,1,1,0,0,0,1,0,0,1,0,1,1,0,0,0,1,0,0,0,1,0,1,0
1,0,0,0,0,0,0,0,1,0,1,0,0,0,0,0,0,0,0,0,0,0,1,-1,0,0
0,1,0,0,0,1,0,0,1,0,0,0,1,1,0,0,0,0,0,0,0,0,2,0,0,2
0,1,0,1,0,0,0,0,1,0,1,1,0,1,1,0,0,0,1,0,0,1,1,0,0,0
0,0,1,0,0,0,0,1,0,1,1,0,0,0,0,0,0,1,1,0,1,1,1,0,2,0
0,0,0,0,0,0,0,0,0,0,0,0,0,0,0,0,0,0,0,0,1,0,0,-2,1,1
0,0,0,0,0,0,0,0,1,1,1,0,0,1,0,0,0,0,1,0,1,1,1,0,1,0
0,0,1,0,0,0,0,0,1,0,0,1,0,0,0,0,0,0,1,0,1,1,1,-1,1,0
0,0,0,0,1,0,0,1,0,1,1,0,0,0,0,0,0,1,1,0,1,1,1,-1,3,0
0,0,0,0,1,0,0,0,1,1,1,0,0,1,1,1,0,0,1,0,1,1,1,1,2,0
0,1,1,0,0,1,0,0,1,0,0,1,1,1,1,1,0,0,0,0,0,0,2,0,0,2
0,0,0,0,0,0,0,0,1,0,0,0,0,0,1,1,0,0,1,0,0,0,1,0,0,0
0,0,0,0,0,0,0,0,1,0,1,0,0,0,1,1,0,0,1,0,0,1,1,0,0,0
0,0,1,0,0,0,0,1,0,0,0,0,0,0,0,0,0,0,0,1,1,1,1,-1,2,0
0,0,0,0,0,0,0,0,1,0,0,1,0,1,1,0,0,0,0,0,1,0,1,1,1,0
0,0,1,0,0,0,0,0,1,1,0,1,0,1,1,0,0,0,1,0,0,1,1,-1,0,0
0,1,1,0,0,0,0,0,1,1,1,1,0,1,1,0,0,0,1,0,0,1,1,0,0,0
1,0,0,0,0,0,0,0,0,1,1,0,0,0,1,0,0,0,1,0,1,0,0,-1,1,0
0,0,1,0,0,0,0,0,1,0,1,1,0,1,1,0,0,0,1,0,1,1,1,1,1,0
0,0,0,0,0,0,0,0,0,0,1,0,0,0,1,0,0,1,1,0,1,1,0,0,2,0
0,0,0,0,0,0,0,0,1,1,1,1,0,1,1,0,0,0,1,0,1,1,1,1,1,0
0,0,1,1,1,0,0,1,0,1,1,1,0,1,0,0,0,1,1,0,1,1,1,1,3,0
0,0,0,0,0,0,0,0,1,0,1,0,0,1,0,0,0,0,1,0,1,0,1,1,1,0
0,0,0,0,0,0,0,0,1,0,0,1,0,1,0,1,0,0,1,0,0,1,1,0,0,0
0,0,0,0,0,0,0,0,0,1,1,0,0,0,0,0,0,1,1,0,1,1,0,0,2,0
0,0,1,0,1,0,0,1,0,1,1,1,0,1,0,0,0,1,1,0,1,1,1,0,3,0
0,0,0,0,0,0,0,0,0,1,1,0,0,0,0,0,0,1,1,0,1,1,0,0,2,0
1,0,1,0,0,0,0,0,1,0,0,1,0,0,1,1,0,0,1,0,0,1,1,-1,0,0
1,0,0,0,0,0,0,1,0,0,0,0,0,0,0,0,0,0,1,1,1,1,1,0,2,0
0,0,1,1,1,0,0,0,1,1,1,0,0,0,1,0,0,0,1,0,0,1,1,-2,1,0
0,0,0,0,0,0,0,0,1,0,0,0,0,1,0,0,0,0,0,0,1,0,1,1,1,0
0,0,1,0,1,0,0,0,1,1,1,0,0,0,1,0,0,0,1,0,0,1,1,0,1,0
1,0,0,0,0,0,0,0,1,1,1,1,0,0,0,0,0,0,1,0,1,0,1,0,1,0
0,0,0,0,0,0,0,0,1,0,0,1,0,0,1,0,0,0,1,0,0,0,1,-1,0,0
0,0,1,0,0,1,0,0,1,0,0,0,0,1,0,0,0,0,0,0,0,0,2,1,0,1
0,0,1,0,0,0,0,0,1,0,0,1,0,1,1,0,0,0,1,1,0,1,1,1,1,0
0,0,0,0,0,1,0,0,1,0,0,1,0,1,1,0,0,0,0,0,0,1,2,0,0,2
0,0,0,0,0,0,0,1,0,1,1,0,0,0,0,0,0,1,1,0,1,1,1,0,2,0
0,0,1,0,0,0,0,0,1,1,1,0,0,1,1,0,0,0,1,0,0,1,1,0,0,0
0,1,0,0,0,0,0,0,1,1,1,0,0,1,1,1,0,0,1,0,0,0,1,0,0,0
0,0,1,0,0,0,0,0,1,0,0,0,0,0,0,0,0,0,1,0,0,1,1,-1,0,0
0,0,1,0,0,0,0,0,1,0,0,1,0,1,1,1,0,0,1,0,0,1,1,0,0,0
0,0,1,0,0,0,0,0,1,0,0,1,0,1,0,0,0,0,1,0,1,1,1,1,1,0
0,0,1,0,0,0,0,0,1,1,1,0,0,0,0,0,0,0,1,0,0,0,1,-2,0,0
0,1,1,0,0,0,0,0,1,0,0,1,1,1,1,1,0,0,0,0,0,0,1,0,0,1
0,0,1,0,0,0,0,0,1,0,1,0,0,1,1,0,0,0,1,1,0,1,1,0,1,1
1,0,0,1,0,0,0,1,0,0,0,0,0,0,0,0,0,1,1,0,1,1,1,0,2,0
0,0,0,0,0,1,0,0,1,0,0,1,1,1,1,1,0,0,0,0,0,0,2,0,0,2
0,0,1,0,0,1,0,0,1,0,0,1,1,1,0,0,0,0,0,0,0,0,2,0,0,2
0,0,1,1,0,1,0,1,0,0,0,1,0,0,0,0,0,1,0,0,1,1,2,-1,2,1
0,0,1,0,0,0,0,0,1,0,0,1,0,1,0,0,0,0,1,0,0,0,1,-1,0,0
0,0,0,0,0,0,0,0,1,1,1,0,0,0,0,0,0,0,1,0,1,1,1,-1,1,0
0,1,0,0,0,0,0,0,1,0,0,1,1,1,1,1,0,0,0,0,0,0,1,1,0,1
0,0,1,0,0,0,0,1,0,0,0,1,0,0,0,0,0,1,1,0,1,1,1,-1,2,0
0,0,0,0,0,0,0,0,0,1,1,0,0,0,0,0,0,0,1,0,1,0,0,-1,1,0
0,1,0,0,0,1,0,0,1,0,0,0,0,1,0,0,0,0,0,0,0,0,2,0,0,1
0,0,0,0,0,1,0,0,1,0,0,0,0,0,1,1,0,0,0,0,0,0,2,0,0,2
0,0,0,0,0,0,0,0,1,0,0,1,0,1,0,0,0,0,1,0,0,0,1,1,0,0
0,0,0,0,0,0,0,0,1,0,0,0,0,1,0,0,0,0,1,0,0,0,1,0,0,0
0,0,0,0,0,1,0,1,0,0,0,1,0,1,1,0,0,1,0,0,1,0,2,1,2,1
0,0,0,0,0,0,0,0,0,0,0,0,0,0,0,0,0,0,1,0,0,0,0,0,0,0
1,0,0,0,0,0,0,0,0,0,1,0,0,0,0,0,0,0,1,0,1,0,0,0,1,0
0,1,0,0,0,0,0,0,1,0,1,0,0,1,1,0,0,0,1,0,0,0,1,1,0,0
1,0,0,0,1,0,0,0,1,0,1,0,0,0,0,0,0,1,1,0,1,1,1,0,3,0
0,0,1,1,0,1,0,0,0,0,0,0,0,0,1,0,0,0,0,0,0,0,1,-1,0,1
1,0,1,0,1,0,0,0,1,0,0,0,0,0,0,0,0,1,1,0,0,0,1,0,2,0
0,0,1,0,0,0,0,0,1,0,0,0,1,1,1,0,1,0,0,0,0,0,1,0,0,1
0,0,0,0,0,0,0,0,1,0,0,0,0,0,1,0,0,1,1,0,0,1,1,-1,1,0
0,0,1,0,0,0,0,0,1,0,0,1,0,1,1,1,0,0,1,0,0,0,1,-1,0,0
0,0,0,0,0,1,0,0,1,0,0,1,1,1,1,1,1,0,0,0,0,0,2,1,0,2
0,0,0,0,0,0,0,0,1,0,1,1,0,1,1,0,0,0,1,0,0,1,1,-1,0,0
0,0,0,0,0,0,0,0,0,1,1,1,0,0,0,1,0,0,1,0,1,1,0,0,1,0
0,0,1,1,1,0,0,0,1,0,1,1,0,0,0,0,0,0,1,0,1,1,1,-1,2,0
0,0,1,0,0,0,0,0,1,1,1,1,0,1,0,0,0,0,1,0,0,1,1,-1,0,0
0,0,0,0,0,0,0,0,1,0,1,0,0,0,0,0,0,0,1,0,1,1,1,0,1,0
0,0,1,0,0,0,0,0,1,1,1,1,0,1,0,0,0,0,1,0,0,0,1,0,0,0
0,0,1,0,0,0,0,0,1,0,0,1,0,1,0,0,0,0,1,0,0,0,1,1,0,0
1,0,0,0,0,0,1,0,1,1,1,0,0,0,0,0,0,0,1,0,1,1,2,-1,1,0
0,0,1,0,0,0,1,0,1,1,1,1,0,1,1,0,0,0,1,0,0,1,2,-1,0,0
0,0,1,0,0,0,0,0,0,0,0,1,1,1,0,0,0,0,0,0,0,0,0,0,0,1
0,0,1,0,1,0,0,1,0,0,0,0,0,1,0,0,0,1,1,0,1,1,1,-1,3,0
0,0,1,0,0,0,0,0,0,1,1,1,0,1,1,0,0,0,1,0,1,1,0,1,1,0
0,0,1,0,0,0,0,0,1,1,0,0,0,0,1,0,0,0,1,0,1,1,1,0,1,0
1,0,1,0,0,0,0,0,1,1,1,0,0,0,1,0,0,0,1,0,0,1,1,-1,0,0
0,0,0,0,0,0,0,0,1,1,1,1,0,1,1,1,0,0,1,0,0,1,1,0,0,0
0,0,1,1,0,0,0,0,1,0,0,1,0,0,1,0,0,0,1,0,0,1,1,-2,0,0
0,0,0,0,1,1,0,0,1,0,0,0,0,0,1,1,0,0,0,0,0,1,2,-1,1,1
1,1,0,0,0,0,0,0,1,1,1,0,0,1,1,0,0,0,1,0,1,0,1,0,1,0
0,0,0,0,0,0,0,0,1,1,1,0,0,0,1,0,0,0,1,0,1,1,1,-1,1,0
0,0,1,1,0,0,0,0,0,0,1,0,0,0,0,0,0,0,1,0,0,1,0,0,0,0
0,1,1,0,0,0,0,0,1,0,0,1,0,1,1,0,0,0,1,0,0,0,1,1,0,0
0,0,0,0,0,0,1,0,1,1,1,0,0,0,1,0,0,0,1,0,0,1,2,0,0,0
0,1,1,0,0,1,0,0,1,0,0,1,1,1,1,1,0,0,0,0,0,0,2,0,0,2
0,1,0,0,0,0,0,0,1,0,0,1,0,1,1,0,0,0,1,0,0,1,1,1,0,0
0,0,0,0,1,0,0,0,1,0,0,0,0,1,0,0,0,0,1,0,1,1,1,1,2,0
0,0,0,1,1,0,0,0,1,1,1,0,0,0,1,0,0,1,1,0,1,1,1,-1,3,0
0,0,0,0,0,0,0,0,0,1,1,0,0,0,1,0,0,0,1,0,1,1,0,-1,1,0
0,0,0,0,0,1,0,0,1,0,0,1,1,1,0,0,0,0,0,0,0,0,2,0,0,2
1,0,0,0,0,0,0,0,1,0,1,1,0,0,0,0,0,0,1,0,0,0,1,0,0,0
1,0,0,0,0,0,0,0,1,1,1,0,0,1,0,0,0,0,1,0,0,0,1,1,0,0
1,0,0,0,0,0,0,0,1,0,1,0,0,0,1,0,0,0,1,0,1,1,1,-1,1,0
0,1,1,0,0,1,0,0,0,0,0,1,0,1,1,0,0,0,0,0,1,1,1,1,1,1
0,0,0,0,0,0,0,0,1,0,0,0,0,0,0,0,0,1,1,0,1,1,1,0,2,0
0,0,0,0,0,0,0,0,1,1,1,1,1,1,1,0,0,0,1,0,0,0,1,1,0,1
0,1,0,0,0,0,0,0,1,1,1,1,0,1,0,0,0,0,1,0,0,0,1,0,0,0
0,0,0,0,0,1,0,0,1,0,0,1,1,1,1,0,0,0,0,0,0,0,2,1,0,2
0,1,0,0,1,0,0,0,1,0,1,1,0,0,0,0,0,0,1,0,0,1,1,-2,1,0
0,0,1,0,0,0,0,0,1,0,0,1,0,1,1,1,0,0,0,0,0,0,1,-1,0,0
0,0,0,1,0,0,0,0,0,1,1,0,0,1,1,0,0,1,1,0,1,1,0,1,2,0
0,0,0,0,0,0,0,0,1,1,1,0,0,0,1,0,0,0,1,0,0,1,1,-2,0,0
1,0,0,0,0,0,0,0,1,0,1,0,0,0,0,0,0,0,1,0,1,1,1,0,1,0
0,0,0,0,0,0,0,1,0,0,0,0,0,0,1,0,0,1,0,0,0,0,1,-1,1,1
0,0,0,0,0,0,0,0,1,0,1,0,0,0,0,0,0,0,1,0,1,1,1,-1,1,0
0,0,0,0,0,0,0,0,1,0,0,1,0,1,1,0,0,0,1,0,0,0,1,-1,0,0
0,1,1,0,0,0,0,0,1,1,1,1,0,1,0,0,0,0,1,0,0,0,1,1,0,0
0,0,1,1,1,0,0,0,0,0,0,1,0,1,1,0,0,0,1,0,0,1,0,1,1,0
0,1,0,0,0,0,0,0,1,0,1,1,0,1,0,0,0,0,1,0,0,0,1,1,0,0
0,0,1,0,0,0,0,0,1,0,1,0,0,0,1,1,0,0,1,0,0,1,1,-1,0,0
0,0,1,0,0,0,0,0,0,1,1,0,0,0,1,0,0,0,1,0,0,1,0,-1,0,0
0,0,0,1,1,0,0,1,0,1,1,1,0,0,0,0,0,1,1,0,1,1,1,-1,3,0
0,0,0,0,0,0,0,1,0,1,1,0,0,0,0,0,0,1,1,0,1,1,1,-1,2,0
0,0,0,0,0,0,0,0,1,1,1,0,0,0,1,0,0,0,1,0,1,0,1,-1,1,0
0,1,1,0,0,1,0,0,1,0,0,1,1,1,0,0,0,0,0,0,0,0,2,0,0,2
0,0,0,0,0,0,0,0,0,1,1,1,0,1,1,0,0,0,1,0,0,1,0,0,0,0
0,0,0,0,0,1,0,0,1,0,0,1,0,1,0,0,0,0,0,0,0,0,2,1,0,1
0,1,0,0,0,0,0,0,1,0,0,1,0,1,1,1,0,0,1,0,0,0,1,1,0,0
0,0,0,0,0,0,0,0,1,0,0,0,0,0,0,0,0,0,1,0,0,0,1,-1,0,0
0,1,1,0,0,0,0,0,1,0,0,0,0,1,1,0,0,0,1,0,0,0,1,0,0,0
0,0,1,0,1,0,0,0,1,1,1,1,0,1,1,0,0,0,1,0,1,1,1,0,2,0
0,0,1,0,0,1,0,0,1,0,0,1,1,1,1,1,0,0,0,0,0,0,2,-1,0,2
0,0,1,0,0,0,0,0,1,0,0,1,1,1,1,0,1,0,0,0,0,0,1,1,0,1
0,1,0,0,0,0,0,0,0,0,0,1,0,1,1,0,0,0,1,0,0,0,0,1,0,0
0,1,1,0,0,1,0,0,1,0,0,1,0,1,1,0,0,0,0,0,0,0,2,1,0,1
0,1,1,0,0,1,0,0,1,0,0,1,0,1,1,0,0,0,0,0,0,0,2,1,0,1
0,0,1,0,0,0,0,0,1,1,1,0,0,1,0,0,0,0,1,0,0,0,1,-1,0,0
0,0,1,0,1,0,0,1,0,0,1,1,0,1,0,0,0,1,1,0,1,1,1,0,3,0
0,1,0,0,0,0,0,0,1,0,0,1,0,1,0,1,0,0,1,0,0,0,1,0,0,0
1,0,1,0,0,0,0,0,1,0,0,0,0,0,0,0,0,0,0,0,1,0,1,0,1,0
0,0,1,0,0,0,0,0,1,0,0,0,0,0,0,0,0,0,0,0,1,1,1,0,1,0
0,0,1,0,0,0,0,0,1,1,1,1,1,1,1,0,0,0,1,0,0,1,1,-1,0,1
0,0,0,0,0,0,0,0,0,0,0,0,0,0,0,0,0,0,0,0,0,0,0,-1,0,0
1,0,0,0,0,0,0,0,0,0,0,0,0,0,0,0,0,0,0,1,1,1,0,-1,2,0
0,0,1,0,0,0,0,0,1,0,0,1,0,1,1,1,0,0,1,1,0,1,1,-1,1,0
0,1,1,0,0,1,0,0,1,0,0,0,0,0,0,0,0,0,0,0,1,0,2,0,1,1
0,0,1,0,1,0,0,0,1,0,0,0,0,1,1,0,0,0,1,0,0,1,1,0,1,0
0,0,0,0,0,0,0,0,0,1,1,0,0,1,1,0,0,0,1,0,0,0,0,-1,0,0
0,0,1,0,0,1,0,0,1,0,0,1,1,1,0,0,1,0,0,0,0,0,2,-1,0,2
0,0,1,0,0,1,0,0,1,0,0,0,0,1,0,0,0,0,0,0,0,0,2,0,0,1
0,0,0,0,0,0,0,0,1,0,0,0,0,1,1,0,0,0,0,0,0,0,1,0,0,0
0,0,0,0,0,0,0,0,1,1,1,1,1,1,1,1,0,0,1,0,0,0,1,1,0,1
0,0,0,0,0,1,0,0,1,0,0,1,0,0,1,0,0,0,0,0,0,1,2,-1,0,2
0,0,0,0,0,0,0,0,1,1,1,0,0,1,1,0,0,0,1,0,0,1,1,-1,0,1
0,0,0,0,0,1,0,0,1,0,0,1,1,1,1,1,0,0,0,0,0,0,2,1,0,3
0,0,0,1,1,0,0,0,0,0,0,0,0,0,1,0,0,0,1,0,0,0,0,-1,1,0
1,0,1,0,0,0,0,0,1,0,0,1,0,1,1,0,0,0,1,0,0,0,1,1,0,0
0,0,1,0,0,0,0,0,1,0,0,1,0,1,1,0,0,0,1,0,0,1,1,0,0,0
0,0,0,1,1,0,0,0,0,0,1,1,0,0,0,0,0,0,1,0,0,0,0,-1,1,0
0,0,0,0,0,0,0,1,0,1,1,0,0,0,0,0,0,1,1,0,1,1,1,0,2,0
1,0,0,0,0,0,0,0,1,0,0,1,0,0,0,0,0,0,0,0,1,1,1,0,1,0
0,0,1,0,0,0,0,0,1,0,0,1,0,0,0,0,0,1,0,0,0,0,1,-1,1,1
0,0,0,0,0,0,0,0,1,1,1,1,0,0,1,0,0,0,1,0,1,1,1,0,1,0
0,0,1,0,0,0,0,0,0,0,0,1,0,1,0,0,0,0,1,0,1,0,0,1,1,0
0,0,0,0,0,0,0,0,1,1,0,0,0,1,1,1,0,0,1,0,0,0,1,-1,0,0
0,1,0,0,0,0,0,0,1,0,0,1,0,0,1,1,0,0,1,0,0,1,1,0,0,0
0,1,1,0,0,0,0,0,1,0,0,1,0,1,0,0,0,0,1,0,0,1,1,0,0,0
0,1,0,0,0,0,0,0,1,0,0,0,0,1,1,0,0,0,1,0,0,0,1,0,0,0
0,0,0,0,0,0,0,0,0,0,0,0,0,1,0,0,0,0,1,0,0,0,0,-1,0,0
0,0,1,0,0,1,0,0,1,0,0,1,0,1,0,1,0,0,0,0,0,0,2,0,0,1
0,0,0,0,0,0,0,1,0,0,0,1,0,1,0,0,0,1,0,0,1,1,1,1,2,0
0,0,1,0,0,1,0,0,1,0,0,1,1,1,1,0,1,0,0,0,0,0,2,-1,0,3
0,0,1,0,0,0,0,0,1,0,0,0,1,0,0,0,0,0,0,0,0,1,1,-1,0,1
0,0,1,0,0,0,0,0,1,1,1,1,0,1,1,0,1,0,1,0,0,0,1,1,0,0
0,0,0,0,0,0,0,0,1,0,1,0,0,1,0,0,0,0,1,0,1,0,1,0,1,0
0,0,1,0,0,0,0,0,1,1,1,0,0,1,1,0,0,0,1,0,0,0,1,0,0,0
0,0,0,0,0,0,0,0,0,1,1,0,0,0,1,0,0,1,1,0,1,1,0,-1,2,0
0,0,0,1,1,0,0,0,1,0,0,1,0,1,0,0,0,0,1,0,0,1,1,1,1,0
0,1,0,0,0,1,1,0,1,0,0,1,0,1,1,0,0,0,1,0,0,0,3,0,0,1
0,1,0,0,0,0,0,0,1,0,1,0,0,0,0,1,0,0,1,0,0,0,1,-1,0,0
0,0,1,0,0,0,0,0,1,0,0,1,0,1,1,0,0,0,1,0,0,0,1,-1,0,0
0,0,1,0,0,1,0,1,0,0,0,0,0,1,0,1,0,1,0,0,1,0,2,1,2,1
0,0,1,0,0,0,0,0,1,0,0,1,0,1,0,0,0,0,1,0,0,1,1,1,0,0
0,0,0,0,0,1,0,0,1,0,0,0,0,1,0,0,0,0,0,0,0,0,2,1,0,1
0,0,0,0,0,0,0,0,1,1,1,1,0,1,0,0,0,0,1,0,0,0,1,0,0,0
1,1,0,0,0,0,0,0,1,0,1,0,0,0,1,0,0,0,1,0,0,0,1,-2,0,0
0,0,1,0,0,0,0,0,1,0,0,1,1,1,1,1,0,0,0,0,0,1,1,0,0,1
0,0,1,0,0,0,0,0,1,1,1,1,0,0,1,0,0,0,1,0,0,1,1,-2,0,0
0,0,1,0,0,0,0,0,0,0,0,1,0,0,0,0,0,1,1,0,0,1,0,-1,1,0
0,0,1,0,0,0,0,0,1,0,0,1,0,0,1,0,0,0,1,0,0,1,1,-1,0,0
0,0,1,0,0,0,0,1,0,0,0,1,0,1,0,0,0,1,1,0,1,1,1,0,2,0
0,1,0,0,0,0,0,0,1,1,0,0,0,1,1,0,0,0,1,0,0,0,1,1,0,0
0,0,1,1,1,0,0,1,0,1,1,1,0,0,0,0,0,1,1,0,1,1,1,0,3,0
0,0,0,0,0,0,0,0,0,1,1,1,0,1,0,0,0,0,1,0,1,1,0,0,1,0
0,1,1,0,0,0,0,0,1,1,1,1,0,1,1,0,0,0,1,0,0,0,1,1,0,0
0,0,1,0,1,0,0,0,1,0,1,1,0,0,0,0,0,0,1,0,1,0,1,0,2,0
0,0,1,0,0,0,0,0,1,0,1,1,0,0,1,0,0,0,1,0,0,0,1,-1,0,0
1,0,0,0,0,1,0,0,1,0,0,1,1,1,0,0,1,0,0,0,0,0,2,0,0,2
0,0,0,0,0,0,0,0,0,0,0,0,0,0,0,0,0,0,1,0,0,0,0,-1,0,0
0,0,0,0,1,0,0,0,1,1,1,1,0,1,1,0,0,0,1,0,0,1,1,0,1,0
0,0,1,0,0,0,0,0,1,0,0,1,0,1,1,0,0,0,1,0,0,1,1,0,0,0
0,0,1,0,0,0,0,0,1,0,0,1,0,1,1,0,0,0,0,0,0,1,1,0,0,0
1,1,0,0,0,1,0,0,1,0,0,0,0,1,0,0,0,0,0,0,0,0,2,1,0,1
0,1,0,0,0,0,0,0,1,0,1,1,0,1,1,0,0,0,1,0,0,0,1,0,0,0
1,0,0,0,0,0,0,0,1,0,0,0,0,0,0,0,0,0,0,0,0,0,1,-1,0,0
0,0,1,0,0,0,0,0,1,0,0,0,0,0,0,0,1,0,0,0,0,0,1,-1,0,1
0,1,0,0,0,0,0,0,1,1,0,1,0,1,0,0,0,0,1,0,1,0,1,1,1,0
0,0,0,1,0,0,0,0,1,0,0,0,0,1,1,0,0,0,1,0,0,1,1,1,0,0
0,0,0,0,0,0,0,0,1,0,0,1,0,0,0,1,0,0,1,0,0,0,1,-1,0,0
0,0,1,0,0,1,0,0,1,0,0,1,1,1,1,0,0,0,0,0,0,0,2,-1,0,2
0,1,1,0,0,1,0,0,1,0,0,1,1,1,0,0,0,0,0,0,0,0,2,-1,0,3
0,0,0,0,0,0,0,1,0,0,0,1,0,1,0,0,0,0,1,0,1,1,1,1,1,0
0,1,0,0,0,0,0,0,1,0,0,1,1,1,1,0,0,0,1,0,0,0,1,-1,0,1
0,0,0,0,0,0,0,0,1,0,1,0,0,0,1,0,0,1,1,0,0,1,1,0,1,0
0,0,1,0,0,0,0,0,1,0,0,1,1,1,1,0,1,0,0,1,0,0,1,0,1,1
0,0,0,0,0,0,0,0,0,1,1,1,0,1,0,0,0,0,1,0,0,0,0,1,0,0
0,0,0,0,0,0,0,0,1,1,1,1,0,1,0,0,0,0,1,0,1,0,1,0,1,0
0,0,0,0,0,0,0,0,1,0,1,1,0,0,1,0,0,0,1,0,1,0,1,0,1,0
0,0,0,0,0,0,0,0,1,1,1,1,0,1,1,0,0,0,1,0,0,1,1,1,0,0
0,0,1,0,0,0,0,0,1,0,0,1,0,1,1,1,0,0,1,0,0,0,1,1,0,0
0,0,0,0,0,0,0,0,1,0,0,1,0,0,0,0,0,0,1,1,0,1,1,0,1,0
0,0,0,0,0,0,0,0,0,0,0,1,0,1,1,0,0,0,1,0,0,0,0,0,0,0
0,1,1,0,0,0,0,0,1,0,0,1,0,1,1,0,1,0,1,0,0,1,1,0,0,0
1,1,0,0,0,0,0,0,1,0,1,1,0,0,0,0,0,0,1,0,0,1,1,0,0,0
0,0,1,0,0,1,0,0,1,0,0,1,1,1,1,0,0,0,0,0,0,0,2,-1,0,2
1,0,1,0,0,0,0,0,1,1,1,1,0,1,1,0,0,0,1,0,0,1,1,0,0,0
0,1,0,0,0,0,0,0,1,0,0,1,0,1,1,0,0,0,1,0,0,1,1,0,0,0
0,0,0,0,0,0,0,0,1,1,0,0,0,1,1,0,0,0,1,0,1,1,1,-1,1,0
0,0,1,0,0,0,0,0,1,0,0,1,0,1,0,0,1,1,1,1,0,1,1,-1,2,0
0,0,0,0,0,0,0,0,1,1,1,0,0,1,1,0,0,0,1,0,1,1,1,-1,1,0
0,0,1,0,1,0,0,0,1,0,0,1,0,1,0,0,0,0,0,1,0,0,1,0,2,2
0,0,0,0,0,0,0,0,1,0,0,0,0,1,1,0,0,0,1,0,0,1,1,-1,0,0
0,0,1,0,0,0,0,0,1,0,0,0,0,1,1,0,0,0,1,0,0,1,1,-1,0,0
0,1,0,0,0,0,0,0,1,0,1,1,0,1,1,0,0,0,1,0,1,0,1,1,1,0
0,0,1,1,0,0,0,0,0,1,1,0,0,0,0,0,0,1,1,0,1,1,0,0,2,0
0,0,0,0,0,1,0,0,1,0,0,1,0,1,0,1,0,0,0,0,0,1,2,0,0,1
0,0,0,0,0,0,0,0,0,0,0,1,0,0,1,0,0,0,1,0,0,1,0,-2,0,0
0,0,0,0,0,0,0,0,0,0,1,1,0,1,0,0,0,0,1,0,0,1,0,0,0,0
0,0,1,0,0,0,0,0,1,0,0,1,0,1,1,1,0,0,1,0,0,0,1,0,0,0
0,1,1,0,0,1,0,0,1,0,0,1,1,1,1,1,0,0,0,0,0,0,2,1,0,3
1,1,0,0,0,1,0,0,1,0,0,0,1,1,0,0,0,0,0,0,0,0,2,0,0,3
0,1,0,0,0,1,0,0,1,0,0,1,0,1,0,0,0,0,1,0,0,0,2,-1,0,1
0,0,0,0,0,0,0,0,1,0,0,1,0,1,0,0,0,0,0,0,0,0,1,1,0,0
1,0,0,0,1,1,0,0,1,0,0,0,0,0,0,0,0,0,0,0,0,1,2,-1,1,2
0,0,1,0,0,0,0,0,1,0,0,0,0,0,1,1,0,0,1,0,1,0,1,0,1,0
0,1,1,0,0,1,0,0,1,0,0,1,1,1,0,1,1,0,0,0,0,0,2,-1,0,2
0,1,1,0,0,0,0,0,1,0,0,1,0,1,1,0,0,0,0,0,0,0,1,0,0,0
0,0,1,0,0,1,0,0,1,0,0,1,1,1,0,0,0,0,0,0,0,0,2,-1,0,2
0,0,1,1,0,0,0,1,0,1,1,0,0,0,0,0,0,1,1,0,1,1,1,0,2,0
0,0,1,0,0,1,0,0,1,0,0,1,0,1,0,0,0,0,0,0,1,0,2,1,1,1
0,0,0,0,0,0,0,0,0,0,1,1,0,1,1,0,0,0,1,0,1,1,0,1,1,0
0,1,0,0,0,0,0,1,0,1,1,1,0,1,0,0,0,1,1,0,1,1,1,0,2,1
0,0,0,0,0,0,0,0,1,0,0,1,0,1,1,0,0,0,1,0,0,1,1,-1,0,0
0,1,0,0,0,0,0,1,0,1,1,0,0,0,0,0,0,1,1,0,1,1,1,0,2,0
0,0,1,0,0,0,0,0,1,1,0,1,0,1,1,0,0,0,1,0,0,0,1,-1,0,0
0,0,1,0,1,0,0,1,0,1,1,0,0,0,0,0,0,1,1,0,1,1,1,-1,3,0
0,1,0,0,0,0,0,0,1,1,0,1,0,1,1,0,0,0,1,0,0,0,1,0,0,0
0,0,1,1,0,0,0,1,0,0,0,1,0,0,0,0,0,1,0,0,1,1,1,0,2,0
0,0,0,1,0,0,0,0,0,0,0,1,0,1,1,0,0,0,1,1,0,1,0,-1,1,0
0,1,1,0,0,1,1,0,1,0,0,1,1,1,1,1,0,0,0,0,0,0,3,0,0,2
0,0,0,1,1,0,0,1,0,0,0,0,0,0,1,0,0,0,1,0,0,1,1,-1,1,0
0,0,0,0,0,0,0,0,1,0,0,1,0,1,1,0,0,0,1,0,0,0,1,-1,0,1
0,1,1,0,0,1,0,0,1,0,0,0,0,1,1,0,0,0,0,0,0,0,2,0,0,1
0,1,0,0,0,0,0,0,1,0,0,1,0,1,1,1,0,0,1,0,0,0,1,-1,0,0
0,0,0,1,0,0,0,0,0,1,1,0,0,0,0,0,0,1,1,0,1,1,0,-1,2,0
0,0,0,0,0,0,0,0,0,0,0,1,0,1,0,0,0,0,0,0,0,0,0,1,0,0
0,0,0,1,1,0,0,0,1,1,1,0,0,1,1,0,0,0,1,0,0,1,1,0,1,0
0,0,1,0,0,1,0,0,1,0,0,0,1,1,0,0,1,0,0,0,1,0,2,1,1,2
1,0,0,0,0,0,0,0,0,0,0,0,0,0,0,0,0,0,0,0,0,0,0,0,0,1
0,0,1,1,0,0,0,0,0,0,1,0,0,0,0,0,0,0,1,0,1,1,0,-1,1,0
0,0,1,0,0,1,0,0,1,0,0,0,0,1,1,0,0,0,0,0,0,1,2,0,0,1
0,0,1,0,0,1,0,0,1,0,0,1,1,1,1,0,1,0,0,0,0,0,2,0,0,2
0,0,1,0,0,0,0,0,1,0,0,1,0,1,1,0,0,0,1,0,1,1,1,0,1,0
0,1,0,0,0,1,0,0,1,0,0,0,0,1,1,0,0,0,1,0,0,1,2,0,0,1
0,0,1,0,1,0,0,0,1,1,0,1,0,1,1,0,0,0,1,0,0,1,1,0,1,0
0,0,0,0,0,0,0,0,1,0,1,1,0,1,1,0,0,0,1,0,1,1,1,1,1,0
1,0,0,0,0,0,0,0,1,0,0,0,0,0,0,0,0,1,1,1,1,0,1,0,3,0
0,0,0,0,0,0,0,0,1,0,0,0,0,0,0,0,0,1,0,0,1,1,1,-1,2,0
0,0,1,0,0,0,0,0,1,0,0,1,0,0,0,0,0,0,1,0,0,0,1,-2,0,0
0,1,1,0,0,0,0,0,1,0,0,0,0,0,0,0,0,0,0,0,1,1,1,0,1,0
0,0,0,0,0,0,0,0,1,1,1,1,0,0,0,0,0,0,1,0,1,1,1,-2,1,0
0,0,0,0,0,0,0,0,1,1,1,0,0,0,1,0,0,0,1,0,0,1,1,-2,0,0
0,1,0,0,0,0,0,0,1,1,1,1,0,1,1,1,0,0,1,0,0,1,1,-1,0,0
0,0,0,0,0,0,0,0,0,0,0,1,0,0,0,0,0,0,1,0,1,1,0,0,1,0
0,1,0,0,0,0,0,0,1,0,0,1,0,1,1,0,0,0,1,0,0,1,1,0,0,0
1,0,1,0,0,0,0,0,1,0,0,1,0,0,0,0,0,0,1,0,1,1,1,0,1,0
0,0,0,0,0,0,0,0,1,1,0,1,0,0,1,0,0,0,1,0,0,1,1,0,0,0
0,0,1,0,0,0,0,0,1,0,1,0,0,0,0,0,0,1,1,0,0,1,1,-1,1,0
1,0,0,0,1,0,0,0,1,1,1,0,0,0,0,0,0,0,1,0,0,0,1,0,1,0
0,1,1,0,0,1,0,0,1,0,0,1,1,1,1,0,0,0,0,0,0,0,2,0,0,2
0,0,0,0,1,0,0,0,1,0,0,1,0,1,0,0,0,0,1,0,0,1,1,-1,1,0
0,0,0,0,0,0,0,0,1,0,0,0,0,0,0,0,0,0,1,0,0,1,1,-1,0,0
0,0,1,0,0,0,0,0,0,0,0,1,0,1,0,0,0,0,1,0,1,0,0,1,1,0
0,0,1,0,0,0,0,0,0,0,0,1,0,1,1,0,0,0,1,0,1,1,0,1,1,0
0,1,1,0,0,1,0,0,1,0,0,1,1,1,1,0,0,0,0,0,0,0,2,0,0,2
0,1,1,0,0,0,0,0,1,0,0,1,0,1,0,0,0,0,1,0,0,0,1,1,0,0
0,0,1,0,0,0,0,0,1,0,1,0,0,0,1,1,0,0,1,0,0,1,1,-1,0,0
0,1,0,0,0,1,0,0,1,0,0,1,1,1,0,0,0,0,0,0,0,0,2,1,0,2
0,0,0,0,1,0,0,0,1,1,1,0,0,1,0,0,0,0,1,0,1,0,1,1,2,0
0,1,0,0,0,0,0,0,1,0,0,1,0,1,0,0,0,0,1,0,1,0,1,1,1,0
0,0,0,0,1,0,0,0,1,1,1,1,0,1,1,0,0,0,1,0,1,0,1,0,2,0
0,0,0,0,0,0,0,0,1,1,1,0,0,0,0,0,0,0,1,0,1,0,1,-1,1,1
0,0,1,0,1,0,0,1,0,0,1,1,0,0,0,0,0,1,1,0,1,1,1,0,3,0
0,0,1,0,0,1,0,0,1,0,0,1,0,1,1,1,0,0,0,0,0,0,2,-1,0,1
0,1,0,0,0,0,0,0,1,0,0,1,0,1,1,0,0,0,0,0,0,0,1,0,0,1
0,0,1,0,0,0,0,0,1,1,1,1,0,1,1,0,0,0,1,0,0,0,1,0,0,0
0,0,1,0,0,0,0,0,1,0,1,0,0,1,1,0,0,0,1,0,1,1,1,1,1,0
0,0,0,0,0,1,0,0,1,0,0,0,0,0,1,0,0,1,0,0,0,0,2,-1,1,1
0,0,0,0,0,0,0,0,1,0,0,0,0,0,0,0,0,0,1,0,1,1,1,-2,1,0
0,0,1,0,0,0,0,1,0,0,0,0,0,1,0,0,0,1,1,0,0,1,1,1,1,0
0,0,0,0,1,0,0,0,1,1,1,0,0,0,0,0,0,0,1,0,1,1,1,-1,2,0
0,0,1,0,0,1,0,0,1,0,0,1,1,1,0,1,0,0,0,0,0,0,2,0,0,2
0,0,0,0,0,0,0,0,1,0,0,0,0,1,1,0,0,0,1,0,0,1,1,0,0,0
0,1,0,0,0,1,0,0,1,0,0,1,1,1,0,0,0,0,0,0,0,0,2,1,0,2
0,0,1,0,0,0,0,0,1,0,0,1,0,1,1,0,0,0,1,0,0,1,1,0,0,0
0,0,0,0,0,0,0,0,1,0,0,1,1,1,0,1,1,0,0,0,0,0,1,0,0,2
0,1,0,0,0,0,0,0,1,0,0,1,0,1,1,1,0,0,1,0,0,0,1,-1,0,0
0,0,1,0,0,0,0,0,1,1,1,1,0,1,1,0,0,0,1,0,0,1,1,-1,0,1
0,1,0,0,0,1,0,0,1,0,0,1,1,1,1,0,0,0,0,0,0,0,2,0,0,3
0,0,0,0,0,0,0,1,0,1,0,0,0,0,0,0,0,1,1,0,1,1,1,0,2,0
0,0,1,0,0,0,0,0,1,0,0,0,0,0,0,0,0,0,0,0,0,1,1,-2,0,0
0,0,1,0,0,0,0,0,1,0,1,1,0,0,1,0,0,0,1,0,0,1,1,-1,0,0
1,1,0,0,0,0,0,0,1,1,1,0,0,0,0,0,0,0,1,0,0,0,1,-1,0,0
0,0,1,0,0,0,0,0,1,0,0,0,0,1,1,0,0,0,1,0,0,0,1,0,0,0
0,0,1,0,0,0,0,0,1,0,0,0,0,1,0,0,0,0,1,0,0,0,1,-1,0,0
0,0,0,0,1,0,0,0,1,0,1,1,0,1,0,0,0,0,1,0,0,1,1,-1,1,0
0,0,1,1,0,0,0,0,0,0,0,1,0,1,0,0,0,0,1,0,1,1,0,1,1,0
0,0,1,0,0,1,0,0,1,0,0,0,1,1,0,0,1,0,0,0,0,0,2,1,0,2
0,0,1,0,0,0,0,0,1,1,1,0,0,0,1,0,0,0,1,0,0,1,1,-2,0,1
0,0,0,0,0,1,0,0,1,0,0,0,1,1,1,0,0,0,0,0,0,0,2,1,0,2
0,0,1,0,0,0,0,0,1,0,1,1,0,1,1,0,0,0,1,0,0,0,1,-1,0,0
0,1,1,0,0,1,0,0,1,0,0,1,1,1,1,0,0,0,0,0,0,0,2,1,0,2
0,0,0,0,0,0,0,0,1,1,0,1,0,1,1,1,0,0,1,0,0,1,1,-1,0,0
0,0,0,0,0,0,0,1,0,1,1,0,0,0,0,0,0,1,1,0,1,1,1,0,2,0
0,1,1,0,0,0,0,0,1,0,0,1,0,1,1,0,0,0,1,0,0,0,1,0,0,0
0,0,1,0,0,0,0,0,0,0,0,0,0,0,0,0,0,0,1,0,0,1,0,-2,0,0
0,0,1,0,0,0,0,0,1,1,1,1,0,1,1,0,1,0,1,0,0,0,1,1,0,0
0,1,0,0,0,1,0,0,1,0,0,1,0,1,1,0,0,0,0,0,0,0,2,0,0,2
0,0,1,0,0,1,0,0,1,0,0,1,1,1,0,1,0,0,0,0,0,0,2,1,0,2
0,0,0,0,0,0,0,0,0,1,1,0,0,0,0,0,0,0,1,0,1,0,0,-1,1,0
0,1,1,0,0,1,0,0,1,0,0,1,0,1,1,0,0,0,0,0,0,0,2,1,0,1
0,0,0,0,0,0,0,0,1,1,1,0,0,0,0,0,0,0,1,0,1,0,1,0,1,0
0,0,1,0,0,0,0,0,1,0,1,0,0,0,1,0,0,0,1,0,0,1,1,-1,0,0
0,0,0,0,0,0,0,0,1,1,1,0,0,1,0,1,0,0,1,0,0,1,1,-1,0,0
0,0,0,0,0,0,0,1,0,0,0,1,0,1,1,0,0,0,1,0,0,1,1,1,0,0
0,0,0,0,0,0,0,0,1,1,1,0,0,1,1,0,0,0,1,0,1,0,1,1,1,0
0,0,0,0,0,0,0,0,1,0,0,1,0,1,1,0,0,0,1,0,0,0,1,-1,0,1
0,0,1,0,0,0,0,0,1,0,0,1,0,0,0,0,0,0,1,0,1,1,1,0,1,0
0,1,1,0,0,0,0,0,1,0,1,1,0,0,1,0,0,0,1,0,0,1,1,-2,0,0
0,0,0,0,0,0,0,0,1,0,0,1,0,0,1,1,0,0,1,0,1,1,1,0,1,0
0,1,1,0,0,1,0,0,1,0,0,0,1,1,0,0,0,0,0,0,0,0,2,1,0,2
0,1,1,0,0,0,0,0,1,0,0,1,0,1,1,1,0,0,1,0,0,0,1,0,0,0
0,0,0,0,0,0,0,0,1,0,0,0,0,0,0,0,0,1,1,0,1,1,1,0,2,0
1,0,0,0,0,1,0,1,0,0,0,0,0,0,0,0,0,1,0,0,1,1,2,0,2,1
1,0,0,0,0,1,0,0,1,0,0,0,0,0,0,0,0,0,1,0,0,0,2,-1,0,2
0,1,0,0,0,1,0,0,1,0,0,1,1,1,1,1,0,0,0,0,0,0,2,0,0,2
0,0,0,0,0,0,0,0,1,0,0,0,0,0,1,0,0,0,1,0,1,0,1,0,1,0
0,1,1,0,0,1,0,0,1,0,0,1,1,1,1,1,0,0,0,0,0,0,2,0,0,2
1,0,0,0,0,0,0,0,0,0,1,1,0,0,0,0,0,0,1,0,1,0,0,0,1,0
0,1,1,0,0,0,0,0,1,0,0,1,1,1,1,1,0,0,0,0,0,0,1,-1,0,1
0,0,1,0,0,0,0,0,1,0,0,0,0,0,0,0,0,0,1,0,1,0,1,-1,1,0
0,0,0,0,0,0,0,0,0,0,1,1,0,1,1,0,0,0,1,0,0,0,0,0,0,0
0,0,1,0,0,0,0,0,0,0,0,0,0,0,0,0,0,0,0,0,0,0,0,-2,0,0
0,1,1,0,0,0,0,0,1,1,1,0,0,1,1,0,0,0,1,0,0,0,1,0,0,0
0,1,0,0,0,0,0,0,1,1,0,1,0,1,1,0,0,0,1,0,0,0,1,-1,0,1
0,0,0,0,0,0,0,0,1,1,0,1,0,1,0,0,0,0,1,0,0,0,1,-1,0,1
0,0,1,1,1,0,0,0,1,1,1,0,0,0,1,0,0,1,1,0,1,1,1,-1,3,0
0,0,1,0,0,0,0,0,1,0,0,0,0,1,1,0,0,0,1,0,0,0,1,0,0,0
0,0,1,0,0,0,0,0,1,0,0,1,1,1,1,0,0,0,1,0,0,0,1,-1,0,1
1,0,0,0,0,0,0,0,1,0,0,0,0,0,0,0,0,1,0,0,1,0,1,-1,2,0
0,0,0,0,0,0,0,0,1,1,1,0,0,0,0,0,0,1,1,0,0,1,1,-1,1,0
0,0,1,0,0,0,0,1,0,0,0,1,0,0,0,0,0,1,1,0,1,1,1,0,2,0
0,0,0,1,0,0,0,0,0,0,0,0,0,1,1,0,0,0,1,0,1,1,0,1,1,0
0,1,0,0,0,0,0,0,1,1,1,1,0,1,0,0,0,0,1,0,0,0,1,0,0,0
1,0,0,0,0,0,0,0,1,0,0,1,0,1,1,0,0,0,1,1,0,1,1,0,1,0
0,0,0,0,0,0,0,0,0,0,0,0,0,0,0,0,0,1,0,0,1,1,0,-1,2,0
0,0,1,0,0,0,0,0,1,1,1,1,0,1,1,0,0,0,1,0,0,1,1,-1,0,0
0,0,0,0,0,0,0,0,0,0,0,0,0,0,1,0,0,1,0,0,1,1,0,-1,2,1
0,0,1,0,0,0,0,0,1,0,0,1,0,1,0,0,0,0,1,0,0,1,1,1,0,0
0,0,0,0,0,0,0,0,1,0,0,0,0,0,0,0,0,0,1,0,1,0,1,-1,1,0
0,0,0,0,0,1,0,0,1,0,0,1,1,0,0,1,0,0,0,0,0,0,2,-1,0,2
0,1,0,0,0,1,0,0,1,0,0,1,1,1,1,1,0,0,0,0,0,0,2,0,0,2
0,0,1,1,0,0,0,0,1,0,0,1,0,1,0,0,0,0,1,0,0,1,1,-1,0,0
0,0,0,1,0,0,0,0,1,1,1,0,0,0,1,0,0,0,1,0,0,1,1,-2,0,0
0,0,0,0,0,0,0,0,1,1,1,0,0,1,0,0,0,0,1,0,1,1,1,1,1,0
0,0,0,0,0,1,0,0,0,0,0,1,1,1,1,0,0,0,0,0,0,0,1,1,0,2
0,0,0,0,0,0,0,0,1,0,1,1,0,1,1,1,0,0,1,0,0,0,1,-1,0,0
0,0,1,0,0,0,0,0,1,0,0,1,1,1,0,0,0,0,0,0,0,0,1,-1,0,1
0,0,1,0,0,0,0,0,1,0,0,0,1,1,1,0,0,0,0,0,0,0,1,0,0,1
0,0,0,0,0,1,0,0,1,0,0,1,0,1,0,0,0,0,0,0,0,0,2,1,0,1
0,0,1,0,0,0,0,1,0,1,1,0,0,0,0,0,0,0,1,0,1,1,1,0,1,0
0,0,1,0,1,0,0,1,0,1,1,0,0,1,1,0,0,0,1,0,1,1,1,0,2,0
0,1,0,0,0,0,0,0,0,1,1,1,0,1,1,0,0,0,1,0,0,0,0,0,0,0
0,0,1,0,0,0,0,0,1,1,1,1,0,1,0,0,0,0,1,0,0,1,1,-1,0,0
0,1,1,0,0,0,0,0,1,1,1,1,0,1,0,0,0,0,1,0,0,1,1,1,0,0
0,0,1,0,1,0,0,0,1,0,0,0,0,1,0,0,0,0,1,1,0,1,1,0,2,0
0,0,1,0,0,0,0,1,0,0,0,1,0,1,0,0,0,1,1,0,1,1,1,1,2,0
0,1,1,0,0,1,0,0,1,0,0,1,1,1,1,1,0,0,0,0,0,1,2,0,0,3
0,1,1,0,0,0,0,0,1,0,0,1,1,1,1,1,0,0,1,0,0,0,1,1,0,1
1,0,0,0,0,0,0,0,1,0,0,0,0,0,0,0,0,0,0,0,0,0,1,-1,0,0
0,0,1,0,1,0,0,0,1,1,1,1,0,1,1,0,0,0,1,0,0,1,1,0,1,0
0,1,1,0,0,1,0,0,1,0,0,1,1,1,1,0,0,0,0,0,0,0,2,0,0,2
0,0,1,1,1,0,0,0,1,0,0,1,0,1,0,0,0,1,1,0,1,1,1,1,3,0
0,0,0,0,0,0,0,0,1,0,0,1,0,1,1,0,0,1,1,0,0,1,1,0,1,0
0,0,1,0,0,1,0,0,1,0,0,1,1,1,1,0,0,0,0,0,0,0,2,0,0,3
0,0,0,0,0,0,0,0,1,1,1,0,0,0,1,0,0,0,1,0,0,1,1,0,0,1
0,0,1,0,1,0,0,0,1,1,1,1,0,1,0,0,0,0,1,0,0,1,1,-1,1,0
0,1,1,0,0,1,0,0,1,0,0,1,0,1,0,0,0,0,0,0,1,0,2,1,1,1
0,0,1,0,0,1,0,0,1,0,0,0,0,0,0,0,0,0,0,0,1,0,2,0,1,1
0,0,1,0,0,0,0,0,1,1,1,0,0,1,0,0,0,0,1,0,0,1,1,-1,0,0
0,1,1,0,0,1,0,0,1,0,0,1,0,1,0,0,0,0,0,0,1,0,2,1,1,1
0,1,1,0,0,0,0,0,1,1,1,1,0,1,1,0,0,0,1,0,0,1,1,0,0,0
0,1,0,0,0,0,0,0,1,1,1,1,0,1,1,0,0,0,1,0,0,0,1,0,0,0
0,1,1,0,0,0,0,0,1,0,0,1,0,1,0,0,0,0,1,0,0,0,1,1,0,0
0,0,0,0,1,0,0,0,1,1,1,0,0,0,1,0,0,0,1,0,0,1,1,0,1,0
0,0,1,0,0,0,0,0,0,1,0,1,0,1,0,0,0,0,1,0,0,0,0,1,0,0
1,0,1,0,0,0,0,1,0,0,0,1,0,1,0,0,0,0,1,0,0,1,1,1,0,0
0,1,1,0,0,1,0,0,1,0,0,1,0,1,0,0,0,0,0,0,0,0,2,0,0,1
0,1,0,0,0,0,0,0,1,0,0,1,0,1,0,0,0,0,1,0,0,0,1,-1,0,0
0,0,0,0,0,0,0,0,1,0,0,0,0,1,0,0,0,0,1,0,0,0,1,0,0,0
0,0,0,0,0,1,0,0,1,0,0,1,1,1,0,1,0,0,0,0,0,0,2,-1,0,2
0,0,0,0,0,0,0,0,1,0,1,1,0,1,1,0,0,0,1,0,0,1,1,0,0,1
0,0,0,0,0,0,0,0,1,1,1,0,0,0,0,0,0,0,1,0,0,0,1,-2,0,0
1,0,0,0,0,0,0,0,1,0,0,0,0,0,1,0,0,0,1,0,0,0,1,0,0,0
0,1,0,0,0,0,0,0,1,0,0,1,0,1,1,0,0,0,1,0,0,0,1,-1,0,0
0,1,0,0,0,0,0,0,1,1,1,1,0,1,1,0,0,0,1,0,0,0,1,0,0,0
0,0,1,0,0,0,0,0,1,0,0,0,0,1,0,0,0,0,1,0,1,1,1,1,1,0
0,0,0,0,0,0,0,1,0,0,1,0,0,0,1,0,0,1,1,0,1,1,1,-1,2,0
0,0,1,0,0,0,0,0,1,0,0,1,0,1,0,0,0,0,1,0,1,1,1,1,1,0
0,0,0,0,0,0,0,0,1,0,0,0,0,0,0,0,0,1,1,0,1,1,1,-1,2,0
0,0,1,0,0,0,0,0,1,1,0,1,0,1,1,0,0,0,1,0,0,0,1,0,0,0
0,0,1,0,0,0,0,1,0,0,0,0,0,0,0,0,0,1,0,0,1,0,1,0,2,1
0,0,0,0,0,0,0,0,1,0,0,0,0,1,1,0,0,0,0,0,0,0,1,0,0,0
0,0,1,0,0,1,0,0,1,0,0,0,0,1,1,0,0,0,0,0,0,0,2,1,0,1
1,1,1,0,0,0,0,0,1,0,0,1,0,1,0,0,0,0,1,0,0,1,1,0,0,0
0,0,1,0,0,0,0,0,0,1,1,0,0,0,0,0,0,0,1,0,1,1,0,0,1,0
0,0,0,1,1,0,0,1,0,1,1,0,0,1,1,0,0,1,1,0,1,1,1,1,3,0
0,0,0,0,0,0,0,1,0,1,0,0,0,0,0,0,0,1,1,0,1,1,1,-1,2,1
0,1,1,0,0,0,0,0,1,0,0,0,0,0,0,1,0,0,0,0,0,1,1,-2,0,1
0,0,0,0,1,0,0,1,0,1,1,0,0,0,0,0,0,1,1,0,1,1,1,0,3,0
0,1,1,0,0,1,1,0,1,0,0,1,0,1,0,0,0,0,0,0,0,0,3,1,0,1
0,0,0,0,1,0,0,0,1,0,0,0,0,1,1,0,0,0,1,0,1,1,1,1,2,0
0,0,0,0,0,0,0,0,1,0,0,0,0,1,0,0,0,0,1,0,0,1,1,0,0,1
0,0,1,1,0,0,0,0,0,1,1,1,0,1,1,0,0,0,1,0,0,1,0,0,0,0
1,0,0,0,0,0,0,0,1,0,1,0,0,0,0,0,0,0,1,0,0,0,1,0,0,0
0,0,1,0,0,0,0,0,1,0,0,0,0,0,0,0,0,0,1,0,1,0,1,-1,1,0
0,1,1,0,0,0,0,0,0,1,1,1,0,1,1,0,0,0,1,0,0,0,0,0,0,1
0,0,1,0,0,0,0,0,0,0,0,0,0,0,0,0,0,0,0,0,0,0,0,-1,0,1
0,1,0,0,0,0,0,0,1,1,1,1,0,1,1,1,0,0,1,0,0,0,1,1,0,0
0,1,0,0,0,0,0,0,1,1,1,1,0,1,1,0,0,0,1,0,1,0,1,0,1,0
0,0,0,0,0,0,0,0,1,1,1,0,0,0,0,0,0,0,1,0,1,1,1,0,1,0
0,0,1,0,0,1,0,0,1,0,0,1,1,1,1,0,0,0,0,0,0,0,2,-1,0,2
0,0,0,0,1,0,0,0,1,0,0,1,0,1,0,0,0,0,1,0,0,1,1,1,1,0
0,0,1,0,0,0,0,0,0,0,0,0,0,1,0,0,0,0,1,0,1,0,0,1,1,0
0,0,0,0,1,1,0,1,0,1,1,0,0,0,0,0,0,1,1,0,1,1,2,-1,3,1
0,0,0,0,0,1,0,0,1,0,0,0,1,1,0,0,0,0,0,0,0,0,2,1,0,2
0,1,1,0,0,1,0,0,1,0,0,1,1,1,1,0,1,0,0,0,0,0,2,-1,0,2
0,1,0,0,0,0,0,0,1,1,1,1,0,1,0,0,0,0,1,0,0,1,1,-1,0,0
0,0,0,0,0,0,0,0,1,0,0,0,0,1,0,0,0,0,1,0,1,0,1,0,1,0
0,1,0,0,0,0,0,0,1,1,0,1,0,1,1,0,0,0,1,0,0,0,1,0,0,0
0,0,1,0,0,0,0,0,1,1,1,1,0,1,0,0,0,0,1,0,0,1,1,1,0,0
0,0,0,1,1,0,0,0,0,1,1,1,0,1,0,0,0,0,1,0,1,1,0,1,2,0
0,0,0,0,0,0,0,0,1,1,1,1,0,0,0,0,0,1,1,0,1,1,1,0,2,0
0,1,1,0,0,0,0,0,1,0,0,1,0,1,0,0,0,0,1,0,0,1,1,0,0,0
0,0,1,0,0,0,0,0,1,0,0,1,1,1,0,0,0,0,0,0,0,0,1,1,0,1
1,1,0,0,0,0,0,0,1,1,1,1,0,0,1,0,0,0,1,0,1,0,1,0,1,0
1,1,1,0,0,1,0,0,1,0,0,0,0,0,0,0,1,0,0,0,1,0,2,0,1,2
0,0,1,1,1,0,0,0,0,0,1,0,0,1,1,0,0,0,1,0,1,1,0,1,2,0
0,0,1,1,0,0,0,0,0,0,1,1,0,1,1,0,0,0,1,0,0,1,0,1,0,0
0,0,1,1,0,0,0,0,0,0,0,1,0,1,1,0,0,1,1,0,0,1,0,1,1,0
0,0,1,0,0,0,0,0,1,1,1,1,0,1,0,0,0,0,1,0,0,0,1,-1,0,0
0,0,0,0,0,0,0,0,1,0,0,0,0,0,0,0,0,0,1,0,1,0,1,-1,1,0
0,1,0,0,0,0,0,0,1,1,0,0,0,0,1,0,0,0,1,0,0,1,1,-1,0,0
0,0,1,0,0,0,0,0,1,0,0,1,0,1,1,0,0,0,1,0,1,1,1,1,1,0
0,1,1,0,0,1,0,0,1,0,0,1,1,1,1,0,1,0,0,0,0,0,2,-1,0,2
0,0,0,0,0,1,0,0,1,0,0,1,1,1,1,1,0,0,0,0,0,0,2,1,0,3
0,0,0,0,0,0,0,0,1,0,1,1,0,1,0,0,0,0,1,0,0,1,1,-1,0,1
1,0,0,0,0,0,0,0,1,0,0,0,0,0,1,0,0,0,1,0,0,0,1,-1,0,0
0,0,1,0,0,0,0,0,1,0,0,1,0,1,1,0,0,0,1,0,0,1,1,0,0,0
0,1,1,0,0,0,0,0,1,0,0,1,1,1,0,0,0,0,0,0,0,0,1,0,0,1
0,1,1,0,0,0,0,0,1,0,1,1,0,1,0,0,0,0,1,0,0,1,1,0,0,0
0,0,1,0,0,0,0,0,1,1,1,1,0,0,0,0,0,0,1,0,1,1,1,0,1,0
0,0,1,0,0,0,0,0,1,1,1,1,0,1,1,1,0,0,1,0,0,1,1,-1,0,1
0,0,0,0,0,0,0,1,0,0,1,0,0,1,0,0,0,1,1,0,0,1,1,-1,1,0
0,0,0,1,0,0,0,1,0,0,1,0,0,0,0,0,0,1,1,0,1,1,1,-1,2,0
0,1,1,0,0,0,0,0,1,0,1,1,0,0,0,0,0,0,1,0,1,1,1,0,1,0
0,0,0,1,1,0,0,0,0,1,1,0,0,1,1,0,0,0,1,0,0,1,0,0,1,0
0,0,0,0,0,1,0,1,0,0,0,0,0,0,0,0,0,1,0,0,1,1,2,-1,2,1
0,0,0,0,0,1,0,0,1,0,0,0,0,1,1,0,0,0,0,0,0,0,2,1,0,1
0,0,1,0,0,1,0,0,1,0,0,1,1,1,0,0,0,0,0,0,0,0,2,0,0,2
0,0,0,0,0,1,0,0,1,0,0,0,0,0,1,0,0,0,0,0,0,1,2,-2,0,1
0,1,1,0,0,1,0,0,1,0,0,1,1,1,0,1,1,0,0,0,0,0,2,1,0,2
0,1,0,0,0,0,0,0,1,0,0,1,0,1,0,0,0,0,1,0,1,0,1,0,1,0
0,1,0,0,0,0,0,0,1,1,1,1,1,1,0,0,0,0,1,0,0,0,1,1,0,1
0,0,0,0,0,0,0,0,1,0,0,1,0,1,1,1,0,0,1,0,0,1,1,0,0,0
0,0,1,0,0,1,0,0,1,0,0,0,0,1,0,0,1,0,0,0,0,0,2,0,0,1
0,1,1,0,0,1,0,0,1,0,0,1,0,1,0,0,0,0,0,0,0,1,2,1,0,1
0,0,1,0,0,0,0,1,0,1,1,0,0,0,0,0,0,1,1,0,1,1,1,0,2,0
0,0,1,0,1,0,0,0,1,0,0,0,0,0,0,0,0,0,1,0,0,1,1,-1,1,0
0,0,1,0,0,0,0,0,1,0,1,0,0,0,1,0,0,0,1,0,0,1,1,-1,0,0
0,0,0,0,1,0,0,0,1,0,0,0,0,1,1,0,0,0,1,0,0,0,1,1,1,0
0,0,0,0,0,0,0,0,0,0,1,0,0,0,1,0,0,0,1,0,1,1,0,-1,1,0
1,0,1,0,0,0,0,0,1,0,0,0,0,0,0,0,0,0,0,0,0,1,1,-1,0,0
0,0,1,1,1,0,0,0,1,0,0,1,0,0,0,1,0,0,1,0,0,1,1,-1,1,0
0,0,0,0,0,0,0,0,0,1,1,1,0,1,0,0,0,0,1,0,0,0,0,1,0,0
0,0,1,0,1,0,0,0,1,0,0,1,0,1,1,0,0,0,1,0,0,1,1,0,1,0
0,0,0,0,0,0,0,0,1,1,1,1,1,1,1,0,0,0,1,0,0,0,1,-1,0,1
1,0,1,1,0,0,0,0,1,1,1,1,0,1,0,0,0,0,1,0,1,0,1,0,1,0
0,1,1,0,0,0,0,0,1,1,1,0,0,1,1,0,0,0,1,0,0,1,1,-1,0,0
0,0,1,0,0,1,0,0,1,0,0,1,1,1,1,1,0,0,0,0,0,0,2,1,0,3
0,0,1,0,0,1,0,0,1,0,0,1,1,1,1,0,1,0,0,0,0,0,2,0,0,2
0,0,1,1,0,0,0,0,1,1,1,1,0,1,1,0,0,0,1,0,0,1,1,-1,0,0
0,0,0,0,1,0,0,0,1,1,1,1,0,0,0,0,0,0,1,0,1,1,1,0,2,0
0,0,0,0,0,0,0,1,0,1,1,0,0,0,1,0,0,1,1,0,1,1,1,0,2,0
0,0,0,0,0,0,0,0,1,1,1,0,0,1,1,1,1,0,1,0,0,0,1,-1,0,0
0,0,0,0,1,1,0,0,1,0,0,0,0,0,0,0,1,0,0,1,1,1,2,0,3,2
0,0,1,1,1,0,0,0,0,0,0,0,0,1,0,0,0,0,1,0,1,1,0,0,2,0
0,0,1,0,0,0,0,1,0,0,0,0,0,1,0,0,0,1,1,1,1,1,1,1,3,0
0,0,0,0,0,0,0,0,1,0,0,0,0,1,0,0,0,0,0,0,0,0,1,0,0,0
0,0,1,0,0,1,0,0,1,0,0,1,1,1,0,1,1,0,0,0,0,0,2,1,0,2
0,1,1,0,0,1,0,0,1,0,0,1,1,0,0,0,1,0,0,0,0,0,2,-2,0,2
0,0,1,1,1,0,0,0,0,0,1,0,0,1,0,0,0,0,1,0,1,1,0,1,2,0
0,0,0,0,0,0,0,0,0,1,1,1,0,0,1,0,0,0,1,0,0,1,0,-1,0,0
0,0,1,1,1,0,0,1,0,0,1,0,0,1,0,0,0,1,1,0,1,1,1,1,3,0
0,0,0,0,0,0,1,0,1,0,0,1,0,1,1,0,0,0,1,0,0,1,2,1,0,0
0,0,1,0,0,1,0,0,0,0,0,1,0,0,0,0,0,1,0,0,1,1,1,0,2,1
0,0,1,0,0,0,0,0,1,0,0,1,0,1,1,0,0,0,1,0,0,0,1,0,0,0
0,0,1,0,0,1,0,0,1,0,0,1,1,1,0,0,1,0,0,0,0,0,2,1,0,2
0,0,1,0,0,0,0,0,1,0,0,0,0,1,0,0,0,0,1,0,1,0,1,1,1,0
0,0,0,1,0,0,0,0,1,1,1,0,0,1,1,0,0,0,1,0,0,1,1,1,0,0
1,0,0,0,1,0,0,0,1,0,1,0,0,0,0,0,0,1,1,0,1,0,1,0,3,0
0,0,0,0,0,0,0,0,1,0,0,0,0,0,1,1,0,0,1,0,0,0,1,-1,0,1
0,0,1,0,0,1,0,0,1,0,0,1,1,1,0,0,1,0,0,0,0,0,2,1,0,3
1,0,1,0,1,0,0,0,0,0,1,0,0,0,1,0,0,1,1,0,1,1,0,0,3,0
0,0,0,0,0,0,0,0,0,0,1,0,0,0,0,0,0,0,1,0,1,0,0,0,1,0
0,0,0,0,0,0,0,0,1,1,1,1,0,1,1,1,0,0,1,0,0,0,1,0,0,0
0,0,0,0,1,0,0,0,1,1,1,0,0,1,0,0,0,0,1,0,0,1,1,1,1,0
0,1,0,0,0,0,0,0,1,1,1,1,0,1,1,0,0,0,1,0,0,0,1,0,0,0
0,0,1,0,0,0,0,0,1,0,0,1,0,0,0,0,0,0,0,0,0,0,1,0,0,0
0,0,1,0,0,0,0,0,0,0,0,0,0,1,1,0,0,0,0,0,1,0,0,1,1,0
0,1,1,0,0,1,0,0,1,0,0,1,1,1,1,1,0,0,0,0,0,0,2,0,0,3
0,0,1,0,0,0,0,0,1,0,0,0,0,1,1,0,0,0,0,0,0,0,1,-1,0,0
0,0,0,0,0,0,0,0,0,0,1,0,0,0,0,0,0,0,1,0,1,1,0,0,1,0
0,1,0,0,0,1,0,0,1,0,0,1,0,1,1,0,0,0,1,0,0,0,2,1,0,1
0,0,0,0,1,0,0,0,1,0,0,1,0,1,1,0,0,0,1,0,0,1,1,1,1,0
0,0,0,0,0,0,0,0,1,0,0,1,0,1,0,0,0,1,1,0,1,1,1,1,2,0
0,1,0,0,0,0,0,0,1,1,1,1,0,1,0,1,0,0,1,0,0,0,1,0,0,0
0,0,0,0,0,0,0,0,1,0,0,1,0,1,1,0,0,0,0,0,0,0,1,0,0,0
0,0,0,0,1,0,0,0,1,0,1,1,0,1,1,0,0,0,1,0,0,1,1,-1,1,0
0,0,0,0,0,0,0,0,1,1,1,0,0,0,1,0,0,0,1,0,0,0,1,0,0,0
0,0,1,0,0,0,0,0,1,0,0,1,0,1,1,1,0,0,0,0,0,1,1,1,0,1
0,0,1,0,0,0,0,0,1,0,0,0,0,1,0,0,0,0,0,0,0,0,1,1,0,0
0,0,0,0,0,1,0,0,1,0,0,0,0,1,0,0,0,0,0,0,0,0,2,-1,0,1
0,0,1,0,0,1,0,0,1,0,0,1,0,1,1,0,0,0,0,0,0,1,2,0,0,1
0,0,0,0,0,0,0,0,1,0,0,1,0,1,1,1,0,0,0,0,0,0,1,0,0,0
0,0,0,0,0,1,0,0,1,0,0,1,1,1,1,1,0,0,0,0,0,0,2,-1,0,2
0,0,0,0,0,0,0,0,1,0,1,1,0,1,0,1,0,0,1,0,0,0,1,0,0,0
0,0,0,0,0,0,0,0,1,0,0,1,0,1,1,0,0,0,0,0,1,0,1,1,1,0
1,0,0,0,1,0,0,0,1,1,1,0,0,0,0,0,0,0,1,0,0,0,1,-2,1,0
0,1,1,0,0,1,0,0,1,0,0,1,1,1,0,1,1,0,0,0,0,0,2,0,0,2
1,0,0,0,0,0,0,0,0,0,0,0,0,0,0,0,0,0,1,0,1,0,0,0,1,0
0,0,1,0,0,1,0,0,1,0,0,1,1,1,1,0,0,0,0,0,0,0,2,0,0,2
1,1,0,0,0,1,0,0,1,0,0,0,0,0,1,0,0,0,0,0,1,0,2,0,1,2
0,0,1,1,0,0,0,0,0,1,1,0,0,0,1,0,0,0,1,0,1,1,0,0,1,0
0,0,1,0,0,0,0,0,1,0,0,0,0,0,1,0,0,0,1,0,0,1,1,-1,0,0
0,0,1,1,1,0,0,0,0,0,1,1,0,1,0,0,0,0,1,0,1,1,0,0,2,0
0,1,0,0,0,0,0,0,1,0,0,1,0,0,1,1,0,0,1,0,1,0,1,0,1,0
0,0,1,0,0,1,0,0,1,0,0,1,1,1,1,1,0,0,0,0,0,0,2,0,0,2
0,0,0,0,0,1,0,0,1,1,1,0,0,1,0,0,0,0,1,0,1,1,2,1,1,1
0,0,0,1,0,0,0,0,0,1,1,1,0,0,1,0,0,0,1,0,1,1,0,0,1,0
0,0,0,0,0,0,0,0,1,0,0,1,0,0,0,0,0,0,1,0,0,0,1,-1,0,0
0,0,1,1,0,0,0,0,0,1,1,1,0,1,1,1,0,0,1,0,0,1,0,0,0,0
0,1,0,0,0,1,0,0,1,0,0,1,1,1,0,1,1,0,0,0,0,0,2,1,0,3
0,1,1,0,0,0,0,0,1,1,1,1,0,1,1,0,0,0,1,0,0,0,1,0,0,0
0,0,0,0,0,0,0,0,1,0,1,0,0,1,0,0,0,0,1,0,0,0,1,1,0,0
1,0,1,0,0,0,0,0,1,0,0,1,1,1,0,0,0,0,0,0,0,0,1,0,0,1
0,1,1,0,0,1,0,0,1,0,0,1,1,1,0,1,0,0,0,0,0,0,2,1,0,2
0,0,0,0,0,0,0,0,1,0,0,1,0,1,1,0,0,0,1,0,1,1,1,1,1,0
0,0,1,0,0,0,0,0,1,0,0,1,0,1,1,0,0,0,1,0,0,1,1,1,0,0
0,0,1,0,0,0,0,0,1,0,0,0,0,1,1,0,0,0,1,0,0,1,1,-1,0,0
0,0,0,0,0,0,0,0,1,0,0,0,0,1,1,0,0,0,1,0,0,1,1,0,0,0
0,0,1,0,0,0,0,0,0,0,0,0,0,1,1,0,0,0,1,0,0,1,0,1,0,0
0,0,1,0,0,0,0,0,0,1,1,0,0,0,1,0,0,0,1,0,1,1,0,-1,1,0
0,0,1,0,0,0,0,0,1,0,0,1,1,1,1,0,1,0,0,0,0,0,1,0,0,1
0,0,1,1,0,0,0,0,0,1,1,1,0,1,1,0,0,0,1,0,0,1,0,-1,0,0
0,0,0,0,0,0,0,0,1,1,1,1,0,1,1,0,0,0,1,0,1,1,1,1,1,0
0,0,0,0,0,1,0,0,1,0,0,1,0,1,1,0,0,0,0,0,1,0,2,1,1,1
0,0,0,0,0,0,0,0,1,0,1,1,0,0,0,0,0,0,1,0,1,1,1,-1,1,0
0,1,0,0,0,0,0,0,1,0,0,0,0,1,1,0,0,0,1,0,0,0,1,0,0,0
0,0,1,0,0,0,0,0,1,1,0,1,0,1,1,0,0,0,1,0,0,1,1,0,0,0
0,0,0,0,0,0,0,0,1,0,0,1,0,1,0,0,0,0,1,0,0,0,1,1,0,0
0,0,0,0,0,0,0,0,0,0,0,1,1,1,1,1,0,1,0,0,1,0,0,1,2,2
0,0,1,0,0,0,0,0,1,0,0,0,0,0,1,0,0,0,1,0,0,0,1,0,0,0
0,0,1,0,0,0,0,0,1,0,0,1,1,1,0,0,1,0,0,0,0,0,1,0,0,1
0,0,0,0,0,0,0,0,0,1,1,1,0,0,1,0,0,0,1,0,0,1,0,-1,0,0
0,0,1,0,0,1,0,0,1,0,0,0,0,1,0,0,1,0,0,0,0,0,2,0,0,1
0,0,0,1,1,0,0,1,0,0,0,1,0,1,0,0,0,1,1,0,1,1,1,1,3,0
0,0,0,0,0,1,0,0,1,0,0,1,1,1,1,0,0,0,0,0,0,0,2,0,0,3
0,1,1,0,0,0,0,0,1,0,1,1,0,1,1,0,0,0,1,0,0,1,1,0,0,0
0,0,1,0,0,1,0,1,0,0,0,0,0,1,0,0,0,0,0,0,1,0,2,0,1,1
0,0,0,0,0,1,0,0,1,0,0,0,0,0,0,0,0,0,0,0,0,1,2,0,0,1
0,0,0,0,0,0,0,0,1,0,0,0,0,0,0,0,0,0,1,0,1,1,1,0,1,0
0,0,0,0,0,0,1,0,1,0,1,0,0,1,1,0,0,0,1,0,0,0,2,0,0,0
0,0,1,0,0,0,0,0,1,1,1,0,0,1,1,0,0,0,1,0,0,0,1,0,0,0
0,0,0,0,0,0,0,1,0,0,1,0,0,0,0,0,0,1,1,0,1,1,1,0,2,0
0,0,1,1,0,0,0,0,0,0,0,1,0,1,0,0,0,0,1,0,0,1,0,1,0,0
1,0,0,0,0,0,0,0,1,0,0,0,0,0,0,0,0,0,1,0,0,0,1,-1,0,0
0,0,0,0,0,0,0,0,1,1,1,0,0,0,1,0,0,0,1,0,0,0,1,-1,0,0
0,0,0,0,1,0,0,0,1,0,0,1,0,1,0,0,0,0,1,1,0,1,1,0,2,0
0,0,0,0,0,0,0,0,1,1,1,1,0,1,1,0,0,0,1,0,0,0,1,1,0,0
0,0,0,0,0,0,0,0,0,1,1,1,0,1,1,0,0,0,1,0,0,1,0,0,0,0
0,0,0,0,0,0,0,0,1,1,1,0,0,1,1,1,0,0,1,0,0,1,1,0,0,0
1,1,1,0,0,1,0,0,1,0,0,1,1,1,0,0,0,0,0,0,0,0,2,0,0,2
0,0,0,0,0,1,0,0,1,0,0,1,1,1,0,1,1,0,0,0,0,0,2,0,0,2
0,0,1,0,0,0,0,0,0,0,0,1,0,0,0,0,0,0,0,0,0,1,0,0,0,0
0,0,0,0,0,0,0,0,1,0,0,1,0,1,0,0,0,0,1,0,1,0,1,0,1,0
0,0,0,1,1,0,0,0,0,1,1,0,0,1,1,0,0,0,1,0,0,1,0,0,1,0
0,0,1,1,1,0,0,0,1,0,0,1,0,1,0,0,0,0,1,0,0,0,1,0,1,0
1,0,0,0,0,0,0,0,1,0,0,0,0,0,0,0,0,0,0,0,0,1,1,-2,0,0
0,0,0,1,1,0,0,1,0,0,0,0,0,0,0,0,0,1,0,0,1,1,1,0,3,0
0,0,1,0,0,0,0,0,1,0,0,0,0,1,1,0,0,0,1,0,0,1,1,0,0,0
0,0,0,0,0,0,0,1,0,1,1,0,0,0,0,1,0,1,1,0,1,1,1,-1,2,0
0,1,0,0,0,0,0,0,1,0,0,1,1,1,0,0,0,0,0,0,0,0,1,0,0,1
0,0,0,0,0,0,0,0,0,0,0,0,0,0,0,0,0,1,1,0,1,1,0,0,2,0
0,0,0,0,0,0,0,0,1,1,1,1,0,0,1,0,0,0,1,0,1,1,1,-2,1,0
0,0,0,0,0,0,0,0,1,0,0,1,0,0,0,0,0,1,1,0,1,0,1,-1,2,0
0,0,0,0,0,0,0,0,1,0,1,1,0,1,0,0,0,0,1,1,0,1,1,1,1,0
0,0,0,0,0,0,0,0,1,1,1,1,1,1,1,0,0,0,1,0,0,0,1,-1,0,1
1,0,1,0,1,0,0,1,0,0,0,0,0,0,1,0,0,1,1,0,1,1,1,0,3,0
0,0,0,0,0,0,0,0,1,0,0,0,0,0,0,1,0,0,0,0,0,0,1,-1,0,0
0,0,0,0,0,0,0,0,1,0,0,1,0,0,0,0,0,0,1,0,1,0,1,-1,1,0
0,0,0,0,0,0,0,0,1,0,0,1,0,1,1,0,0,0,0,0,0,0,1,1,0,0
0,1,0,0,0,0,0,0,0,0,0,1,0,1,1,1,0,0,1,0,0,0,0,0,0,0
0,0,1,0,0,0,0,0,1,0,0,1,0,1,1,0,0,0,1,0,0,1,1,0,0,0
0,0,0,0,0,0,0,0,1,1,1,1,0,0,1,0,0,0,1,0,1,1,1,0,1,0
0,1,0,0,0,1,0,0,1,0,0,1,1,1,1,0,0,0,0,0,0,0,2,1,0,2
1,0,1,0,0,0,0,0,1,0,0,0,0,0,0,0,0,0,1,0,0,0,1,-1,0,0
0,0,0,0,0,0,0,0,1,0,0,1,0,1,0,0,0,0,1,0,1,1,1,0,1,0
0,0,0,0,0,0,0,0,1,0,0,0,0,0,1,0,0,0,1,0,1,0,1,0,1,0
1,1,0,0,0,0,0,1,0,0,1,0,0,0,0,0,0,0,1,0,0,0,1,0,0,0
0,0,1,0,0,0,0,1,0,0,1,0,0,1,1,0,0,1,1,0,0,1,1,-1,1,0
0,1,1,0,0,0,0,0,1,0,1,1,0,1,1,0,0,0,1,0,1,0,1,1,1,0
0,0,1,0,0,0,0,0,0,0,0,0,0,0,0,1,0,1,0,0,1,0,0,-1,2,1
0,0,1,0,0,0,0,0,1,0,1,1,0,1,1,0,0,0,1,0,0,1,1,0,0,0
0,0,1,0,0,0,0,0,1,0,0,0,1,1,1,0,0,0,0,0,0,0,1,0,0,1
0,1,0,0,0,1,0,0,1,0,0,1,0,1,1,0,0,0,0,0,0,0,2,0,0,1
0,0,1,0,0,0,0,0,1,1,1,1,0,0,1,0,0,0,1,0,0,0,1,-1,0,0
0,1,1,0,0,1,0,0,1,0,0,1,1,1,1,1,1,0,0,0,0,0,2,1,0,2
0,0,1,0,0,1,0,0,1,0,0,1,0,1,1,0,0,0,0,0,0,1,2,0,0,1
0,0,0,0,0,0,0,0,0,0,0,1,0,1,0,0,0,0,1,0,1,1,0,1,1,0
0,1,0,0,0,0,0,0,1,0,0,1,0,0,0,0,0,0,1,0,1,0,1,0,1,0
0,0,0,0,0,0,0,0,1,0,0,1,0,1,1,0,0,0,1,0,0,1,1,1,0,0
0,1,1,0,0,1,0,0,0,0,0,1,1,1,1,0,0,0,0,0,0,0,1,0,0,2
0,0,1,0,0,1,0,0,1,0,0,1,1,1,0,0,0,0,0,0,0,0,2,1,0,2
0,1,1,0,0,1,1,0,1,0,0,1,0,1,1,1,0,0,0,0,0,0,3,1,0,1
0,1,0,0,0,0,0,0,1,1,1,1,0,1,1,0,0,0,1,0,0,0,1,-1,0,0
1,0,0,0,0,0,0,0,1,0,1,0,0,0,1,1,0,0,1,0,1,0,1,0,1,0
0,0,1,0,0,0,0,0,1,0,1,0,0,1,0,0,0,1,1,0,1,1,1,0,2,0
0,0,1,0,0,1,0,0,1,0,0,1,0,0,1,1,0,0,0,0,0,1,2,-1,0,1
0,0,1,0,0,0,0,0,1,0,0,0,0,0,1,0,0,0,1,0,0,0,1,-1,0,0
0,0,1,0,0,1,0,0,1,0,0,1,1,1,1,0,0,0,0,0,0,0,2,1,0,2
0,0,0,0,1,0,0,0,0,0,0,0,0,0,1,0,0,1,1,0,1,0,0,0,3,0
1,1,1,0,0,1,0,0,1,0,0,1,1,1,0,0,0,0,0,0,0,0,2,1,0,2
0,1,1,0,0,1,0,0,1,0,0,1,0,1,0,0,0,0,0,0,0,0,2,0,0,1
0,0,0,0,0,0,0,0,0,0,0,1,0,0,0,0,0,0,1,0,1,0,0,0,1,0
1,0,0,0,0,0,0,0,1,0,1,0,0,0,1,0,0,0,1,0,0,1,1,-1,0,0
0,1,0,0,0,0,0,0,1,1,1,0,0,1,0,0,0,0,1,0,0,1,1,-1,0,0
0,0,0,0,0,1,0,0,1,1,1,1,0,0,0,0,0,0,1,0,0,1,2,-1,0,1
0,0,1,1,1,0,0,0,0,0,1,1,0,1,1,0,0,0,1,0,1,1,0,1,2,0
0,1,0,0,0,1,0,0,0,0,0,1,1,1,1,1,0,0,0,0,0,0,1,1,0,2
0,0,1,0,0,0,0,0,0,1,1,1,0,0,1,0,0,0,1,0,0,1,0,-1,0,0
0,0,0,0,0,0,0,1,0,0,0,1,0,0,0,0,0,1,1,0,0,1,1,-1,1,0
0,0,0,0,0,0,0,0,0,1,1,1,0,1,1,1,0,0,1,0,0,1,0,0,0,0
0,0,0,1,0,0,0,0,1,0,0,0,0,0,1,0,0,0,1,0,0,1,1,0,0,0
0,0,0,0,0,0,0,1,0,0,0,0,0,0,1,0,0,1,1,0,1,1,1,-1,2,0
0,0,0,0,0,0,0,1,0,0,0,0,0,0,0,0,0,0,1,0,0,0,1,-1,0,0
0,0,1,0,0,0,1,0,1,1,0,1,0,1,1,0,0,0,1,0,0,1,2,-1,0,0
0,0,1,1,0,0,0,0,0,0,0,1,0,1,0,0,0,0,1,0,1,1,0,1,1,0
0,1,1,0,0,1,0,0,1,0,0,0,0,1,1,0,0,0,0,0,0,0,2,1,0,1
0,1,1,0,0,0,0,0,1,0,0,1,0,1,1,1,0,0,1,0,0,0,1,1,0,0
0,0,0,0,0,0,0,0,1,0,0,1,0,1,0,0,0,0,1,0,1,1,1,1,1,0
0,1,0,0,0,0,0,0,1,0,1,0,0,0,0,0,0,0,1,0,1,0,1,-1,1,1
0,0,0,0,1,0,0,0,1,0,0,0,0,1,0,0,0,0,1,0,1,1,1,-1,2,0
0,0,0,0,0,1,0,0,0,0,1,0,0,0,1,0,0,0,1,0,1,1,1,-1,1,1
0,0,0,0,1,0,0,0,1,0,0,1,0,1,1,0,0,0,1,0,0,0,1,1,1,0
0,0,0,0,0,0,0,0,1,1,1,1,0,1,1,1,0,0,1,0,0,1,1,0,0,0
0,0,1,0,1,0,0,0,1,0,0,1,0,1,0,0,0,0,1,0,1,1,1,1,2,0
0,1,0,0,0,1,0,0,1,0,0,1,0,1,0,0,0,0,0,0,0,0,2,1,0,2
0,0,1,0,1,0,0,0,1,0,1,0,0,0,0,0,0,1,1,0,1,1,1,-1,3,0
0,0,1,0,1,0,0,0,0,0,1,0,0,0,1,0,0,0,1,1,0,1,0,-2,2,0
1,1,0,0,0,0,0,0,1,0,0,0,0,0,1,0,0,0,1,0,0,0,1,0,0,0
0,0,0,0,0,1,0,0,1,0,0,0,0,0,0,0,0,0,0,0,1,0,2,0,1,1
0,0,0,0,0,0,0,0,0,0,1,0,1,0,1,0,0,0,1,0,0,0,0,-1,0,1
0,0,0,1,1,0,0,0,1,0,0,0,0,0,0,0,0,1,1,0,1,1,1,-1,3,0
0,0,0,1,0,0,0,0,0,0,0,1,0,0,1,0,0,0,1,0,0,1,0,-1,0,0
0,0,0,0,0,0,0,0,0,0,1,1,0,1,0,0,0,0,1,0,1,1,0,0,1,0
0,0,1,0,0,0,0,0,1,0,0,1,0,1,1,0,0,0,1,0,0,0,1,1,0,0
0,0,0,0,0,1,0,0,1,0,0,0,1,0,0,0,0,0,0,0,0,0,2,-1,0,2
0,0,1,0,0,1,0,0,1,0,0,1,1,1,1,1,0,0,0,0,0,0,2,-1,0,2
0,1,1,0,0,1,0,0,1,0,0,1,1,1,1,1,0,0,0,0,0,0,2,-1,0,2
0,0,1,0,0,0,0,0,0,0,0,1,0,1,1,0,0,0,1,0,0,0,0,0,0,0
0,0,0,0,0,0,0,0,1,0,0,1,0,1,1,0,0,0,1,0,0,0,1,-1,0,0
0,0,1,0,0,0,0,0,1,0,0,0,0,0,0,0,0,1,0,0,0,0,1,-1,1,2
0,0,1,0,0,0,0,1,0,0,1,0,0,1,0,0,0,1,1,0,1,1,1,1,2,0
0,1,0,1,1,0,0,0,1,0,0,1,0,1,0,0,0,0,1,0,0,1,1,0,1,0
0,0,0,0,0,0,0,0,1,0,0,0,0,0,0,0,0,1,0,0,1,1,1,-1,2,1
0,1,0,0,0,1,0,0,1,0,0,1,1,1,1,0,0,0,0,0,0,1,2,0,0,2
0,0,0,0,0,0,0,0,1,0,0,1,1,1,0,0,0,0,0,0,0,0,1,0,0,1
0,1,1,0,0,0,0,0,0,0,0,1,1,1,0,0,0,0,0,0,0,0,0,1,0,1
0,0,0,0,1,0,0,0,0,1,1,0,0,1,1,0,0,0,1,0,0,1,0,-1,1,0
0,0,1,0,1,0,0,0,1,0,0,1,0,1,0,0,0,0,1,0,0,1,1,0,1,0
0,0,0,0,0,0,0,0,1,0,1,1,0,1,1,1,0,0,1,0,0,0,1,1,0,0
0,0,0,0,0,0,0,0,1,1,1,1,0,1,1,1,0,0,1,0,0,0,1,0,0,0
0,0,0,1,0,0,0,0,0,0,0,1,0,1,1,1,0,0,1,0,0,0,0,-1,0,0
0,0,0,0,0,0,0,0,0,0,1,0,0,0,0,0,0,1,1,0,1,1,0,-1,2,0
0,0,1,1,0,0,0,0,1,1,1,1,0,1,1,0,0,0,1,0,0,0,1,-1,0,0
0,0,1,0,1,0,0,0,1,1,1,1,0,0,0,0,0,0,1,0,1,1,1,-1,2,0
0,0,1,0,0,1,0,0,1,0,0,1,0,1,1,0,0,0,0,0,0,0,2,0,0,1
0,1,1,0,0,1,0,0,1,0,0,1,1,1,0,0,0,0,0,0,0,0,2,-1,0,2
0,0,1,0,0,0,0,1,0,0,0,1,0,0,0,0,0,1,0,0,1,1,1,0,2,0
0,0,0,1,1,0,0,0,1,0,1,1,0,1,0,0,0,0,1,0,0,1,1,-1,1,0
0,0,0,0,0,0,0,0,1,0,0,1,0,0,0,0,0,0,1,0,1,0,1,0,1,0
0,1,1,0,0,1,0,0,1,0,0,1,0,0,0,1,1,0,0,0,1,0,2,0,1,2
0,1,0,0,0,0,0,0,1,1,1,1,0,1,0,0,0,0,1,0,0,1,1,0,0,0
0,0,0,0,0,1,0,0,1,0,0,0,1,1,1,1,0,0,0,0,0,0,2,1,0,2
0,0,0,0,1,0,0,0,1,1,1,1,0,1,1,0,0,0,1,0,0,1,1,-1,1,0
0,0,0,0,0,1,0,0,1,0,0,0,0,0,0,0,0,0,0,0,0,1,2,0,0,1
0,0,1,0,0,0,0,0,1,0,1,1,0,1,1,0,0,0,1,0,0,1,1,-1,0,0
0,1,1,0,0,0,0,0,0,0,0,1,1,1,1,0,0,0,1,0,1,0,0,0,1,1
0,0,1,0,0,0,0,0,1,0,0,1,1,1,0,0,0,0,0,0,0,0,1,1,0,2
0,0,1,0,0,0,0,0,1,0,0,0,0,1,0,0,0,0,0,0,0,0,1,0,0,0
0,1,0,0,0,0,0,0,1,1,1,1,0,1,0,0,0,0,1,0,0,0,1,0,0,0
0,0,0,0,0,0,0,0,1,0,0,1,0,0,1,1,0,0,1,0,0,1,1,-1,0,0
0,0,0,0,0,0,0,0,1,1,1,0,0,1,0,0,0,0,1,0,0,1,1,-1,0,0
0,0,1,1,1,0,0,0,1,0,0,1,0,1,0,0,0,0,1,0,0,1,1,0,1,0
0,0,1,0,0,1,0,0,1,0,0,0,0,0,0,0,0,0,0,0,0,0,2,0,0,2
0,0,1,0,0,0,0,0,1,0,0,0,0,0,1,0,0,0,1,0,1,1,1,0,1,0
0,1,0,0,0,1,1,0,1,0,0,1,1,1,0,1,0,0,0,0,0,0,3,1,0,2
0,0,1,0,0,0,0,0,0,0,0,0,0,0,0,0,0,0,0,0,0,1,0,-1,0,1
0,1,0,0,0,0,0,0,1,1,1,0,0,1,0,1,0,0,1,0,0,1,1,-1,0,0
0,0,1,1,0,0,0,0,0,1,1,0,0,0,1,0,0,0,1,0,0,1,0,-2,0,0
0,0,0,0,0,0,0,0,1,1,1,0,0,0,1,0,0,0,1,0,1,0,1,-2,1,0
0,0,1,0,0,0,0,0,1,0,1,1,0,0,0,0,0,1,1,0,1,1,1,0,2,0
0,0,0,1,0,0,0,0,1,0,1,0,0,1,1,1,0,0,1,1,0,1,1,-1,1,0
0,0,1,1,1,0,0,0,0,0,0,1,0,1,1,0,0,0,1,0,0,1,0,0,1,0
0,0,1,0,0,0,0,0,1,1,1,0,0,1,1,0,0,0,1,0,1,1,1,1,1,0
0,1,0,0,0,0,0,0,1,1,1,0,0,0,0,0,0,0,1,0,1,0,1,-2,1,0
0,0,0,0,1,0,0,0,1,1,1,0,0,0,0,0,0,0,1,0,1,1,1,-1,2,0
0,0,1,0,0,1,0,0,1,0,0,1,0,1,1,0,0,0,1,0,0,0,2,0,0,1
0,0,1,0,0,0,0,0,0,1,1,0,0,0,0,0,0,1,1,0,1,0,0,0,2,0
0,1,1,0,0,1,0,0,1,0,0,1,1,1,1,0,0,0,0,0,0,0,2,0,0,2
0,0,0,0,0,0,0,0,1,0,0,1,0,1,1,1,0,0,1,0,0,0,1,1,0,0
0,0,0,0,0,0,0,0,1,0,0,1,0,0,0,0,0,0,1,0,0,1,1,0,0,0
0,1,0,0,0,0,0,0,1,0,1,1,0,1,0,0,0,0,1,0,1,0,1,1,1,0
0,0,0,0,1,0,0,1,0,0,0,0,0,0,0,0,0,1,1,0,1,1,1,0,3,0
0,0,0,1,0,0,0,1,0,1,1,0,0,0,1,0,0,1,1,0,1,1,1,-1,2,0
0,0,0,1,0,0,0,0,1,0,0,1,0,0,1,0,0,0,1,0,0,1,1,-1,0,0
0,0,0,0,0,1,0,0,1,0,0,1,0,1,1,0,0,0,0,0,0,0,2,0,0,1
0,1,1,0,0,0,0,0,1,0,0,1,0,1,1,0,0,0,1,0,0,1,1,-1,0,0
0,1,0,0,0,0,0,0,1,0,0,1,1,1,1,1,0,0,1,0,0,0,1,0,0,1
0,0,0,0,0,0,0,0,0,0,0,1,0,0,0,1,0,0,1,0,0,0,0,-2,0,0
0,0,0,0,0,0,0,1,0,1,1,0,0,0,0,1,0,0,1,0,0,1,1,-1,0,0
0,0,1,0,0,0,0,1,0,0,1,1,0,1,0,0,0,1,1,0,1,1,1,0,2,0
0,0,0,0,1,0,0,0,1,1,1,1,0,1,1,0,0,0,1,0,1,1,1,1,2,0
0,0,1,0,0,0,0,0,0,0,0,0,0,0,1,0,0,1,1,0,0,1,0,-2,1,0
0,0,1,0,0,0,0,0,1,1,1,0,0,0,0,0,0,0,1,0,1,0,1,0,1,0
0,0,0,0,0,0,0,0,1,1,1,1,0,1,0,0,0,0,1,0,0,0,1,-1,0,0
1,0,1,0,0,0,0,0,1,0,0,0,0,0,0,0,0,0,0,0,0,0,1,-1,0,0
0,0,1,0,0,0,0,0,1,1,1,1,0,1,1,0,0,0,1,0,0,1,1,-1,0,0
0,0,1,0,0,0,0,0,1,0,1,1,0,1,1,0,0,0,1,0,0,0,1,0,0,0
0,1,0,0,0,0,0,0,1,0,0,1,0,0,1,1,0,0,1,0,0,1,1,0,0,0
0,1,1,0,0,0,0,0,0,0,0,1,0,1,0,0,0,0,1,0,1,1,0,1,1,0
0,0,1,0,1,0,0,0,1,0,0,1,0,0,0,0,0,0,1,0,0,0,1,-1,1,0
1,1,0,0,0,1,0,0,1,0,0,1,0,0,0,0,0,0,1,0,0,0,2,-1,0,1
1,1,0,0,0,1,0,0,1,0,0,0,0,0,0,0,0,0,0,0,0,0,2,0,0,1
0,1,1,0,0,0,0,0,1,0,1,1,1,1,1,0,0,0,1,0,0,0,1,0,0,1
0,0,0,0,0,1,0,1,0,0,0,0,0,1,0,1,0,1,0,0,0,1,2,1,1,1
0,0,0,1,1,0,0,1,0,0,0,0,0,1,0,0,0,1,1,0,0,0,1,1,2,0
0,0,1,1,1,0,0,0,1,0,0,1,0,1,0,0,0,0,1,1,0,1,1,0,2,0
0,1,0,0,1,0,0,0,1,0,0,0,0,0,0,0,0,0,1,0,0,0,1,-2,1,0
0,0,1,1,0,0,0,0,0,0,0,1,0,1,0,1,1,0,0,0,0,0,0,0,0,1
0,0,0,0,0,0,0,0,0,1,1,1,0,1,1,0,0,0,1,0,1,1,0,-1,1,0
0,1,1,0,0,0,0,0,1,1,0,0,0,1,0,0,0,0,1,0,0,0,1,0,0,0
0,0,1,0,0,0,0,0,1,1,0,1,0,1,1,0,0,0,1,1,0,1,1,-1,1,0
0,1,1,0,0,0,0,0,1,0,0,1,0,1,1,0,0,0,1,0,0,1,1,0,0,0
0,0,1,1,0,0,0,1,0,0,0,1,0,1,0,0,0,1,1,0,1,1,1,1,2,0
0,0,1,0,0,0,0,0,1,0,0,1,0,1,1,0,0,0,1,0,0,1,1,-1,0,0
1,0,0,0,0,0,0,0,1,0,0,1,0,1,0,0,0,0,1,0,1,0,1,1,1,0
0,0,1,0,0,0,0,0,0,0,1,1,0,0,1,0,0,0,1,0,0,1,0,-1,0,0
0,0,1,0,0,0,0,0,1,0,0,1,0,1,1,0,0,0,1,0,0,0,1,0,0,0
1,0,1,0,0,0,0,0,0,0,0,1,1,0,0,0,0,0,0,0,0,0,0,-1,0,2
0,0,1,1,0,0,0,0,0,0,0,1,0,1,0,0,0,0,1,0,1,0,0,1,1,0
0,0,0,0,0,0,0,0,1,0,0,0,0,1,1,0,0,0,1,0,0,0,1,0,0,0
0,0,1,0,0,0,0,0,1,1,1,1,0,0,1,0,0,0,1,0,0,0,1,-1,0,0
0,0,0,0,0,0,0,0,0,1,1,1,0,1,0,0,0,0,1,0,1,1,0,1,1,0
0,1,0,0,0,0,0,0,1,0,0,0,0,0,1,0,0,0,1,0,1,1,1,0,1,0
0,0,1,0,1,0,0,0,1,1,1,1,0,1,1,0,0,0,1,0,0,0,1,-1,1,0
0,1,0,0,0,1,0,0,1,0,0,1,1,1,1,0,1,0,0,0,0,0,2,0,0,2
0,0,0,0,0,0,0,0,1,0,0,1,0,1,0,0,0,0,1,0,0,1,1,1,0,1
0,0,0,0,0,0,0,0,0,0,0,1,0,0,1,0,0,1,0,0,1,1,0,0,2,0
0,1,0,0,0,0,0,0,1,0,0,1,0,1,1,1,0,0,1,0,0,0,1,1,0,0
0,0,1,0,0,0,0,0,1,1,1,1,0,0,1,0,0,0,1,0,0,1,1,-1,0,0
0,0,1,0,0,0,0,0,0,0,0,1,0,1,1,0,0,0,1,1,0,1,0,0,1,0
0,1,0,0,0,0,0,0,1,1,1,1,0,1,1,0,0,0,1,0,0,1,1,0,0,0
0,0,1,0,0,0,0,0,1,1,1,0,0,1,1,0,0,0,1,0,0,0,1,0,0,0
0,0,0,0,0,1,0,0,1,0,0,0,0,0,0,0,1,0,0,0,0,0,2,0,0,1
1,1,1,0,0,0,0,0,1,0,0,1,0,1,0,0,0,0,1,0,0,1,1,-1,0,0
0,0,1,0,0,0,0,0,0,0,0,1,0,1,1,0,0,0,1,0,0,0,0,0,0,0
0,0,0,1,1,0,0,0,1,1,1,0,0,1,0,0,0,0,1,1,0,1,1,-1,2,0
1,0,0,0,0,0,0,0,1,1,1,0,0,0,0,0,0,0,1,0,1,1,1,-1,1,0
0,0,0,0,0,0,0,1,0,0,1,0,0,0,0,0,0,1,1,0,1,1,1,-1,2,0
0,0,1,0,0,0,0,0,1,0,0,1,0,1,0,0,0,0,1,0,1,1,1,1,1,0
0,0,1,0,0,1,0,0,1,0,0,0,0,0,0,0,0,0,0,0,0,0,2,-2,0,1
0,0,1,0,0,0,0,0,1,0,0,1,1,1,0,0,0,0,0,0,0,0,1,0,0,2
1,0,0,0,0,0,0,0,0,0,0,0,0,0,0,0,0,0,0,0,0,0,0,0,0,0
0,0,1,0,0,0,0,0,1,0,0,1,0,1,1,0,0,0,1,0,0,1,1,-1,0,0
0,1,0,0,0,1,0,0,1,0,0,1,1,1,1,0,0,0,0,0,0,0,2,1,0,2
0,1,1,0,0,1,0,0,1,0,0,1,1,1,0,1,1,0,0,0,0,0,2,0,0,2
0,0,0,0,0,0,0,1,0,0,1,0,0,0,1,0,0,0,1,1,1,1,1,-1,2,0
0,1,1,1,0,0,0,0,1,0,0,1,0,1,1,0,0,0,1,0,0,0,1,0,0,0
0,0,1,0,0,1,0,0,1,0,0,0,0,1,1,0,1,0,0,0,0,0,2,1,0,1
0,0,0,0,0,0,0,0,1,1,1,0,0,1,1,0,0,0,1,0,1,1,1,0,1,0
0,0,1,0,0,0,0,0,1,0,0,1,0,1,1,0,0,0,1,0,0,1,1,0,0,0
0,1,1,0,0,1,0,0,1,0,0,1,1,1,0,1,1,0,0,0,0,0,2,0,0,2
0,0,0,0,0,1,0,0,1,0,0,0,0,1,0,0,0,0,0,0,0,1,2,1,0,1
0,0,1,0,0,0,0,0,1,0,0,1,0,1,1,0,0,0,1,0,0,1,1,-1,0,0
0,0,1,1,0,0,0,0,0,0,0,1,0,1,1,0,0,0,1,0,0,1,0,0,0,0
0,1,0,0,0,0,0,0,1,0,0,1,0,0,1,1,1,0,1,0,0,0,1,-2,0,0
0,0,1,0,0,0,0,0,0,0,0,0,0,1,1,0,0,0,0,0,0,1,0,1,0,0
0,1,1,1,0,0,0,0,1,0,0,1,0,1,0,0,0,0,1,0,0,1,1,-1,0,0
0,0,0,0,0,0,0,0,1,0,0,0,0,0,1,0,0,1,1,1,1,1,1,-1,3,0
1,0,1,0,1,0,0,0,1,0,0,0,0,0,0,0,0,0,1,0,0,0,1,0,1,0
1,0,1,0,0,0,0,0,1,1,1,1,0,0,1,0,0,0,1,0,1,0,1,0,1,0
0,1,1,0,0,0,0,0,1,1,1,1,0,1,1,0,0,0,1,0,0,1,1,1,0,0
0,0,1,0,0,0,0,0,1,0,1,0,0,0,0,0,0,0,1,0,0,1,1,0,0,0
1,0,0,0,0,0,0,0,1,1,1,0,0,0,0,0,0,0,1,0,0,0,1,-1,0,0
0,0,0,1,1,0,0,0,0,0,0,0,0,0,0,0,0,1,1,0,1,1,0,0,3,0
0,0,1,0,0,0,0,0,1,0,0,1,1,1,0,1,1,0,0,0,1,0,1,0,1,1
0,0,0,0,0,0,0,0,0,1,1,1,0,1,1,0,0,0,1,0,0,0,0,-1,0,0
0,0,1,0,0,1,0,0,1,0,0,1,1,1,1,0,0,0,0,0,0,0,2,0,0,2
0,1,0,0,0,0,1,0,1,0,0,1,0,1,1,1,0,0,1,0,0,0,2,1,0,0
0,0,1,0,0,0,0,0,1,1,1,1,0,1,0,0,0,0,1,0,0,1,1,1,0,0
0,0,0,0,0,0,0,0,1,0,0,0,0,0,1,0,0,0,1,0,0,0,1,-1,0,0
0,0,0,0,0,0,0,0,1,0,0,1,0,1,0,1,0,0,1,0,0,0,1,0,0,0
0,0,1,0,0,1,0,0,1,0,0,1,0,1,1,0,0,0,1,0,0,0,2,0,0,1
0,0,0,0,1,0,0,0,1,0,1,1,0,1,1,0,0,0,1,0,1,1,1,1,2,0
0,0,1,1,0,0,0,0,0,0,0,1,0,1,0,0,0,1,1,0,1,1,0,1,2,0
0,0,1,1,0,0,0,0,1,0,0,1,0,1,1,0,0,0,1,0,0,1,1,-1,0,0
0,0,0,0,0,0,0,0,1,0,0,0,0,1,1,1,0,0,1,1,0,1,1,0,1,0
0,0,0,0,0,0,0,0,0,0,1,1,0,1,0,0,0,0,1,0,0,0,0,1,0,0
0,0,1,1,1,0,0,0,0,0,0,1,0,1,0,0,0,1,1,0,1,1,0,0,3,0
0,0,1,0,0,0,0,0,1,1,1,0,0,1,1,0,0,0,1,0,0,0,1,0,0,0
0,1,1,0,0,1,0,0,1,0,0,1,1,1,0,1,0,0,0,0,0,0,2,1,0,2
0,0,1,0,0,0,0,1,0,0,0,1,0,1,1,1,0,0,1,0,0,1,1,0,0,0
0,0,0,0,0,0,0,0,0,0,0,1,0,1,1,0,0,0,1,1,0,1,0,1,1,0
0,0,0,0,0,1,0,0,1,0,0,1,0,1,1,0,0,0,0,0,0,0,2,1,0,2
1,1,1,0,0,0,0,0,1,0,0,0,0,0,0,0,0,0,1,0,1,1,1,0,1,0
0,1,0,0,0,0,0,0,1,1,1,1,0,1,0,1,0,0,1,0,0,0,1,0,0,0
0,1,1,0,0,0,0,0,1,1,1,1,0,1,1,0,0,0,1,0,0,1,1,-1,0,0
0,1,0,0,0,1,0,0,1,0,0,1,0,1,1,1,0,0,0,0,0,0,2,0,0,1
0,0,0,1,1,0,0,0,1,0,0,1,0,0,0,0,0,0,1,0,1,1,1,-1,2,0
0,1,1,0,0,1,0,0,1,0,0,1,1,1,1,1,0,0,0,0,0,0,2,0,0,2
0,0,0,0,0,0,0,0,1,0,0,1,0,1,1,1,0,0,0,0,0,0,1,1,0,0
0,0,0,0,0,0,0,0,0,1,1,0,0,0,0,0,0,1,1,0,1,1,0,-1,2,0
0,0,0,0,0,0,0,0,1,0,0,1,0,1,0,0,0,0,1,0,0,1,1,0,0,0
1,0,1,0,0,0,0,0,0,0,0,0,0,0,0,0,0,1,1,1,1,1,0,0,3,0
0,1,0,0,0,0,0,0,1,0,0,1,1,1,0,0,1,0,0,0,0,0,1,1,0,1
0,0,0,0,0,0,0,0,1,0,0,1,0,1,0,0,0,0,1,0,0,0,1,1,0,0
1,0,0,0,0,0,0,0,0,0,0,0,0,0,0,0,0,1,1,0,1,0,0,0,2,0
0,0,1,0,0,0,0,0,1,1,1,1,0,0,0,0,0,0,1,0,0,1,1,-2,0,0
1,0,0,0,0,0,0,0,0,0,0,0,0,0,0,0,0,0,1,0,0,0,0,0,0,0
1,0,1,1,1,0,0,1,0,0,0,0,0,0,0,0,0,1,1,0,1,1,1,0,3,0
0,0,1,0,0,0,0,0,1,0,0,1,0,1,1,1,0,0,0,0,0,1,1,0,0,0
0,0,0,1,0,0,0,0,1,1,1,1,0,1,0,0,0,0,1,0,0,1,1,-1,0,0
0,1,0,0,0,1,0,0,1,0,0,1,1,1,1,1,0,0,0,0,0,0,2,0,0,3
0,1,0,0,0,1,0,0,1,0,1,1,0,1,0,0,0,0,0,0,0,0,2,-1,0,1
0,1,0,0,1,0,0,0,1,0,0,1,0,1,1,0,0,0,1,0,0,0,1,0,1,0
0,0,0,0,0,0,0,0,1,0,0,1,0,1,1,1,0,0,1,0,0,0,1,0,0,0
0,1,1,0,0,0,0,0,1,0,0,1,0,1,1,0,0,0,1,0,0,0,1,0,0,0
0,1,0,0,0,1,0,0,1,0,0,1,1,1,0,0,0,0,0,0,0,0,2,0,0,2
0,0,0,1,0,0,0,0,1,1,1,1,0,1,0,0,0,0,1,0,1,1,1,1,1,0
0,1,0,0,0,0,0,0,1,1,0,1,0,1,1,0,0,0,1,0,0,1,1,1,0,0
0,0,1,0,0,1,0,0,1,0,0,0,0,0,0,0,0,0,1,0,1,1,2,-1,1,1
0,0,0,0,1,0,0,1,0,0,1,1,0,0,0,0,0,0,1,0,0,1,1,-1,1,0
0,1,0,1,1,0,0,0,1,0,0,1,0,1,0,0,0,0,1,0,1,0,1,1,2,0
0,1,0,0,0,0,0,0,1,0,0,0,1,1,1,0,0,0,1,0,0,0,1,1,0,1
0,0,0,0,0,0,0,0,1,0,0,1,0,0,0,0,0,0,1,1,0,1,1,-1,1,0
0,0,1,0,0,1,0,0,0,0,0,0,0,0,0,0,0,1,0,0,0,1,1,-1,1,1
0,0,1,0,1,0,0,1,0,0,0,1,0,1,0,0,0,1,1,0,1,1,1,1,3,0
0,0,0,0,0,0,0,1,0,1,1,1,0,0,1,0,0,1,1,0,1,1,1,0,2,0
0,0,1,0,0,1,0,0,1,0,0,1,1,1,1,0,0,0,0,0,0,0,2,0,0,2
1,0,1,0,0,0,0,0,1,0,0,1,0,0,0,0,0,0,1,0,0,0,1,-1,0,0
0,0,0,0,0,1,0,0,1,0,0,0,0,0,0,0,0,1,0,0,1,1,2,0,2,1
0,0,0,0,0,0,0,0,1,0,0,0,0,1,1,1,0,0,1,0,0,1,1,1,0,0
0,0,0,1,1,0,0,1,0,0,0,1,0,1,1,0,0,1,1,0,0,1,1,0,2,0
0,0,0,0,0,0,0,0,1,0,0,1,0,1,0,0,0,0,1,0,1,1,1,1,1,0
0,0,0,0,0,0,0,1,0,1,1,1,0,0,0,0,0,1,1,0,1,1,1,0,2,0
1,0,1,0,0,0,0,1,0,1,1,0,0,0,0,1,0,1,1,0,1,0,1,-1,2,0
0,0,1,0,0,0,0,0,1,1,1,1,0,0,1,0,0,0,1,0,0,0,1,-1,0,0
0,1,0,0,0,0,0,0,1,1,1,0,0,1,1,1,0,0,1,0,0,1,1,0,0,0
0,0,0,0,0,1,0,0,1,0,0,1,1,1,1,1,0,0,0,0,0,0,2,0,0,2
0,0,1,0,0,0,0,0,1,0,0,1,0,1,1,1,0,0,0,0,0,0,1,0,0,0
0,0,1,0,0,0,0,0,1,0,0,1,0,1,1,0,0,0,1,0,0,1,1,0,0,0
0,0,0,1,1,0,0,0,0,0,1,0,0,1,0,0,0,0,1,0,1,1,0,0,2,0
0,0,0,0,0,0,0,0,1,1,1,0,0,0,1,0,0,0,1,0,0,1,1,-1,0,0
0,0,1,0,0,0,0,0,1,0,1,0,0,0,1,0,0,1,1,0,0,1,1,-1,1,0
0,0,0,0,0,0,0,0,1,1,1,0,0,1,1,0,0,0,1,0,1,1,1,0,1,0
0,0,0,0,0,0,1,0,1,0,0,1,0,1,1,0,0,0,1,0,0,1,2,1,0,0
0,0,0,0,0,0,0,0,1,1,1,0,0,0,1,0,0,0,1,0,0,0,1,0,0,0
1,1,1,0,0,0,0,0,0,0,0,1,0,1,0,0,0,0,1,0,0,0,0,1,0,0
0,1,0,0,0,0,0,0,1,0,1,1,0,0,0,0,0,0,1,0,1,1,1,0,1,0
0,0,1,0,0,0,0,0,1,1,1,0,0,0,1,0,0,0,1,0,0,1,1,-1,0,0
0,1,0,0,0,0,0,0,1,0,0,1,0,0,1,1,0,0,1,0,1,0,1,0,1,0
0,1,0,0,0,0,0,0,0,1,1,0,0,0,1,0,0,0,1,0,1,0,0,0,1,1
0,0,0,0,1,0,0,0,1,0,1,1,0,0,0,0,0,0,1,0,1,1,1,0,2,0
0,0,1,0,0,1,0,0,1,0,0,1,0,1,1,0,0,0,1,0,0,0,2,0,0,1
0,0,1,0,0,1,0,0,1,0,0,1,1,1,1,1,1,0,0,0,0,0,2,1,0,2
0,0,0,0,0,0,0,0,0,0,0,0,0,0,0,0,0,0,0,0,0,0,0,-2,0,0
0,0,0,0,0,0,0,0,1,1,1,1,0,1,1,0,0,0,1,0,1,1,1,1,1,0
0,0,0,0,0,0,0,1,0,0,1,0,0,0,0,0,0,0,1,0,0,1,1,-2,0,0
0,0,1,0,0,0,0,0,1,1,1,0,0,1,1,0,0,0,1,0,1,1,1,1,1,0
0,0,1,0,1,0,0,0,1,0,1,1,0,1,0,0,0,0,1,0,1,1,1,1,2,0
0,1,1,0,0,0,0,0,1,0,0,0,0,1,0,0,0,0,1,0,0,0,1,0,0,0
0,1,1,0,1,0,0,0,1,1,0,1,0,1,0,0,0,0,1,0,1,1,1,0,2,0
0,0,1,0,0,0,0,0,1,0,0,1,0,1,0,0,0,0,1,0,1,1,1,0,1,0
0,0,0,0,0,0,0,0,0,1,1,0,0,0,0,0,0,1,1,0,1,1,0,-1,2,0
0,0,0,0,0,0,0,0,1,0,0,1,0,1,0,0,0,0,1,0,0,1,1,0,0,0
0,0,0,0,0,0,0,0,1,0,0,0,0,0,0,0,0,0,0,0,1,0,1,-1,1,0
0,0,0,0,0,0,1,0,1,0,0,0,0,1,1,0,0,0,1,0,1,1,2,0,1,0
0,1,0,0,1,0,0,1,0,1,1,0,0,1,1,0,0,0,1,0,0,1,1,1,1,0
0,0,0,0,0,0,0,0,1,1,1,0,0,1,1,0,0,0,1,0,0,1,1,1,0,0
0,1,0,0,0,0,0,0,1,0,0,1,0,1,0,0,0,0,1,0,1,0,1,1,1,0
0,0,1,0,0,1,0,0,1,0,0,1,1,1,0,0,0,0,0,0,0,1,2,0,0,2
0,1,1,0,0,1,0,0,1,0,0,1,0,0,1,1,0,1,0,0,0,0,2,-1,1,2
0,0,1,0,0,0,0,0,0,0,0,0,0,1,1,0,0,0,0,0,0,0,0,1,0,0
0,0,1,0,1,0,0,1,0,0,1,0,0,0,0,0,0,1,1,0,1,1,1,-1,3,0
0,0,1,0,1,0,0,0,1,1,1,0,0,0,1,0,0,0,1,0,1,1,1,0,2,0
0,0,1,0,0,0,0,0,0,0,1,1,0,1,1,0,0,0,1,0,0,1,0,0,0,0
0,0,0,0,0,0,0,0,1,0,1,1,0,0,0,0,0,0,1,1,0,1,1,-2,1,0
0,0,1,0,0,1,0,0,1,0,0,1,1,1,1,1,1,0,0,0,0,0,2,0,0,2
0,1,1,0,0,0,0,0,1,0,0,0,0,0,0,0,0,0,1,0,0,0,1,-2,0,0
0,0,0,0,0,0,0,0,1,0,0,1,0,0,1,0,0,0,1,0,0,0,1,0,0,0
0,0,1,0,0,0,0,1,0,0,1,1,0,1,1,0,0,0,1,0,0,1,1,1,0,0
1,0,0,0,0,0,0,0,0,1,0,0,0,0,0,0,0,0,1,0,0,0,0,-1,0,0
0,0,1,0,1,0,0,0,1,1,1,0,0,1,1,0,0,0,1,0,1,1,1,0,2,0
0,1,0,0,0,0,0,0,1,1,1,1,0,1,0,0,0,0,1,0,1,0,1,1,1,0
0,0,0,1,0,0,0,0,0,1,1,0,0,0,0,0,0,1,1,0,1,1,0,0,2,0
0,0,1,0,0,0,0,0,0,0,0,1,0,1,0,0,0,0,1,0,0,0,0,0,0,0
0,0,0,0,0,0,0,0,0,1,1,1,0,1,1,0,0,0,1,0,1,1,0,0,1,0
0,0,0,0,0,0,0,1,0,0,0,0,0,0,0,0,0,1,1,1,0,1,1,-2,2,0
0,0,0,1,0,0,0,0,0,0,0,1,0,1,1,0,0,0,1,0,1,1,0,1,1,0
0,0,0,0,0,0,0,0,0,0,0,0,0,0,0,0,0,0,0,0,0,0,0,-1,0,1
1,0,0,0,1,0,0,0,1,0,0,0,0,0,0,0,0,0,1,0,0,0,1,-1,1,0
0,1,0,0,0,0,0,0,1,1,1,0,0,1,1,0,0,0,1,0,0,0,1,1,0,0
0,0,0,0,0,1,0,0,1,0,0,1,1,1,1,1,0,0,0,0,0,0,2,1,0,2
0,0,1,0,0,1,0,0,0,0,0,1,1,0,0,0,1,0,0,0,0,0,1,-1,0,3
0,0,1,0,0,0,0,0,1,0,0,0,0,1,0,0,0,0,0,0,0,0,1,0,0,0
1,1,0,0,0,0,0,0,1,0,0,1,0,1,0,0,0,0,1,0,0,0,1,1,0,0
0,1,1,0,0,0,0,0,0,1,1,0,0,0,0,0,0,1,1,0,1,1,0,0,2,0
0,0,1,1,1,0,0,0,0,0,1,1,0,1,0,0,0,1,1,0,1,1,0,1,3,0
1,0,0,0,1,0,0,1,0,0,0,0,0,0,1,0,0,1,1,0,0,1,1,0,2,0
0,0,0,0,0,0,0,0,1,0,0,0,0,1,1,1,0,0,1,0,0,1,1,0,0,0
0,0,0,0,0,1,0,0,1,0,0,1,1,1,0,0,0,0,0,0,0,0,2,1,0,2
0,0,1,0,0,0,0,0,1,1,1,1,0,1,0,0,0,0,1,0,0,1,1,0,0,0
0,0,0,0,0,0,0,0,1,1,1,1,0,0,0,0,0,0,1,0,0,0,1,0,0,0
0,1,1,0,0,1,0,0,1,0,0,1,0,1,1,1,1,0,0,0,0,0,2,1,0,1
0,0,0,0,0,0,0,0,0,1,1,0,0,0,0,0,0,1,1,0,0,0,0,0,1,0
0,0,1,0,0,0,0,0,1,0,1,0,0,0,1,0,0,0,1,1,1,1,1,-1,2,0
0,0,0,0,0,1,0,0,1,0,0,0,0,1,0,0,0,0,0,0,0,0,2,1,0,1
0,0,0,0,0,0,0,0,1,0,0,0,0,0,0,0,0,0,1,0,0,1,1,-1,0,0
0,0,0,0,0,0,0,0,1,0,0,0,0,0,0,0,0,0,1,0,0,1,1,-1,0,0
1,0,0,0,1,0,0,0,1,0,0,0,0,0,0,0,0,0,1,0,0,0,1,0,1,0
0,1,0,0,0,0,0,0,1,0,0,0,0,1,0,0,0,0,1,0,0,0,1,-1,0,1
1,1,0,0,0,1,0,0,1,0,0,0,0,1,0,0,0,0,0,0,0,0,2,0,0,1
0,0,0,0,0,0,0,0,1,0,0,1,1,1,1,1,1,0,0,0,0,0,1,1,0,2
0,1,0,0,0,0,0,0,1,0,0,0,0,0,0,0,0,0,1,0,0,0,1,0,0,0
0,0,1,0,0,1,0,0,1,0,0,1,0,1,0,0,0,0,0,0,0,1,2,1,0,1
0,1,0,0,0,0,0,0,1,1,1,1,0,1,1,0,1,0,1,0,0,0,1,-1,0,0
0,0,0,1,0,0,0,1,0,0,0,0,0,0,0,0,0,1,0,0,1,1,1,0,2,0
1,0,0,0,0,0,0,0,0,0,0,0,0,1,0,0,0,0,1,0,1,1,0,0,1,0
0,0,0,0,0,0,0,0,1,0,0,0,0,0,1,1,0,0,1,0,1,0,1,0,1,0
0,0,1,0,0,0,0,0,1,0,0,0,0,1,0,0,1,0,0,0,0,0,1,0,0,0
0,0,1,1,1,0,0,0,0,0,1,0,0,0,0,0,0,1,1,0,1,1,0,0,3,0
1,0,0,0,0,0,0,0,1,0,1,0,0,0,0,0,0,0,0,0,1,0,1,0,1,0
0,0,0,0,0,1,0,0,1,0,0,1,1,1,1,0,0,0,0,0,0,0,2,1,0,3
0,0,0,0,0,0,0,0,1,0,0,1,0,0,1,0,0,0,1,0,1,0,1,0,1,0
0,0,1,0,0,0,0,0,1,0,0,0,0,1,1,0,0,0,0,0,1,0,1,0,1,0
0,0,0,0,0,0,0,0,0,0,1,1,0,1,1,1,0,0,1,0,0,0,0,0,0,0
0,0,0,0,0,0,0,0,1,0,1,1,0,1,0,0,0,0,1,0,1,0,1,1,1,0
0,0,1,0,0,0,0,0,1,1,1,0,0,0,1,0,0,0,1,0,0,1,1,-1,0,0
0,0,1,0,0,0,0,0,1,1,1,0,0,0,1,0,0,0,1,0,0,1,1,-1,0,0
0,0,1,0,0,0,0,0,1,0,0,1,0,1,1,0,0,0,1,0,1,0,1,-1,1,0
1,0,1,0,0,0,0,0,1,0,0,0,1,0,0,0,0,0,0,0,0,0,1,-1,0,1
0,0,0,0,0,0,0,0,1,0,1,0,0,1,1,0,0,0,1,0,0,1,1,0,0,0
0,0,1,0,0,0,0,0,0,0,0,0,0,1,1,0,0,0,0,0,1,0,0,0,1,0
0,0,1,0,0,1,0,0,1,0,0,1,1,1,0,0,1,0,0,0,0,0,2,0,0,2
0,0,0,0,0,0,0,0,0,1,0,0,0,0,0,0,0,0,1,0,1,1,0,-1,1,0
0,0,0,0,1,0,0,0,1,0,0,0,0,0,0,1,0,1,0,0,0,1,1,-1,2,0
0,0,0,1,0,0,0,0,0,0,1,1,0,1,1,0,0,0,1,0,1,1,0,0,1,0
0,1,1,1,1,0,0,1,0,1,1,1,0,1,0,0,0,1,1,0,1,1,1,1,3,0
0,0,1,0,0,0,0,0,1,0,0,1,1,1,0,0,0,0,0,0,0,0,1,0,0,1
0,0,0,0,0,0,0,0,1,1,1,0,0,1,1,0,0,0,1,0,0,0,1,-1,0,0
0,0,0,0,0,0,0,0,0,0,0,1,0,0,0,0,0,0,1,0,1,1,0,-1,1,1
0,1,1,0,0,0,0,1,0,1,1,1,1,1,0,1,0,1,1,0,1,1,1,1,2,1
0,0,1,0,0,0,0,0,1,0,0,1,0,1,1,1,0,0,0,0,0,0,1,0,0,0
0,0,1,0,1,0,0,0,1,1,1,0,0,1,1,0,0,0,1,0,0,1,1,0,1,0
0,0,0,0,0,0,0,0,1,1,0,1,0,0,1,0,0,0,1,0,0,1,1,-1,0,0
0,0,0,0,0,0,0,0,1,0,0,0,0,1,0,0,0,0,1,0,0,0,1,-1,0,0
0,1,0,0,0,0,0,0,1,0,1,1,0,1,1,1,0,0,1,0,0,0,1,0,0,1
0,0,1,0,0,0,0,0,0,0,0,1,0,1,0,0,0,0,1,0,1,1,0,0,1,0
0,0,0,0,0,0,0,1,0,1,1,1,0,0,0,0,0,1,1,0,1,1,1,0,2,0
0,0,1,0,0,0,0,0,0,0,0,1,0,0,0,0,0,0,1,0,0,0,0,0,0,0
0,0,0,0,0,0,0,0,0,1,1,0,0,0,1,0,0,0,1,0,1,1,0,0,1,0
0,0,0,0,0,1,0,0,1,0,0,0,0,1,1,0,0,0,0,0,0,0,2,0,0,1
0,0,1,0,0,0,0,0,1,1,1,0,0,1,1,0,0,0,1,0,0,1,1,1,0,0
0,0,1,1,0,0,0,0,0,0,1,1,0,1,0,0,0,0,1,0,1,1,0,0,1,0
0,0,0,0,0,0,0,0,1,1,1,1,0,1,0,0,0,0,1,0,1,0,1,1,1,0
0,0,1,0,0,0,0,1,0,0,0,0,0,0,0,0,0,1,0,0,1,1,1,0,2,1
0,0,0,0,0,0,0,0,1,0,0,1,0,1,0,0,0,0,0,0,1,0,1,1,1,0
0,1,0,0,0,0,0,0,1,0,0,1,0,1,1,0,0,0,1,0,0,0,1,0,0,0
0,0,1,0,0,1,0,0,1,0,0,1,1,1,1,1,0,0,0,0,0,0,2,0,0,2
0,0,0,0,0,0,0,0,1,1,1,1,1,1,1,1,0,0,1,0,0,0,1,-1,0,1
0,1,0,0,0,0,0,0,1,0,0,0,1,0,1,0,0,0,0,0,1,0,1,0,1,1
0,0,1,0,0,1,0,0,1,0,0,1,0,1,0,1,1,0,0,0,0,0,2,0,0,1
1,0,0,0,0,0,0,0,0,0,1,0,0,0,0,0,0,0,0,0,1,0,0,0,1,1
0,0,1,0,0,0,0,0,1,1,1,0,0,1,0,0,0,0,1,0,1,0,1,1,1,0
0,0,1,0,0,0,0,0,1,1,1,0,0,0,1,0,0,0,1,0,0,0,1,-1,0,0
0,0,1,0,0,0,0,0,1,1,0,0,0,0,0,0,0,0,1,0,1,0,1,0,1,0
0,1,0,0,0,0,0,0,1,0,0,1,0,1,1,0,0,0,0,0,0,0,1,1,0,0
0,0,1,0,0,1,0,0,1,0,0,1,0,0,0,1,0,0,0,0,0,0,2,-1,0,1
0,0,0,0,0,0,0,0,0,0,0,0,0,0,0,0,0,0,1,0,0,1,0,0,0,0
0,0,1,0,0,0,0,0,1,0,0,0,0,0,0,0,0,0,1,1,0,1,1,-1,1,0
0,1,1,0,0,0,0,0,1,1,1,0,0,1,0,0,0,0,1,0,0,0,1,-1,0,0
0,0,1,0,0,0,0,0,1,0,0,1,1,1,1,0,0,0,0,0,0,0,1,0,0,1
0,1,0,0,0,1,0,0,1,0,0,1,1,1,0,0,0,0,0,0,0,0,2,0,0,2
0,0,0,0,0,0,0,0,0,1,1,0,0,0,1,0,0,0,1,0,1,1,0,0,1,0
0,0,0,0,0,0,0,0,0,0,0,0,0,0,1,0,0,0,1,0,0,0,0,-1,0,0
0,0,0,0,0,0,0,0,1,1,1,0,0,0,0,0,0,0,1,0,1,1,1,0,1,0
0,0,0,0,1,0,0,0,1,0,1,1,0,1,0,0,0,0,1,0,0,1,1,-1,1,0
0,0,1,0,0,0,0,0,1,1,1,1,0,1,1,0,0,0,1,0,0,1,1,0,0,0
0,1,0,0,0,0,0,0,1,0,0,1,0,1,0,1,0,0,1,0,1,0,1,1,1,0
0,1,1,0,0,1,0,0,1,0,0,1,1,1,1,1,0,0,0,0,0,1,2,0,0,3
0,0,0,0,0,0,0,0,1,0,1,1,0,1,0,0,0,0,1,0,0,1,1,-1,0,0
0,0,0,1,1,0,0,0,1,0,1,1,0,1,1,0,0,0,1,0,0,1,1,-1,1,0
0,0,0,0,0,0,0,0,0,1,1,1,0,1,1,0,0,0,1,0,0,1,0,0,0,0
0,0,1,0,0,0,0,0,1,0,1,1,0,1,1,0,0,0,1,1,0,1,1,0,1,0
0,0,1,0,0,0,0,0,1,0,0,1,0,1,0,0,0,0,1,0,0,0,1,0,0,0
0,0,1,1,1,0,0,0,0,0,0,0,0,1,0,0,0,1,1,0,1,1,0,1,3,0
0,0,1,0,0,0,0,0,0,0,0,1,0,1,1,0,0,0,1,0,0,1,0,0,0,0
1,0,1,0,0,0,0,0,1,1,1,0,0,0,0,0,0,0,1,0,0,1,1,-1,0,0
0,0,1,0,0,0,0,1,0,1,1,1,0,0,1,0,0,1,1,0,1,1,1,-1,2,0
0,0,1,0,0,0,0,0,1,0,0,0,0,0,0,0,0,0,1,0,0,0,1,-1,0,0
0,0,0,0,1,0,0,1,0,1,1,0,0,0,1,0,0,0,1,0,0,1,1,-2,1,0
1,0,1,0,0,0,0,0,1,0,0,0,1,0,0,0,0,0,0,0,0,0,1,0,0,1
1,0,0,0,0,0,0,0,1,1,1,0,0,0,0,0,0,0,1,0,1,0,1,-1,1,0
0,0,0,1,1,0,0,0,1,0,1,1,0,1,0,0,0,0,1,0,0,1,1,0,1,0
0,0,0,0,0,0,0,0,1,0,0,1,0,1,0,0,0,0,1,0,0,1,1,1,0,0
1,0,1,1,0,0,0,0,1,0,0,0,0,0,0,0,0,0,1,0,1,1,1,0,1,0
0,0,1,0,0,0,0,0,1,1,0,1,0,1,1,0,0,0,1,0,1,1,1,1,1,0
0,1,0,0,0,1,0,0,1,0,0,1,1,1,0,1,0,0,0,0,0,0,2,0,0,2
0,1,0,0,1,0,0,0,1,0,1,1,0,0,1,0,0,0,1,0,1,1,1,-1,2,0
0,0,1,0,1,1,0,0,1,0,0,0,0,1,0,0,0,0,0,0,0,0,2,-1,1,1
0,0,0,1,1,0,0,1,0,1,1,1,0,1,0,0,0,1,1,0,1,1,1,1,3,0
0,0,0,0,0,0,0,0,1,0,0,1,1,1,1,0,0,0,1,0,0,0,1,1,0,1
0,0,1,0,0,0,0,0,1,1,1,1,0,0,1,0,0,0,1,0,0,1,1,-1,0,0
0,0,0,1,1,0,0,1,0,0,1,0,0,1,1,0,0,1,1,0,1,0,1,1,3,0
0,0,0,0,0,0,0,0,1,0,0,1,0,1,1,0,0,0,0,0,1,0,1,1,1,0
0,0,1,0,0,0,0,0,1,0,0,0,0,0,1,0,1,0,1,0,1,0,1,0,1,1
0,0,1,0,1,0,0,0,0,0,0,1,0,0,1,0,0,0,1,0,0,1,0,-2,1,0
0,0,0,0,0,1,0,0,1,0,0,1,1,1,1,1,0,0,0,0,0,1,2,1,0,2
0,0,0,0,0,0,0,0,1,0,0,1,0,1,1,1,0,0,1,0,1,0,1,0,1,0
0,1,0,0,0,0,0,0,1,1,0,1,0,1,1,1,0,0,1,0,0,0,1,1,0,0
0,0,0,0,0,1,0,0,1,0,0,1,0,1,0,1,0,0,0,0,0,0,2,0,0,1
0,1,0,0,0,0,0,0,1,1,1,1,0,1,1,0,1,0,1,0,0,0,1,0,0,0
0,0,1,0,0,0,0,0,1,1,1,1,0,1,1,0,0,0,1,0,0,0,1,-1,0,0
0,0,1,0,0,0,0,0,0,1,1,0,0,1,0,0,0,0,1,0,0,1,0,-1,0,0
0,0,0,0,1,0,0,0,1,0,0,1,0,1,0,0,0,0,1,0,0,1,1,1,1,0
0,0,0,0,0,0,0,0,0,0,1,1,0,0,0,0,0,0,1,0,1,0,0,-1,1,0
0,1,1,0,0,1,0,0,1,0,0,1,1,1,0,1,0,0,0,0,0,0,2,0,0,2
0,0,1,0,0,1,0,0,1,0,0,1,1,1,1,0,1,0,0,0,0,0,2,0,0,2
0,0,0,0,0,1,0,0,1,0,0,1,0,1,0,0,0,0,0,0,0,0,2,1,0,1
0,0,1,1,1,0,0,0,1,0,1,0,0,0,0,0,0,1,1,0,1,1,1,0,3,0
0,1,0,0,0,0,0,0,1,1,1,0,0,1,0,0,0,0,1,0,0,0,1,-1,0,0
1,1,0,0,0,0,0,0,0,0,0,1,1,1,0,0,0,0,0,0,1,0,0,1,1,2
0,0,1,0,0,0,0,0,1,0,0,1,0,1,0,0,0,0,1,0,0,1,1,1,0,0
0,0,0,0,0,1,0,1,0,0,0,0,0,0,0,0,0,1,0,0,1,0,2,-1,2,1
0,0,1,0,0,0,0,0,1,0,0,0,0,0,1,1,0,0,1,0,0,0,1,-2,0,0
0,0,1,0,0,1,0,0,1,0,0,1,0,1,1,0,0,0,0,0,0,0,2,0,0,1
0,0,0,0,0,0,0,0,0,0,0,0,0,0,1,0,0,0,1,0,0,0,0,-2,0,0
0,1,0,0,0,0,1,0,1,1,1,1,0,1,1,0,0,0,1,0,1,0,2,1,1,0
0,0,1,0,0,0,0,0,1,0,0,1,1,1,0,0,1,0,0,0,0,0,1,1,0,1
0,0,0,0,0,0,0,0,1,0,0,0,0,1,1,0,0,0,1,0,0,0,1,-1,0,0
0,0,0,0,0,0,0,1,0,1,1,0,0,1,0,0,0,0,1,0,0,1,1,-1,0,0
0,0,0,0,1,0,0,1,0,0,1,0,0,0,0,0,0,1,1,0,1,1,1,0,3,0
0,1,0,0,0,0,0,0,1,0,0,0,0,0,0,0,0,0,1,0,0,1,1,-1,0,0
0,0,1,0,0,1,0,0,1,0,0,0,0,1,0,0,0,0,0,0,0,0,2,1,0,1
0,0,0,0,0,0,0,0,1,1,1,0,0,1,1,1,0,0,1,0,0,0,1,0,0,0
0,0,1,0,0,1,0,0,1,0,0,0,0,0,0,0,0,0,0,0,0,0,2,-1,0,1
1,0,0,0,0,0,0,0,0,0,0,1,0,0,0,0,0,0,1,0,1,1,0,-1,1,0
0,0,0,1,0,0,0,0,1,1,1,1,0,1,0,0,0,0,1,0,0,0,1,0,0,0
0,0,0,0,0,0,0,0,1,0,0,1,0,1,1,1,0,0,1,0,0,1,1,0,0,0
1,1,0,0,0,1,0,0,1,0,0,0,1,0,0,0,0,0,0,0,0,0,2,0,0,2
0,1,0,0,0,0,0,0,1,1,0,1,0,1,1,0,0,0,1,0,0,0,1,1,0,0
0,0,0,0,0,0,0,0,1,1,1,1,0,0,0,0,0,0,1,0,1,1,1,0,1,0
0,0,0,0,0,1,0,0,1,0,0,1,0,1,0,0,0,0,0,0,1,0,2,1,1,1
1,0,1,0,0,0,0,0,1,0,0,1,0,1,0,0,0,0,0,0,0,0,1,0,0,0
0,0,1,0,0,0,0,0,1,0,0,1,0,1,1,1,0,0,0,0,0,0,1,-1,0,0
0,0,1,0,0,0,0,0,1,1,1,1,0,1,1,0,0,0,1,0,0,0,1,0,0,0
0,1,1,0,0,0,0,0,1,0,1,1,0,1,1,0,0,0,1,0,0,1,1,-1,0,0
0,0,1,0,0,0,0,0,1,1,1,0,0,0,0,0,0,0,1,0,1,1,1,-2,1,0
0,1,1,0,0,1,0,0,1,0,0,1,1,1,1,0,0,0,0,0,0,0,2,0,0,3
0,0,0,0,0,0,0,0,0,1,1,1,0,1,1,1,0,0,1,0,0,0,0,0,0,0
0,0,0,0,0,1,0,0,1,0,0,0,0,0,1,0,0,0,1,0,0,1,2,-2,0,1
0,0,1,0,0,0,0,0,1,0,0,1,0,1,1,0,0,0,0,0,0,0,1,0,0,0
0,0,0,0,0,0,0,0,0,0,1,0,0,0,0,0,0,0,1,0,1,1,0,-1,1,0
0,1,1,0,0,1,0,0,1,0,0,1,1,0,0,1,0,0,0,0,0,0,2,-2,0,2
0,0,1,0,0,0,0,0,1,0,0,0,0,1,0,0,0,1,0,0,0,1,1,0,1,1
0,0,0,0,0,0,0,0,1,0,0,0,0,1,1,1,0,0,0,0,0,0,1,1,0,0
0,1,1,0,0,1,0,0,1,0,0,1,0,1,0,0,0,0,0,0,0,0,2,0,0,1
0,0,0,0,0,1,0,0,1,0,0,0,0,1,1,0,0,0,0,0,0,0,2,0,0,1
0,0,0,0,0,0,0,0,0,0,0,0,0,0,0,0,0,0,0,0,0,0,0,-1,0,1
0,0,1,0,0,0,0,0,1,0,0,0,0,0,1,0,0,0,1,0,1,1,1,0,1,0
0,1,1,0,0,0,0,1,0,1,1,1,1,0,0,1,0,1,1,0,1,1,1,0,2,1
1,0,1,0,0,1,0,0,0,0,1,0,0,0,0,0,0,1,0,0,1,0,1,0,2,1
1,1,0,0,0,0,0,0,1,0,0,0,0,0,0,0,0,0,0,0,1,1,1,0,1,0
0,0,1,0,0,0,0,0,1,0,0,0,0,1,0,0,0,1,1,0,1,1,1,1,2,0
0,0,1,0,0,0,0,0,1,0,1,1,0,0,0,0,0,0,1,0,0,1,1,-2,0,0
0,0,0,0,0,0,0,0,1,0,1,0,0,1,1,0,0,0,1,1,0,0,1,-1,1,1
0,0,0,0,0,0,0,0,1,1,1,0,0,1,0,0,0,0,1,0,1,1,1,0,1,0
0,0,1,1,1,0,0,1,0,0,0,0,0,1,0,0,0,1,0,0,1,1,1,1,3,0
0,0,0,0,0,0,0,0,0,0,0,1,0,1,1,0,0,0,0,0,0,1,0,1,0,1
0,0,0,1,0,0,0,1,0,1,1,1,0,0,0,0,0,1,1,0,1,1,1,0,2,0
0,0,1,0,1,0,0,0,0,0,0,1,0,1,0,0,0,0,1,0,0,1,0,-1,1,0
0,0,0,0,0,0,0,0,1,0,1,1,0,1,0,0,0,0,1,0,0,1,1,-1,0,0
0,0,1,0,0,0,0,0,0,0,0,0,0,0,1,0,0,1,0,0,1,1,0,0,2,1
0,1,0,0,0,0,0,0,1,0,1,0,0,0,1,1,0,0,1,0,1,0,1,-1,1,0
0,0,1,0,0,0,0,0,1,0,0,0,0,1,1,0,0,0,1,0,0,0,1,1,0,0
0,0,1,0,0,0,0,0,1,1,1,1,0,0,0,0,0,0,1,0,0,1,1,-1,0,0
0,0,0,0,0,0,0,0,1,1,0,1,0,1,1,0,0,0,1,0,1,0,1,1,1,0
0,0,0,0,0,0,0,0,1,0,0,0,0,0,0,0,0,0,1,0,1,0,1,0,1,0
0,0,1,0,0,0,0,0,1,0,0,0,0,0,0,0,0,0,1,0,1,0,1,0,1,0
0,1,0,0,0,0,0,0,1,1,1,1,1,1,1,1,1,0,1,0,0,0,1,0,0,1
0,0,0,0,0,1,0,0,1,0,0,1,0,1,1,1,0,0,0,0,0,0,2,1,0,1
0,0,1,0,0,0,0,0,0,1,1,1,0,1,1,0,0,0,1,0,0,0,0,0,0,0
0,0,0,1,0,0,0,0,0,1,1,1,0,1,1,0,0,0,1,0,0,1,0,-1,0,0
0,0,0,0,0,1,0,0,1,0,0,0,0,0,0,1,0,1,0,0,1,0,2,0,2,1
0,0,0,0,0,0,0,0,1,0,1,1,0,0,1,0,0,0,1,0,0,0,1,-2,0,0
0,0,0,0,0,1,0,0,1,0,0,1,0,1,1,0,0,0,0,0,0,0,2,1,0,1
0,0,0,0,0,0,0,0,1,1,1,0,0,1,0,0,0,0,1,0,1,0,1,1,1,0
0,0,1,0,0,0,0,0,0,0,0,1,1,1,0,0,0,0,1,0,0,1,0,0,0,1
0,0,1,0,0,0,0,0,1,0,0,0,0,1,1,0,0,0,1,0,0,0,1,0,0,0
0,0,1,1,1,0,0,0,1,0,1,0,0,1,0,0,0,0,1,0,0,1,1,-1,1,0
0,0,1,0,0,1,0,0,1,0,0,1,0,1,1,0,0,0,0,0,0,0,2,-1,0,1
0,0,1,0,0,0,0,0,1,0,0,0,0,0,1,0,0,0,1,0,0,1,1,-2,0,0
0,1,0,0,0,0,0,0,1,0,1,1,0,1,1,0,0,0,1,0,0,1,1,1,0,0
1,0,0,0,0,0,0,0,1,1,1,0,0,0,0,0,0,0,1,0,1,1,1,0,1,0
0,1,1,0,0,0,0,0,1,0,0,0,0,0,0,0,0,0,1,0,0,0,1,-1,0,0
0,0,1,0,0,0,0,0,1,0,0,0,1,0,1,0,0,0,0,0,0,0,1,0,0,1
0,0,1,0,0,0,0,0,0,0,1,1,0,0,0,0,0,1,1,0,0,1,0,-1,1,0
0,0,1,0,0,0,0,1,0,0,0,0,0,0,0,0,0,1,0,0,1,1,1,0,2,0
0,0,0,0,0,0,0,0,1,0,0,0,0,0,0,0,0,0,1,0,1,0,1,-1,1,0
0,0,0,0,0,0,0,0,1,0,1,0,0,0,0,0,0,0,1,0,1,1,1,0,1,0
0,0,0,0,0,1,0,0,1,0,0,1,0,1,1,0,0,0,1,0,0,0,2,1,0,1
0,0,0,0,0,0,0,0,1,1,1,0,0,1,1,0,0,0,1,0,0,1,1,1,0,0
0,0,1,0,0,1,0,0,1,0,0,1,0,0,1,0,0,1,0,0,0,1,2,-1,1,1
1,0,0,0,0,0,0,0,1,0,0,0,0,0,0,0,0,0,1,0,1,0,1,0,1,0
0,0,0,1,0,0,0,0,1,1,1,1,0,1,0,0,0,0,1,0,1,1,1,0,1,0
0,0,1,0,0,1,0,0,1,0,0,0,0,0,1,1,0,0,0,0,0,0,2,-1,0,1
0,0,0,0,0,0,0,0,1,0,1,1,0,0,0,0,0,0,1,1,1,1,1,-1,2,0
0,0,0,0,0,0,0,0,1,0,0,1,0,1,1,1,0,0,1,0,0,0,1,1,0,1
0,0,1,0,0,0,0,0,1,1,1,0,0,1,0,0,0,0,1,0,1,1,1,1,1,0
0,1,1,0,0,0,0,0,1,0,0,1,1,1,1,0,0,0,0,0,0,0,1,-1,0,2
0,1,1,0,0,0,0,0,0,1,1,1,0,1,0,1,0,1,1,0,1,1,0,1,2,0
0,0,0,0,0,0,0,0,1,1,1,0,0,1,1,0,0,0,1,0,0,0,1,0,0,0
0,1,0,0,0,1,0,0,1,0,0,1,0,1,1,1,0,0,0,0,0,0,2,1,0,1
0,0,0,0,1,0,0,1,0,0,0,1,0,1,0,0,0,1,1,0,1,1,1,1,3,0
0,0,0,0,0,0,0,0,0,1,1,1,0,0,0,0,0,0,1,0,1,1,0,-1,1,0
0,0,1,0,0,1,0,0,1,0,0,1,1,1,0,0,0,0,0,0,0,0,2,0,0,2
0,0,1,0,0,0,0,0,1,0,0,1,0,1,1,0,0,0,1,1,0,1,1,0,1,0
0,0,1,0,0,0,0,0,0,0,0,1,0,1,0,0,0,0,0,0,0,0,0,1,0,0
0,0,0,0,0,0,0,0,1,0,0,1,0,1,1,1,0,0,1,1,0,1,1,-1,1,0
0,0,0,0,0,0,0,0,1,0,0,0,0,1,1,0,0,0,0,0,0,1,1,0,0,0
0,1,1,0,0,1,0,0,1,0,0,1,1,1,0,1,0,0,0,0,0,0,2,-1,0,3
0,0,0,0,0,1,0,0,1,0,0,1,1,1,0,0,0,0,0,0,0,0,2,1,0,2
0,1,0,0,0,0,0,0,1,0,0,1,0,1,1,0,0,0,1,0,0,0,1,0,0,0
0,0,0,0,0,0,0,0,1,1,0,0,0,0,0,0,0,0,0,0,1,0,1,0,1,0
0,0,0,0,1,0,0,0,0,0,0,0,0,1,1,1,0,1,1,0,0,1,0,0,2,0
1,0,0,0,0,1,0,1,0,0,0,0,0,0,0,0,0,1,0,0,0,0,2,-1,1,1
0,1,1,0,0,0,0,0,0,0,0,0,0,1,1,0,0,0,0,0,0,0,0,0,0,0
0,1,0,0,0,0,0,0,0,0,1,0,0,0,1,1,0,0,1,0,0,0,0,-1,0,1
0,0,0,1,0,0,0,1,0,1,1,0,0,0,0,0,0,1,1,0,1,1,1,0,2,0
0,0,0,0,0,0,0,0,1,0,0,1,0,1,1,1,0,0,1,0,0,1,1,0,0,1
0,0,0,0,0,1,0,0,1,0,0,1,0,1,1,1,0,0,0,0,0,1,2,0,0,1
0,0,0,0,0,0,0,0,0,0,1,1,0,1,1,0,0,0,1,0,1,1,0,1,1,0
0,0,0,0,0,0,0,0,0,1,1,0,0,0,0,0,0,1,1,0,1,1,0,0,2,0
0,0,1,0,0,0,0,0,1,1,1,0,0,1,1,0,0,0,1,0,0,1,1,-1,0,0
0,0,1,0,0,0,0,0,0,1,1,1,0,1,1,0,0,0,1,0,0,1,0,0,0,0
0,0,1,0,0,0,0,0,0,0,0,0,0,0,1,0,0,0,1,0,1,1,0,0,1,0
0,1,0,0,0,0,0,0,1,0,0,1,0,1,0,0,0,0,1,0,0,1,1,1,0,0
0,1,0,0,0,0,0,0,1,1,1,1,0,1,1,0,0,0,1,0,0,1,1,-1,0,0
0,0,1,0,0,1,0,0,1,0,0,1,0,1,0,1,0,0,0,0,0,0,2,1,0,1
0,0,1,0,0,0,0,0,1,0,0,1,1,1,1,1,1,0,0,0,0,0,1,0,0,2
0,0,0,0,0,0,0,0,1,1,1,1,0,1,1,0,0,0,1,0,0,1,1,-1,0,0
0,0,1,0,0,0,0,0,1,0,1,1,0,0,0,0,0,0,1,0,1,0,1,0,1,0
0,0,1,0,0,0,0,0,0,1,1,1,0,0,1,0,0,0,1,0,0,0,0,-1,0,0
0,0,1,0,0,0,0,0,1,1,1,1,0,1,1,0,0,0,1,0,0,0,1,-1,0,0
0,0,1,1,1,0,0,1,0,0,0,1,0,1,0,0,0,1,1,0,1,1,1,1,3,0
0,0,1,0,0,0,0,0,1,1,0,1,0,1,0,0,0,0,1,0,0,1,1,-1,0,0
0,1,1,0,0,0,0,0,0,0,0,1,0,0,0,0,0,1,1,0,0,1,0,-1,1,0
0,0,0,0,0,0,0,0,1,0,0,0,0,0,1,0,0,0,0,0,0,0,1,0,0,0
0,0,0,0,0,0,0,0,1,0,0,1,0,1,1,1,0,0,1,0,0,0,1,-1,0,0
0,0,1,0,0,0,0,0,1,1,1,0,0,0,1,0,0,0,1,0,1,1,1,0,1,0
0,1,0,0,0,1,0,0,1,0,0,1,1,1,1,1,0,0,0,0,0,0,2,0,0,2
1,1,0,0,0,0,0,0,1,0,0,0,0,1,0,0,0,0,1,0,0,1,1,1,0,0
0,0,1,0,0,0,0,0,1,0,0,1,0,1,1,0,0,0,1,0,0,1,1,0,0,0
0,0,0,0,0,0,0,0,1,0,0,0,0,0,1,0,0,0,1,0,0,0,1,-2,0,0
0,0,1,0,0,0,0,0,0,0,0,1,1,1,0,1,0,1,0,0,0,0,0,1,1,1
0,0,0,0,0,0,0,0,1,0,0,1,0,1,0,0,0,0,0,0,0,0,1,0,0,0
0,0,0,0,0,0,0,0,0,0,0,0,0,1,0,0,0,0,0,0,1,0,0,1,1,0
0,0,0,0,0,0,0,0,1,0,0,0,0,0,1,0,0,0,1,0,0,1,1,-1,0,0
0,1,1,0,0,0,0,0,1,0,0,1,0,1,1,0,0,0,1,0,0,0,1,0,0,0
0,0,1,0,0,0,0,0,0,0,1,0,0,0,0,0,0,0,1,0,1,1,0,0,1,0
0,0,0,0,0,0,0,0,1,0,1,1,0,0,1,0,0,0,1,0,0,1,1,0,0,0
0,0,0,0,0,1,0,0,1,0,0,1,1,1,0,0,0,0,0,0,0,0,2,1,0,2
0,0,0,0,0,0,0,0,1,1,1,0,0,0,1,0,0,1,1,0,0,1,1,-1,1,0
0,0,1,0,0,1,0,0,1,0,0,0,0,1,1,0,0,0,0,0,0,0,2,0,0,1
0,0,1,0,0,1,0,0,1,0,0,1,0,1,1,1,0,0,0,0,0,0,2,1,0,1
0,0,0,0,0,0,0,1,0,0,0,1,0,0,1,0,0,0,1,0,0,1,1,-1,0,0
0,0,0,1,1,0,0,1,0,0,0,1,0,1,0,0,0,1,1,0,1,1,1,1,3,0
1,0,0,0,0,0,0,0,0,1,1,1,0,1,0,1,0,0,1,0,0,0,0,-1,0,0
0,0,1,0,0,1,0,0,1,0,0,0,0,1,1,1,0,0,0,0,0,1,2,1,0,1
0,1,0,0,0,0,0,0,1,0,1,1,0,1,1,1,0,0,1,0,0,0,1,-1,0,0
0,0,1,1,1,0,0,0,1,1,1,1,0,1,1,0,0,0,1,0,1,1,1,1,2,0
0,0,1,0,0,0,1,0,1,0,0,1,0,1,1,0,0,0,1,0,0,1,2,-1,0,0
0,0,1,0,0,0,0,0,1,0,0,0,1,1,1,0,0,0,0,0,0,0,1,1,0,1
1,0,0,0,0,0,0,0,0,0,1,0,0,0,0,0,0,1,1,0,1,1,0,0,2,0
0,0,0,0,0,0,0,0,1,0,0,1,1,1,1,1,0,0,0,0,0,0,1,1,0,1
0,0,1,0,0,0,0,0,1,1,1,1,0,1,1,0,0,0,1,0,0,0,1,-1,0,0
0,0,0,0,0,0,0,0,1,0,0,1,0,1,0,0,0,1,1,0,0,1,1,1,1,0
0,0,1,0,0,1,0,0,1,0,0,1,1,1,1,1,1,0,0,0,0,0,2,0,0,2
0,0,0,0,0,1,0,0,1,0,0,1,1,1,0,0,1,0,0,0,0,0,2,1,0,2
0,0,0,0,0,0,0,1,0,1,1,0,0,0,0,0,0,0,1,0,1,1,1,-1,1,0
0,0,1,0,0,0,0,0,1,1,1,0,0,1,1,0,0,0,1,0,1,0,1,1,1,0
0,0,0,0,0,1,0,0,0,0,0,1,0,1,0,0,0,0,0,0,0,0,1,1,0,1
0,1,0,0,0,1,0,0,1,0,0,1,1,1,1,0,0,0,0,0,0,0,2,1,0,2
0,0,1,0,0,0,0,0,1,1,1,1,0,1,1,0,0,0,1,0,0,1,1,-1,0,0
0,1,1,0,0,0,0,0,1,0,0,0,0,1,1,0,0,0,1,0,0,0,1,-1,0,0
0,0,1,0,0,0,0,0,0,1,1,0,0,0,1,0,0,0,1,0,1,1,0,0,1,0
0,0,0,1,0,0,0,0,0,0,0,0,0,0,0,0,0,1,0,0,1,1,0,0,2,0
0,0,1,0,0,0,0,0,1,0,0,1,1,1,1,0,0,0,0,0,0,0,1,0,0,1
0,0,0,0,0,0,0,0,1,1,1,1,0,1,0,0,0,0,1,0,0,1,1,1,0,0
0,0,0,0,0,0,0,0,1,0,0,1,0,0,1,0,0,1,1,0,1,1,1,-1,2,0
0,0,1,0,0,0,0,0,1,1,0,1,0,1,1,0,0,0,1,0,0,0,1,1,0,0
0,0,1,0,0,0,0,0,0,0,0,0,0,0,1,0,0,0,1,0,0,1,0,-1,0,0
1,0,1,0,0,0,0,0,1,1,1,1,0,1,0,0,0,0,1,0,0,0,1,-1,0,0
0,0,0,1,1,0,0,0,1,1,1,0,0,0,1,0,0,0,1,0,1,0,1,0,2,0
0,0,1,0,0,0,0,1,0,1,1,0,0,0,0,0,0,1,1,0,1,1,1,-1,2,0
0,0,0,0,0,0,0,0,1,0,1,0,0,0,0,0,0,0,1,0,0,1,1,0,0,0
1,0,0,0,0,0,0,0,1,0,0,0,0,0,0,0,0,0,1,0,0,0,1,0,0,0
0,0,1,0,0,0,0,0,1,1,1,1,0,0,1,0,0,0,1,0,0,0,1,0,0,0
0,1,0,0,0,0,0,0,0,0,0,1,0,0,0,0,0,0,0,0,1,1,0,0,1,0
0,0,1,0,0,1,0,0,1,0,0,1,0,1,0,0,1,0,0,1,0,0,2,0,1,2
0,0,1,0,0,0,0,0,0,1,1,0,0,0,0,0,0,1,1,0,1,1,0,-1,2,0
0,0,0,0,0,0,0,0,1,1,1,0,0,1,1,0,0,0,1,0,0,0,1,-1,0,0
0,1,0,0,0,0,0,0,1,0,0,1,0,1,0,0,0,0,1,0,1,0,1,1,1,0
0,0,1,0,0,0,0,0,1,0,0,1,0,1,1,1,0,0,0,0,0,0,1,1,0,0
0,0,1,1,1,0,0,1,0,0,0,1,0,1,0,0,0,1,1,0,1,1,1,1,3,0
0,0,0,0,0,0,0,0,1,0,1,0,0,0,0,0,0,0,1,0,0,0,1,-1,0,0
0,0,0,0,0,0,0,0,1,1,1,0,0,0,0,0,1,1,1,0,1,1,1,-1,2,0
1,0,0,0,0,0,0,0,1,0,0,0,0,0,0,0,0,0,0,0,0,1,1,0,0,0
0,0,0,1,0,0,0,1,0,1,1,0,0,0,0,0,0,1,1,0,1,1,1,0,2,0
0,0,1,0,0,0,0,0,0,0,0,1,1,1,1,1,1,0,0,0,0,0,0,1,0,1
0,1,0,0,0,0,0,0,1,0,0,1,0,1,1,0,0,0,1,0,1,1,1,1,1,0
1,0,0,0,0,0,0,0,0,0,1,1,0,0,0,0,0,0,1,0,1,0,0,0,1,0
0,0,1,0,0,0,0,0,1,0,0,1,0,1,0,1,0,0,1,0,0,0,1,-1,0,0
0,0,1,0,0,1,0,0,1,0,0,1,1,1,1,0,0,0,0,0,0,1,2,0,0,2
0,1,1,0,1,0,0,0,1,1,0,1,0,1,1,0,0,0,1,0,0,1,1,-1,1,0
0,1,0,0,0,0,0,0,1,0,0,1,0,0,1,0,0,0,1,0,0,1,1,0,0,0
0,0,0,1,1,0,0,0,1,1,1,1,0,1,1,0,0,0,1,0,0,1,1,0,1,0
0,0,0,0,0,0,0,0,1,1,1,1,0,1,1,1,0,0,1,0,0,1,1,0,0,0
0,1,1,0,0,1,0,0,1,0,0,0,0,1,0,0,0,0,0,0,0,0,2,0,0,1
0,0,0,0,1,0,0,0,0,0,1,1,0,1,1,0,0,0,1,0,0,1,0,-1,1,0
0,0,1,0,1,0,0,0,1,0,0,1,0,1,0,1,0,0,1,0,0,1,1,-1,1,0
0,0,1,1,1,0,0,0,0,0,0,0,0,1,1,0,0,0,1,0,1,1,0,1,2,0
0,1,0,0,0,0,0,0,1,0,0,0,0,0,1,1,0,0,1,0,0,0,1,-2,0,0
0,0,0,0,1,0,0,0,1,0,0,0,0,1,0,0,0,0,0,0,1,1,1,1,2,0
0,0,1,0,0,1,0,0,1,0,0,0,0,1,1,1,0,0,0,0,0,0,2,0,0,1
0,1,0,0,0,0,0,0,1,0,1,1,1,1,1,0,0,0,1,0,0,0,1,-1,0,1
0,1,1,0,0,0,0,0,1,0,1,1,0,1,1,0,0,0,1,0,0,1,1,0,0,0
0,0,0,0,0,0,0,0,1,1,1,0,0,1,1,0,0,0,1,0,0,0,1,1,0,0
0,0,0,1,0,0,0,0,1,0,1,1,0,1,1,0,0,0,1,1,0,1,1,-1,1,0
0,0,1,0,0,0,0,0,1,0,0,1,0,1,1,1,1,0,1,0,0,0,1,1,0,0
0,1,1,0,0,0,1,0,1,1,0,1,0,1,1,0,0,0,1,0,0,0,2,0,0,0
0,0,1,0,0,0,0,0,1,1,1,1,0,1,1,0,0,0,1,0,0,0,1,0,0,0
1,0,1,0,0,0,0,0,1,0,1,0,0,0,1,0,0,0,1,0,1,1,1,0,1,0
0,1,0,0,0,1,0,0,1,0,0,0,0,0,0,0,0,1,0,0,1,1,2,0,2,1
0,1,0,0,0,1,0,0,1,0,0,1,0,0,1,1,0,0,0,0,1,0,2,0,1,1
0,0,0,0,0,0,0,0,1,1,1,0,0,0,0,1,0,0,1,0,1,0,1,-1,1,0
0,1,1,0,0,1,1,0,1,0,0,1,1,1,1,0,0,0,0,0,0,1,3,-1,0,2
0,0,1,0,0,0,0,0,1,0,0,0,0,0,0,0,0,0,1,0,0,1,1,-1,0,0
0,0,1,0,0,0,0,0,1,1,0,1,0,1,1,0,0,0,1,0,0,1,1,0,0,0
0,0,1,0,0,0,0,0,1,0,1,0,0,0,0,0,0,0,1,0,0,0,1,-1,0,0
0,1,0,0,0,1,0,0,1,0,0,1,0,1,0,0,0,0,0,0,0,0,2,0,0,1
0,1,0,0,0,1,1,0,1,0,0,1,0,1,1,0,0,0,0,0,0,0,3,-1,0,1
0,0,0,0,0,0,0,0,1,0,1,1,0,1,0,0,0,0,1,0,1,1,1,1,1,0
0,0,0,1,1,0,0,0,1,0,0,0,0,0,0,0,0,0,1,0,1,1,1,0,2,0
0,0,1,0,0,0,0,0,1,1,1,1,0,0,0,0,0,0,1,0,1,1,1,-1,1,0
0,0,0,0,0,0,0,0,1,1,1,1,0,1,0,0,0,0,1,0,0,1,1,0,0,0
0,0,1,0,0,0,0,0,1,0,0,1,1,1,0,0,1,0,0,0,0,0,1,-1,0,2
0,0,0,0,0,1,0,0,1,0,0,1,1,1,1,0,0,0,0,0,0,1,2,1,0,2
0,0,1,0,0,0,0,0,1,0,0,1,0,1,1,0,0,0,1,0,1,1,1,1,1,0
1,0,1,0,0,0,0,0,1,0,0,0,0,0,1,0,0,0,1,0,0,1,1,-1,0,0
0,0,0,0,0,0,0,0,1,1,1,0,0,0,1,0,0,0,1,0,0,0,1,-1,0,0
0,0,1,0,0,0,0,0,1,1,1,0,0,1,1,0,0,0,1,0,0,0,1,1,0,0
0,1,0,0,0,0,0,1,1,0,0,0,0,0,0,0,0,0,1,0,1,0,2,-1,1,0
0,0,1,0,0,0,0,0,1,0,0,0,0,1,1,0,0,0,0,0,0,1,1,1,0,0
0,0,1,0,0,0,0,0,1,1,1,0,0,1,1,0,0,0,1,0,1,1,1,1,1,0
0,0,1,0,0,0,0,0,1,0,1,0,0,1,1,0,0,0,1,0,0,1,1,1,0,0
1,0,1,0,0,0,0,0,1,0,0,0,0,0,0,0,0,1,0,1,0,0,1,-1,2,1
0,0,1,1,0,0,0,1,0,1,1,0,0,1,0,0,0,1,1,0,1,1,1,1,2,0
1,0,0,0,0,0,0,0,1,0,0,0,0,0,0,0,0,0,0,0,0,0,1,-1,0,0
0,0,0,0,0,1,0,0,1,0,0,1,0,1,0,0,0,0,0,0,0,0,2,1,0,1
0,0,0,0,0,0,0,0,1,0,0,1,0,1,1,0,0,0,1,0,0,0,1,-1,0,0
1,0,0,0,0,0,0,0,1,0,1,1,0,0,1,0,0,0,1,0,0,1,1,-1,0,0
0,0,1,1,0,0,0,0,0,0,0,1,0,1,0,0,0,0,1,0,0,1,0,0,0,0
1,0,1,0,0,0,0,0,1,0,0,1,0,1,1,0,0,0,0,0,0,0,1,1,0,0
0,0,1,0,0,0,0,1,0,0,0,1,0,1,0,0,0,1,1,0,1,1,1,1,2,0
0,0,1,0,0,0,0,0,1,0,0,0,0,0,1,1,0,0,0,1,0,0,1,-1,1,0
0,0,0,0,0,1,0,0,1,0,0,1,1,1,0,0,0,0,0,0,0,0,2,1,0,2
0,1,0,0,0,0,0,0,1,0,0,1,0,1,1,1,0,0,1,0,1,0,1,0,1,0
0,0,0,0,0,0,0,0,1,0,0,1,0,0,1,1,0,0,1,0,0,1,1,-1,0,0
0,0,1,0,0,0,0,0,1,0,0,1,1,1,1,1,1,0,0,0,0,0,1,1,0,1
0,1,1,0,0,0,0,0,1,0,0,1,1,1,1,0,0,0,0,0,0,0,1,0,0,1
0,0,1,0,0,0,0,0,1,0,1,1,0,1,1,0,0,0,1,0,1,1,1,1,1,0
0,0,1,0,0,1,0,0,1,0,0,1,1,1,1,0,1,0,0,0,0,0,2,0,0,2
0,0,0,0,0,0,0,0,1,1,1,0,0,0,1,0,0,0,1,0,1,1,1,0,1,0
0,0,0,0,0,1,0,0,1,0,0,0,0,0,0,0,0,0,0,0,0,1,2,0,0,2
0,0,0,0,0,0,0,0,0,1,1,1,0,1,0,0,0,0,1,0,0,1,0,1,0,0
0,0,1,0,0,0,0,0,1,0,0,1,0,1,1,0,0,0,1,0,0,1,1,-1,0,0
0,0,0,0,0,0,0,0,1,0,0,0,0,1,0,0,0,0,1,0,0,0,1,-1,0,0
0,0,1,1,1,0,0,0,0,0,0,1,0,1,0,0,0,0,1,0,1,1,0,1,2,0
0,0,1,0,0,0,0,0,1,1,1,1,0,1,0,0,0,0,1,0,0,0,1,0,0,0
0,0,0,1,0,0,0,0,0,0,0,1,0,0,1,0,0,0,1,0,0,1,0,-2,0,0
0,0,0,0,0,0,0,1,0,0,0,0,0,0,0,0,0,1,1,0,1,1,1,0,2,0
0,0,1,0,0,0,0,0,1,0,0,1,0,0,1,0,0,0,1,1,0,1,1,-1,1,0
0,1,1,0,0,0,0,0,1,0,0,1,0,1,1,0,0,0,1,0,0,0,1,-1,0,0
0,0,0,0,0,0,0,0,1,0,1,0,0,0,1,0,0,0,1,0,1,1,1,0,1,0
0,0,0,0,0,0,0,0,1,1,1,0,0,1,1,0,0,0,1,0,0,1,1,-1,0,0
0,0,0,0,1,0,0,0,1,0,0,0,0,1,1,0,0,0,1,0,0,0,1,0,1,0
0,0,0,0,0,0,0,0,1,1,0,1,0,1,1,1,0,0,1,0,0,0,1,-1,0,0
0,0,1,0,0,0,0,0,1,1,0,1,0,1,0,0,0,0,1,0,0,1,1,0,0,0
0,1,1,0,0,0,0,0,1,0,0,1,0,1,1,1,0,0,1,0,0,1,1,0,0,1
0,0,0,0,0,1,0,0,1,0,0,0,0,1,1,0,0,0,0,0,0,0,2,1,0,1
0,0,0,0,0,0,0,0,1,1,1,1,0,1,0,0,0,0,1,0,1,0,1,1,1,0
1,1,0,0,0,0,0,0,1,0,0,0,0,0,0,0,0,0,0,0,1,0,1,0,1,0
0,0,1,0,0,1,0,0,1,0,0,0,1,1,0,0,0,0,0,0,0,0,2,1,0,2
0,0,0,0,1,0,0,0,1,0,0,0,0,0,0,0,0,0,1,1,1,1,1,0,3,0
0,0,1,0,0,0,0,0,0,0,0,1,0,1,1,0,0,0,1,0,0,1,0,0,0,0
0,0,1,0,0,0,0,0,1,1,1,1,0,1,1,0,0,0,1,0,0,1,1,0,0,0
0,0,1,0,0,0,0,0,1,1,1,0,0,1,1,0,0,0,1,0,0,1,1,0,0,0
0,0,0,0,0,0,0,0,1,1,1,1,0,1,1,0,0,0,1,0,1,1,1,0,1,0
0,0,0,0,0,0,0,1,0,0,0,0,0,0,0,0,0,1,0,0,1,1,1,0,2,1
0,0,1,1,0,0,0,0,1,0,0,1,0,0,0,0,0,1,1,0,1,1,1,0,2,0
0,0,0,0,0,1,0,0,1,0,0,0,1,1,1,0,0,0,0,0,0,0,2,1,0,2
0,0,0,0,0,0,0,0,1,0,0,0,0,0,0,0,0,0,1,0,0,0,1,-1,0,0
0,1,1,0,0,1,0,0,1,0,0,1,0,1,0,0,1,0,0,0,1,0,2,1,1,1
0,0,1,0,0,0,0,0,0,0,1,0,0,0,1,0,0,1,1,0,1,1,0,0,2,0
0,0,1,0,0,1,0,0,1,0,0,1,1,1,1,0,1,0,0,0,0,0,2,1,0,2
0,0,0,0,0,0,0,0,1,0,0,1,0,1,0,0,0,0,1,1,0,1,1,0,1,0
0,0,0,0,0,1,0,0,1,0,0,1,1,1,1,0,0,0,0,0,0,0,2,1,0,2
0,0,1,0,0,0,0,0,1,0,0,1,0,1,0,0,0,0,1,0,0,0,1,1,0,0
0,0,0,0,0,0,0,0,1,0,0,0,0,0,1,0,0,0,1,0,0,0,1,-1,0,0
0,1,0,0,0,1,0,0,1,0,0,1,1,1,0,0,0,0,0,0,0,0,2,1,0,2
0,0,0,0,1,0,0,0,1,0,0,1,0,1,1,0,0,0,1,0,0,1,1,0,1,0
0,0,0,1,1,0,0,1,0,0,0,1,0,0,0,0,0,1,1,0,1,0,1,0,3,0
0,0,1,0,0,0,0,0,1,0,0,1,0,0,0,0,0,1,1,0,1,1,1,0,2,0
0,1,0,0,0,0,0,0,1,0,1,1,0,1,1,0,0,0,1,0,0,0,1,0,0,0
0,0,1,0,0,1,0,0,1,0,0,1,1,1,1,1,1,0,0,0,0,0,2,0,0,2
0,0,1,0,0,0,0,0,1,0,0,1,0,1,0,0,0,0,1,0,0,1,1,-1,0,0
1,1,0,0,0,1,0,0,1,0,0,0,0,0,0,0,0,0,0,0,1,0,2,0,1,1
0,1,1,0,0,1,0,0,1,0,0,1,1,1,0,1,1,0,0,0,0,0,2,0,0,2
0,0,1,0,0,1,0,0,1,0,0,1,1,1,1,1,0,0,0,0,0,0,2,-1,0,2
0,0,1,0,0,1,0,0,1,0,0,0,0,0,0,0,1,0,0,0,0,0,2,-2,0,2
0,0,0,0,1,0,0,0,0,0,1,0,0,1,0,0,0,0,1,0,1,1,0,1,2,0
0,1,1,0,0,1,0,0,1,0,0,1,1,1,1,1,0,0,0,0,0,0,2,0,0,2
0,0,0,0,0,1,0,0,1,0,1,1,0,1,1,0,0,0,1,0,0,0,2,-1,0,1
0,0,0,0,0,0,0,0,1,0,0,0,0,1,0,0,0,0,1,0,1,0,1,0,1,0
0,0,1,0,0,0,0,0,1,0,0,1,0,1,0,0,0,0,1,1,0,1,1,0,1,0
0,0,0,0,0,1,0,0,1,0,0,1,1,1,1,1,0,0,0,0,0,0,2,1,0,4
0,0,0,0,0,0,0,1,0,0,1,1,0,1,0,0,0,1,1,0,1,1,1,0,2,0
1,0,1,0,0,0,0,0,0,1,1,1,1,1,1,0,0,0,1,0,0,0,0,-1,0,1
0,1,1,0,0,0,0,0,1,1,1,1,0,1,1,0,0,0,1,0,0,0,1,-1,0,0
0,0,1,0,0,0,0,0,1,1,0,1,0,1,1,0,0,0,1,0,0,0,1,0,0,0
0,0,0,0,0,0,0,0,1,1,1,1,0,1,0,0,0,0,1,0,1,1,1,0,1,0
0,0,0,1,1,0,0,0,1,0,0,0,0,0,1,0,1,0,1,0,0,1,1,-1,1,0
1,0,0,0,0,0,0,0,1,0,0,0,0,1,0,0,0,0,1,0,0,0,1,1,0,0
0,0,0,1,1,0,0,0,1,0,1,1,0,0,0,0,0,0,1,0,0,1,1,-1,1,1
0,0,0,0,0,1,1,0,1,0,0,1,0,1,1,1,0,0,0,0,0,1,3,-1,0,1
0,0,0,0,1,0,0,0,1,0,0,1,0,1,1,0,0,0,1,0,1,0,1,1,2,0
0,0,0,1,0,0,0,1,0,0,0,0,0,0,0,0,0,1,0,0,1,1,1,0,2,0
0,1,1,0,0,0,0,0,1,1,1,1,0,1,1,0,0,0,1,0,0,1,1,1,0,0
0,0,0,0,0,0,0,0,1,0,0,0,0,1,0,0,0,0,1,0,0,0,1,-1,0,0
0,0,0,1,0,1,0,0,1,0,0,0,0,0,0,0,0,1,0,1,1,1,2,0,3,1
0,1,0,0,0,0,0,0,0,1,1,0,0,0,0,0,0,0,1,0,1,0,0,0,1,0
0,0,0,0,0,0,0,0,1,0,0,1,0,0,1,0,0,0,1,0,1,1,1,-1,1,0
0,1,1,0,0,0,0,0,1,0,0,1,0,1,1,0,0,0,1,0,0,1,1,0,0,0
0,0,1,0,0,1,0,0,1,0,0,1,0,1,0,1,0,0,0,0,0,1,2,0,0,1
0,0,0,0,0,0,0,0,1,0,0,1,1,1,1,0,0,0,1,0,0,0,1,1,0,2
0,0,1,0,1,0,0,1,0,0,0,0,0,1,0,0,0,1,1,0,1,1,1,1,3,0
0,0,1,0,0,0,0,0,0,1,1,1,0,0,1,0,0,0,1,0,1,1,0,-1,1,0
0,0,0,0,0,1,0,0,1,0,0,1,0,1,1,0,0,0,0,0,0,1,2,0,0,1
0,0,0,1,1,0,0,1,0,1,1,0,0,1,1,0,0,1,1,0,1,1,1,1,3,0
0,1,1,0,0,1,0,0,1,0,0,1,1,1,1,0,0,0,0,0,0,0,2,0,0,2
0,1,1,0,0,0,0,0,1,1,1,1,0,1,1,0,0,0,1,0,0,0,1,0,0,0
0,0,1,0,0,0,0,0,1,0,0,0,0,0,1,0,0,0,0,0,0,1,1,-2,0,0
0,1,0,0,0,0,0,0,1,0,1,1,0,1,1,0,0,0,1,0,0,1,1,1,0,0
0,0,0,0,0,1,0,0,1,0,0,1,1,1,1,0,0,0,0,0,0,0,2,0,0,2
0,0,1,0,0,0,0,0,1,0,1,1,0,1,1,0,0,0,1,0,1,0,1,0,1,0
0,1,0,0,0,0,0,0,1,1,1,1,0,1,1,1,0,0,1,0,0,0,1,1,0,0
0,0,1,0,0,0,0,0,1,1,1,1,0,0,0,0,0,0,1,0,1,1,1,0,1,0
1,0,0,0,1,0,0,1,0,0,0,0,0,0,0,0,0,0,1,0,1,1,1,-1,2,0
0,0,1,0,0,1,0,0,1,0,0,0,1,1,0,0,0,0,0,0,1,0,2,0,1,2
0,0,1,0,0,0,0,0,1,1,1,0,0,1,0,0,0,0,1,0,0,0,1,1,0,0
0,0,1,1,1,0,0,0,0,1,1,0,0,0,1,0,0,0,1,0,1,1,0,0,2,0
0,1,1,0,1,0,0,0,1,0,0,1,0,1,1,0,0,0,1,0,0,0,1,-1,1,0
0,0,0,0,0,0,0,0,1,1,1,0,0,1,0,0,0,0,1,0,0,1,1,0,0,0
0,0,0,0,0,0,0,0,1,0,0,1,1,1,1,0,0,0,1,0,0,0,1,1,0,1
1,0,0,0,0,1,0,0,1,0,0,0,0,0,0,0,0,0,0,0,1,0,2,0,1,1
0,0,1,0,0,0,0,0,1,0,0,1,1,1,0,0,0,0,0,0,0,1,1,1,0,1
0,0,1,0,0,0,0,0,0,0,0,0,0,0,0,0,0,0,0,0,1,1,0,0,1,1
0,0,0,0,0,0,0,0,0,0,0,0,0,0,0,0,0,0,0,0,0,1,0,-2,0,0
0,0,1,0,0,0,0,0,1,0,0,0,0,1,1,0,0,0,0,0,0,1,1,1,0,0
1,0,0,0,0,0,0,0,1,1,1,0,0,0,1,0,0,0,1,0,0,1,1,-1,0,0
0,0,0,0,0,0,0,0,1,0,1,0,0,1,0,1,0,0,1,0,0,1,1,-1,0,0
0,0,1,1,1,0,0,1,0,1,1,0,0,0,1,0,0,0,1,0,0,1,1,-1,1,0
0,0,0,0,0,0,0,0,1,0,0,1,1,1,1,0,1,0,0,0,0,0,1,1,0,1
0,1,1,0,0,0,0,0,1,0,0,0,0,0,0,0,0,0,0,0,1,0,1,0,1,0
0,1,0,0,0,0,0,1,0,1,1,0,1,1,0,1,0,1,1,0,1,1,1,0,2,1
0,0,0,0,0,0,0,0,1,0,0,1,0,1,1,0,0,0,1,0,0,0,1,1,0,1
1,0,0,0,0,0,0,0,1,0,0,0,0,0,1,0,0,0,1,0,0,0,1,-1,0,0
0,0,0,0,1,0,0,0,1,0,1,1,0,1,1,0,0,0,1,0,1,1,1,-1,2,0
0,0,1,1,1,0,0,0,1,0,1,0,0,0,0,0,0,0,1,0,1,1,1,0,2,0
0,0,1,0,0,1,0,1,0,0,0,1,1,1,0,0,0,0,0,0,0,1,2,1,0,2
0,0,1,0,0,0,0,0,0,0,0,1,0,1,1,0,0,0,1,0,0,0,0,0,0,0
0,1,0,0,1,0,0,0,1,1,1,1,0,0,0,0,0,0,1,0,1,1,1,-1,2,0
1,0,0,0,0,0,0,0,1,0,0,1,1,0,0,1,0,0,1,0,0,0,1,-1,0,1
0,1,1,0,0,0,0,0,0,0,0,1,0,1,0,0,0,0,1,0,0,0,0,0,0,0
1,0,1,0,0,0,0,0,1,0,0,0,0,0,0,0,0,0,1,0,0,1,1,0,0,0
0,0,0,0,0,0,0,0,1,0,1,0,0,0,0,0,0,0,1,0,0,1,1,0,0,0
0,0,1,0,0,0,0,0,1,0,0,0,0,1,0,0,0,0,0,0,0,0,1,0,0,1
1,0,1,0,0,0,0,0,1,0,0,1,0,1,0,0,0,0,1,0,1,1,1,1,1,0
0,0,1,1,0,0,0,1,0,0,0,0,0,0,0,0,0,1,0,0,1,1,1,-1,2,1
0,0,1,0,0,0,0,0,1,0,0,1,0,1,0,0,0,0,1,0,1,1,1,1,1,0
0,1,1,0,0,0,0,0,1,0,0,1,0,1,1,0,0,0,1,0,0,1,1,0,0,0
0,0,1,0,0,0,0,0,1,1,1,0,0,1,1,1,0,0,1,0,0,1,1,0,0,0
1,0,1,0,0,0,0,0,1,0,0,0,0,1,0,0,0,0,0,0,0,0,1,0,0,0
0,0,1,0,0,1,0,0,1,0,0,1,0,1,1,0,0,0,0,0,0,0,2,0,0,1
0,0,1,0,0,0,0,0,0,1,1,0,0,0,0,0,0,0,1,0,1,1,0,0,1,0
0,1,1,0,0,1,0,0,1,0,0,1,0,1,0,0,0,0,0,0,0,0,2,0,0,1
0,0,1,0,0,0,0,0,1,0,0,0,0,0,0,1,0,0,1,0,0,0,1,-1,0,0
0,0,0,0,1,0,0,1,0,0,0,0,0,0,1,0,0,0,1,0,0,1,1,-1,1,0
0,0,0,0,0,0,0,0,1,0,0,0,0,0,0,0,0,0,1,0,0,0,1,-1,0,0
0,0,0,0,0,1,0,0,0,0,0,0,0,0,0,0,0,0,1,0,0,0,1,0,0,1
0,0,0,0,0,0,0,0,1,0,0,1,0,1,0,0,0,0,1,0,1,0,1,1,1,0
0,0,1,0,0,0,0,1,0,0,0,0,0,1,0,0,0,0,0,0,0,0,1,0,0,0
0,0,1,0,0,0,0,0,1,0,0,1,0,0,0,0,0,0,1,0,0,1,1,0,0,0
0,0,1,0,0,0,0,0,1,0,0,1,0,1,1,0,0,0,1,0,0,0,1,1,0,0
0,0,1,0,0,0,0,0,0,0,0,0,0,0,0,0,0,0,1,0,1,1,0,-1,1,0
0,0,0,0,0,0,0,0,1,0,0,0,0,0,1,0,0,0,1,0,1,1,1,-1,1,0
0,0,1,0,0,0,0,0,1,1,1,0,0,1,1,0,0,0,1,0,0,0,1,-1,0,0
1,0,0,0,0,0,0,0,1,1,1,1,0,1,1,0,0,0,1,0,0,0,1,0,0,0
0,0,1,1,1,0,0,1,0,0,0,1,0,1,0,0,0,1,1,0,1,1,1,0,3,0
0,0,1,0,0,0,0,0,1,0,0,1,0,1,0,1,0,0,1,0,0,1,1,0,0,0
1,0,0,0,0,0,0,0,0,0,0,0,0,1,0,0,0,0,1,0,0,1,0,0,0,0
0,0,1,0,0,0,0,0,1,0,0,1,0,1,0,0,0,0,1,0,0,0,1,0,0,0
0,1,0,0,0,0,0,0,1,0,0,1,0,1,1,1,0,0,1,0,0,0,1,-1,0,0
0,1,0,0,0,0,0,0,1,1,0,1,0,1,1,0,0,0,1,0,0,0,1,0,0,0
0,0,1,0,0,0,0,0,0,1,1,0,0,0,0,0,0,0,1,0,1,1,0,-1,1,0
0,0,0,0,0,0,0,0,1,1,1,0,0,0,0,0,0,0,1,1,1,1,1,0,2,1
0,0,1,0,0,0,0,1,0,0,0,0,0,0,0,0,0,1,0,0,1,1,1,0,2,0
0,1,1,0,0,0,0,0,1,0,0,1,0,1,0,0,0,0,1,0,1,0,1,1,1,0
0,0,0,0,1,0,0,1,0,0,0,0,0,0,0,0,0,1,1,0,1,1,1,-1,3,0
0,0,1,1,1,0,0,0,0,0,0,1,0,1,0,0,0,1,1,0,1,1,0,1,3,0
0,1,1,0,0,0,0,0,1,0,0,1,0,1,1,1,0,0,1,0,0,1,1,0,0,0
0,1,0,0,0,1,0,0,1,0,0,1,0,1,1,1,0,0,1,0,0,0,2,0,0,1
0,0,0,0,0,1,0,0,1,0,0,0,0,1,0,0,0,0,0,0,1,0,2,1,1,1
0,0,0,0,0,0,0,0,1,0,0,1,0,1,1,0,0,0,0,0,0,0,1,1,0,0
0,0,1,0,0,0,0,0,0,0,0,1,0,1,0,0,0,0,1,0,1,1,0,1,1,0
0,0,0,1,0,0,0,0,0,0,0,0,0,0,0,0,0,1,1,0,1,1,0,0,2,0
0,0,1,0,0,0,0,0,1,1,1,0,0,0,0,0,0,0,1,0,1,1,1,0,1,0
0,0,1,0,0,0,0,0,1,1,1,0,0,0,1,0,0,0,1,0,0,0,1,-1,0,0
0,1,0,0,0,0,0,0,1,0,0,1,0,1,1,0,0,0,1,0,0,0,1,1,0,0
0,1,0,0,0,0,0,0,1,0,0,1,0,1,1,0,0,0,1,0,0,1,1,-1,0,0
0,1,0,0,0,1,0,0,1,0,0,1,0,0,1,1,0,0,0,0,0,0,2,-1,0,1
0,0,0,1,1,0,0,0,1,0,1,1,0,1,0,0,0,0,1,0,1,1,1,1,2,0
0,0,0,0,0,0,0,0,1,1,1,0,0,1,0,0,0,0,1,0,1,0,1,0,1,0
1,0,0,0,0,1,0,0,1,0,0,0,0,0,0,0,0,0,0,0,0,0,2,0,0,1
0,1,0,0,0,0,0,0,1,1,1,0,0,0,1,0,0,0,1,0,1,0,1,0,1,0
0,0,1,0,0,0,0,0,1,0,0,0,0,0,1,0,0,0,0,0,0,0,1,-1,0,0
0,0,0,1,0,0,0,1,0,1,1,1,0,0,0,0,0,1,1,0,1,1,1,-1,2,0
0,0,0,0,0,0,0,0,1,1,0,1,0,1,0,0,0,0,1,1,0,1,1,0,1,0
0,0,0,0,0,0,0,0,1,1,1,0,0,1,0,0,0,0,1,0,1,1,1,0,1,0
1,1,0,0,0,0,0,0,1,0,0,1,0,0,0,0,0,0,1,0,0,0,1,-1,0,0
0,0,0,0,0,0,0,0,1,1,1,1,0,1,1,0,0,0,1,0,0,0,1,0,0,0
0,0,1,0,0,0,0,0,0,0,0,1,0,0,0,0,0,0,1,0,1,0,0,0,1,0
0,0,0,0,0,1,0,0,1,0,0,1,1,1,0,0,0,1,0,0,0,0,2,0,1,2
1,1,0,0,0,0,0,0,1,0,0,0,0,0,0,0,0,0,1,0,0,0,1,-1,0,0
0,1,1,0,0,0,0,0,1,0,0,1,1,1,1,0,0,0,1,0,0,1,1,0,0,1
0,1,0,0,0,1,0,0,1,0,0,1,1,1,1,0,0,0,0,0,0,0,2,0,0,3
0,0,1,0,0,1,0,0,1,0,0,1,1,1,0,0,0,0,0,0,0,0,2,1,0,2
0,1,1,0,0,0,0,0,1,1,1,1,0,1,1,1,0,0,1,0,0,1,1,0,0,0
0,0,0,0,0,1,0,0,1,0,0,1,1,1,0,1,0,0,0,0,0,0,2,1,0,2
0,0,0,0,0,0,0,0,1,1,1,0,0,1,1,0,0,0,1,0,0,1,1,1,0,0
0,0,1,0,0,0,0,1,0,0,0,0,0,0,0,0,0,1,0,0,0,1,1,-2,1,0
0,0,0,0,0,0,0,0,1,0,1,1,0,1,1,0,0,0,1,0,1,1,1,1,1,0
0,0,1,0,0,0,0,0,1,0,0,1,0,1,0,0,0,0,1,0,0,1,1,1,0,0
0,0,0,0,0,1,0,0,1,0,0,1,0,1,0,0,0,0,1,0,0,0,2,0,0,2
0,0,0,0,0,0,0,0,0,0,0,1,0,0,0,0,0,0,1,0,1,0,0,0,1,0
0,0,0,0,0,0,0,0,1,1,1,1,0,1,1,1,0,0,1,0,0,0,1,-1,0,0
0,0,0,0,1,0,0,0,1,1,1,1,0,1,1,0,0,0,1,0,0,0,1,0,1,0
0,1,1,0,0,1,0,0,1,0,0,1,0,1,1,1,0,0,0,0,0,0,2,1,0,1
0,0,0,0,0,1,0,0,1,0,0,1,1,1,1,1,1,0,0,0,0,0,2,1,0,2
0,0,0,0,0,1,0,0,1,0,0,1,1,1,1,1,0,0,0,0,0,0,2,1,0,2
0,0,1,0,0,0,0,0,1,0,0,1,0,0,1,0,1,0,0,0,1,0,1,0,1,0
0,0,1,0,0,0,0,0,1,1,1,1,0,1,0,0,0,0,1,0,0,1,1,-1,0,0
0,0,1,0,0,0,0,0,1,1,1,0,0,1,1,0,0,0,1,0,0,1,1,-1,0,1
1,0,0,0,0,0,0,0,1,1,1,0,0,0,0,0,0,0,1,0,1,1,1,-2,1,0
0,1,0,0,0,1,0,0,1,0,0,1,1,1,1,0,0,0,0,0,0,0,2,1,0,2
1,0,0,0,0,0,0,0,0,1,1,0,0,0,0,0,0,1,1,0,0,0,0,0,1,0
0,1,0,0,0,0,0,0,1,0,0,1,0,1,0,0,0,0,1,0,0,0,1,1,0,0
0,0,0,1,1,0,0,1,0,1,1,0,0,1,0,0,0,1,1,0,1,1,1,1,3,0
0,0,0,1,0,0,0,0,1,0,0,1,0,0,0,0,0,0,1,0,0,1,1,-1,0,0
0,0,1,0,0,0,0,0,1,0,0,0,0,0,0,0,0,0,1,0,0,0,1,-1,0,0
0,0,1,0,1,0,0,0,1,0,0,1,0,0,0,0,0,1,1,0,1,1,1,0,3,0
0,0,1,0,0,0,0,0,1,1,1,1,0,1,1,0,0,0,1,0,0,0,1,-1,0,0
1,0,0,0,0,0,0,0,1,0,1,0,0,0,0,0,0,0,1,0,0,0,1,0,0,0
0,0,0,0,1,0,0,0,1,0,0,0,0,0,1,0,0,0,1,0,1,0,1,-1,2,0
1,0,0,0,0,0,0,0,1,1,0,0,0,0,0,0,0,0,1,0,1,0,1,0,1,0
0,1,0,0,0,0,0,0,1,1,1,0,0,1,0,0,0,0,1,0,0,1,1,1,0,0
0,0,0,0,0,1,1,0,1,0,0,1,0,1,0,0,0,0,0,0,0,0,3,1,0,1
0,0,0,0,0,0,0,0,1,0,1,0,0,1,1,1,0,0,1,0,0,1,1,1,0,0
0,1,0,0,0,0,0,0,0,0,0,1,0,0,1,1,0,0,0,0,0,1,0,0,0,1
0,0,0,0,0,0,0,0,1,0,1,0,0,0,0,0,0,0,1,0,0,0,1,0,0,0
0,1,0,0,0,0,0,0,1,1,1,0,0,1,1,0,0,0,1,0,0,0,1,0,0,0
0,1,0,0,0,1,0,0,1,0,0,0,1,1,1,1,1,0,0,0,0,0,2,1,0,2
0,0,0,0,0,1,0,0,0,0,0,1,1,1,0,0,0,0,0,0,0,0,1,0,0,2
0,0,0,0,0,0,0,0,1,1,1,0,0,1,1,0,0,1,1,0,0,1,1,-1,1,0
0,1,0,0,0,1,0,0,1,0,0,1,1,0,0,0,0,0,0,0,0,0,2,0,0,2
0,0,0,1,1,0,0,1,0,0,1,1,0,1,0,0,0,1,1,0,1,1,1,1,3,0
0,1,0,0,0,0,0,0,0,1,1,0,0,0,0,0,0,0,1,0,1,1,0,0,1,0
0,0,1,0,0,0,0,1,0,0,0,0,0,1,1,0,0,1,1,0,1,1,1,1,2,0
0,1,0,0,1,0,0,0,1,0,0,0,0,1,0,0,0,0,1,0,1,0,1,1,2,0
0,0,0,0,0,0,0,0,0,0,0,0,0,0,0,0,0,1,0,0,1,1,0,0,2,0
0,0,1,0,0,1,0,0,1,0,0,1,0,1,0,0,0,0,0,0,0,0,2,0,0,1
0,0,1,0,0,0,1,0,1,0,0,1,0,1,0,0,0,0,1,0,0,0,2,0,0,0
0,0,0,0,0,0,0,0,0,1,1,0,0,0,1,0,0,0,1,0,0,0,0,-1,0,0
0,0,0,0,0,0,0,0,1,0,1,0,0,0,0,1,0,0,1,1,0,1,1,-2,1,0
0,0,0,0,0,0,0,0,1,1,0,0,0,1,1,0,0,0,1,0,0,1,1,-1,0,0
0,0,0,0,0,1,0,0,1,0,0,0,0,0,0,0,0,0,1,0,1,0,2,0,1,1
0,0,1,0,0,0,0,0,1,0,0,1,1,1,0,0,1,0,0,0,0,0,1,0,0,1
0,0,1,0,0,0,0,0,1,1,1,0,0,0,1,0,0,0,1,0,1,1,1,-1,1,0
0,0,0,0,0,0,0,0,1,1,1,0,0,0,1,0,0,0,1,0,0,1,1,-2,0,0
0,0,0,0,0,0,0,0,1,0,0,1,0,1,1,0,0,0,1,0,1,0,1,1,1,0
0,1,1,0,0,1,0,0,1,0,0,0,1,1,1,1,0,0,0,0,0,0,2,0,0,2
0,0,0,0,0,0,0,0,1,0,1,1,0,1,0,0,0,0,1,0,0,1,1,0,0,0
0,0,0,0,0,0,0,0,1,0,1,1,0,1,0,0,0,0,1,0,1,1,1,0,1,0
0,0,1,0,0,0,0,0,0,0,0,1,0,0,1,0,0,1,0,0,1,1,0,0,2,1
0,0,0,0,0,0,0,0,1,1,1,1,0,1,1,0,0,0,1,0,0,0,1,1,0,0
0,1,1,0,0,0,0,0,1,1,1,1,0,0,1,0,0,0,1,0,0,0,1,0,0,0
0,0,1,0,0,0,1,0,1,0,0,1,1,1,1,0,0,0,0,0,0,0,2,-1,0,1
0,1,0,0,0,1,0,0,1,0,0,0,0,1,0,1,0,0,0,0,0,1,2,1,0,1
0,1,0,0,0,1,0,0,1,0,0,1,0,1,0,0,0,0,0,0,0,0,2,1,0,1
0,0,1,0,1,0,0,0,0,1,1,0,0,1,1,1,0,0,1,0,1,1,0,1,2,0
0,1,0,0,0,0,0,0,1,1,1,1,0,1,1,0,0,0,1,0,0,1,1,-1,0,0
0,0,1,0,0,0,0,0,1,0,0,1,1,0,1,0,0,0,0,0,0,1,1,-1,0,1
0,1,0,0,0,0,0,0,1,1,1,1,0,1,1,0,0,0,1,0,0,0,1,0,0,0
0,1,1,0,0,0,0,0,0,0,0,0,0,0,0,1,0,0,0,0,1,0,0,0,1,0
0,0,0,0,0,0,0,0,1,1,1,1,0,1,0,0,0,0,1,0,1,0,1,1,1,0
1,0,0,0,0,0,0,0,1,0,0,0,0,1,1,0,0,0,1,0,0,1,1,-1,0,0
0,0,0,0,1,0,0,0,1,0,0,0,0,0,0,0,0,0,1,0,1,0,1,-1,2,0
0,0,1,1,1,0,0,1,0,1,1,0,0,1,0,0,0,1,1,0,1,1,1,1,3,0
0,0,1,0,1,0,0,1,0,0,1,0,0,1,0,0,0,1,1,0,1,1,1,1,3,0
1,0,1,0,0,0,0,0,1,0,0,1,1,1,0,0,0,0,0,0,0,0,1,1,0,1
0,0,1,0,0,0,0,0,0,0,0,0,0,0,0,0,0,1,0,0,1,1,0,0,2,1
0,0,0,0,0,0,0,0,0,1,1,0,0,1,0,0,0,0,1,0,1,1,0,1,1,0
0,1,0,0,0,0,0,0,1,0,0,1,0,1,0,0,0,0,0,0,0,1,1,1,0,0
0,0,0,0,0,0,0,1,0,0,0,0,0,0,1,0,0,0,1,0,1,1,1,0,1,0
1,1,0,0,0,0,0,0,1,0,1,0,0,0,0,0,0,0,1,0,0,1,1,-1,0,0
0,0,1,1,0,0,0,0,1,1,1,0,0,1,1,0,0,0,1,0,1,1,1,0,1,0
0,0,1,0,0,1,0,0,1,0,0,0,0,1,1,0,0,0,0,0,0,0,2,1,0,1
0,0,1,0,1,0,0,0,1,0,0,1,0,0,1,0,0,0,1,0,0,0,1,0,1,0
0,0,1,0,1,0,0,1,0,0,0,0,0,0,0,0,0,1,1,0,1,1,1,0,3,0
1,0,0,0,0,0,0,0,1,0,1,0,0,0,0,0,0,1,1,0,0,1,1,-2,1,0
0,0,0,0,1,0,0,0,1,1,1,0,0,1,0,0,0,0,1,0,1,1,1,0,2,0
0,0,1,0,0,0,0,0,1,0,0,1,0,1,1,1,0,0,1,0,0,0,1,-1,0,0
0,0,1,0,0,0,0,0,1,0,0,1,0,0,0,0,0,0,1,0,1,1,1,0,1,0
0,0,1,0,0,0,0,0,1,0,0,1,1,0,0,1,0,1,0,0,0,1,1,-1,1,1
1,0,0,0,0,0,0,0,1,0,0,1,0,1,1,0,0,0,0,0,0,0,1,0,0,0
0,1,0,0,1,0,0,0,1,1,1,0,0,0,1,1,0,1,1,0,0,1,1,-1,2,0
0,1,1,0,0,0,0,1,0,1,1,1,1,1,0,1,0,1,1,0,1,1,1,1,2,2
0,0,0,0,0,1,0,0,1,0,0,1,0,1,1,0,0,0,0,0,0,0,2,0,0,1
0,0,1,0,0,1,0,0,1,0,0,1,1,1,1,0,0,0,0,0,0,0,2,1,0,4
1,0,0,0,0,0,0,0,1,0,0,0,0,0,0,0,0,0,0,0,1,0,1,0,1,0
0,0,0,0,0,0,0,0,0,0,1,0,0,0,1,0,0,0,1,0,0,1,0,-1,0,0
0,0,0,0,0,0,0,0,1,1,0,1,0,1,1,0,0,0,1,0,0,0,1,0,0,0
0,0,0,1,1,0,0,1,0,1,1,1,0,0,1,0,0,1,1,0,1,1,1,-1,3,0
0,0,1,0,1,0,0,0,1,0,0,0,0,0,1,0,0,0,1,0,0,1,1,-1,1,0
0,1,0,0,0,0,1,0,1,1,1,1,0,1,1,0,0,0,1,0,0,0,2,0,0,0
0,0,0,1,0,0,0,0,0,1,1,0,0,0,1,0,0,1,1,0,0,1,0,0,1,0
0,0,1,0,0,0,0,0,1,0,0,1,0,1,0,0,0,0,1,0,0,1,1,0,0,0
0,0,1,0,0,0,0,0,0,1,1,1,0,0,1,0,0,0,1,0,0,1,0,-1,0,0
0,1,0,0,0,1,0,0,1,0,0,1,1,1,1,0,0,0,0,0,0,0,2,0,0,2
0,0,0,0,0,0,0,0,1,1,1,0,0,0,1,0,0,0,1,0,0,1,1,-1,0,0
0,0,1,0,1,0,0,0,1,1,1,0,0,0,1,0,0,0,1,0,0,1,1,-1,1,0
0,0,1,0,0,1,0,0,1,0,0,1,1,1,1,0,0,0,0,0,0,0,2,0,0,2
0,0,1,1,1,0,0,0,1,0,0,0,0,0,0,0,0,1,1,1,0,1,1,0,3,0
0,0,0,0,0,0,0,1,0,0,0,0,0,1,0,0,0,1,1,0,1,1,1,1,2,0
0,0,0,0,0,0,0,0,1,0,0,1,1,1,1,0,0,0,1,0,0,0,1,1,0,1
0,0,0,0,0,0,0,0,0,1,1,0,0,0,0,0,0,1,1,0,1,1,0,0,2,0
0,0,1,0,0,0,0,0,0,0,0,1,1,1,0,0,0,0,0,0,0,0,0,1,0,1
0,0,0,1,1,0,0,1,0,0,0,1,0,1,0,0,0,0,1,0,0,0,1,-1,1,0
0,0,0,0,0,0,0,0,1,0,0,0,0,1,1,0,0,0,1,0,0,1,1,0,0,0
0,0,0,1,0,0,0,0,0,1,1,0,0,1,0,0,0,0,1,0,0,1,0,0,0,0
0,0,0,0,0,0,0,0,1,0,1,0,0,1,0,0,0,0,1,0,0,1,1,0,0,0
0,0,0,0,0,0,0,0,0,1,1,0,0,1,1,0,0,0,1,0,0,1,0,0,0,0
0,0,1,0,0,0,0,0,1,0,0,1,0,1,1,1,0,0,1,0,0,1,1,1,0,0
0,1,1,0,0,0,0,0,1,0,0,0,0,1,1,0,0,0,1,0,0,0,1,0,0,0
0,1,1,0,0,1,0,0,0,0,0,0,0,1,0,0,0,0,0,0,1,0,1,1,1,1
0,1,1,0,0,0,0,0,1,1,0,1,0,1,1,0,0,0,1,0,0,0,1,-1,0,0
0,0,0,0,0,0,0,0,1,0,0,1,0,1,0,0,0,0,1,0,0,0,1,1,0,0
0,0,1,0,0,0,0,0,1,1,1,0,0,0,1,1,0,0,1,0,0,0,1,-2,0,0
0,0,0,0,0,0,0,1,0,0,1,0,0,0,1,0,0,0,1,0,1,1,1,0,1,0
0,1,1,0,0,1,0,0,1,0,0,1,1,1,0,0,0,0,0,0,0,0,2,0,0,2
0,0,0,0,0,0,0,0,1,0,1,0,0,0,1,0,0,0,1,0,0,0,1,-2,0,0
1,1,0,0,0,0,0,0,0,0,0,0,1,0,0,0,0,0,0,0,1,1,0,-1,1,1
0,0,1,0,0,1,0,0,1,0,0,1,1,1,1,1,0,0,0,0,0,0,2,0,0,3
0,0,1,0,0,0,0,0,1,0,0,1,0,1,0,0,0,0,0,0,0,0,1,1,0,0
0,0,0,1,1,0,0,0,0,1,1,0,0,0,0,0,0,0,1,0,1,1,0,0,2,0
0,0,1,0,0,1,0,0,1,0,0,1,1,1,1,1,1,0,0,0,0,0,2,0,0,2
0,0,0,0,0,0,0,0,1,1,0,0,0,1,1,0,0,0,1,0,0,1,1,0,0,0
0,0,1,1,0,0,0,0,1,1,1,1,0,1,1,0,0,0,1,0,0,1,1,-1,0,0
0,0,0,0,0,0,0,1,0,0,1,1,0,1,0,0,0,0,1,0,1,1,1,1,1,0
0,0,0,0,0,0,0,0,1,0,1,0,0,1,1,0,0,0,1,1,0,1,1,0,1,1
0,0,0,0,0,0,0,0,1,0,1,1,0,1,0,0,0,0,1,1,1,1,1,0,2,0
1,1,0,0,0,0,0,0,1,0,1,0,0,0,0,0,0,0,1,0,1,1,1,0,1,0
0,0,0,0,0,0,0,1,0,0,1,0,0,1,1,0,0,1,1,0,1,1,1,1,2,0
0,1,0,0,0,0,0,0,1,0,0,0,0,0,0,0,0,0,0,0,1,0,1,0,1,0
0,0,0,1,0,0,0,1,0,0,0,1,0,1,0,0,0,1,1,0,1,1,1,0,2,0
0,0,0,0,1,0,0,1,0,1,1,0,0,0,1,0,0,0,1,0,1,1,1,-1,2,0
0,0,0,0,0,1,0,0,1,0,0,1,0,1,1,0,0,0,0,0,0,1,2,1,0,1
0,0,1,0,0,0,0,1,0,1,1,0,0,0,0,0,0,0,1,0,1,1,1,0,1,0
1,0,1,0,0,0,0,1,0,0,0,1,0,0,0,0,0,1,1,0,1,1,1,0,2,0
0,0,0,0,0,1,0,0,1,0,0,0,1,1,0,0,0,0,0,0,1,0,2,1,1,2
1,0,0,0,0,0,0,0,1,0,1,0,0,0,0,0,0,0,1,0,0,0,1,-1,0,0
0,0,1,0,1,0,0,0,1,0,0,1,0,1,0,0,0,0,1,1,0,1,1,1,2,0
0,0,1,0,0,0,0,0,1,1,1,1,0,1,1,0,0,0,1,0,0,1,1,-1,0,0
0,0,0,0,0,0,0,0,1,0,0,1,1,0,0,0,0,0,0,0,0,0,1,-1,0,1
0,0,0,1,0,0,0,0,1,1,1,1,0,1,1,0,0,0,1,0,0,1,1,-1,0,0
0,0,1,0,0,0,0,0,1,0,0,1,0,1,0,0,0,0,0,0,0,1,1,1,0,0
0,0,0,0,0,0,0,1,0,1,1,0,0,0,0,0,0,1,1,0,1,0,1,0,2,0
0,1,0,0,0,1,0,0,1,0,0,1,0,0,1,1,0,0,1,0,0,0,2,-1,0,1
0,0,1,0,0,1,0,0,1,0,0,1,1,1,1,0,0,0,0,0,0,0,2,1,0,2
0,0,1,0,0,0,0,0,1,0,0,1,0,1,1,0,0,0,1,0,0,0,1,1,0,0
0,1,0,0,0,0,0,0,1,0,0,1,0,1,1,0,0,0,0,0,0,0,1,0,0,0
0,0,1,1,0,0,0,0,1,1,1,0,0,0,1,0,0,0,1,0,1,1,1,-1,1,0
0,0,1,0,0,0,0,0,1,0,0,0,0,0,0,0,0,1,0,0,1,1,1,0,2,1
0,0,1,0,0,0,0,0,0,1,0,0,0,1,1,1,0,0,1,0,0,1,0,-1,0,0
0,0,1,0,0,0,0,0,1,0,0,1,0,1,0,0,0,0,1,0,0,1,1,0,0,0
0,0,1,0,0,1,0,0,1,0,0,1,1,1,0,1,1,0,0,0,0,0,2,1,0,3
0,0,1,0,1,0,0,0,1,0,0,1,0,1,0,0,0,0,1,0,1,1,1,1,2,0
0,0,0,0,0,1,0,0,1,0,0,1,1,1,1,0,0,0,0,0,0,0,2,1,0,2
0,0,0,0,0,0,0,0,1,1,1,1,0,1,0,1,0,0,1,0,1,1,1,-1,1,0
0,0,0,0,0,0,1,0,1,1,1,1,0,1,0,0,0,0,1,0,1,0,2,1,1,0
0,0,1,0,1,0,0,0,0,0,0,1,0,1,0,0,0,0,1,0,0,1,0,0,1,0
0,0,1,0,0,1,0,0,1,0,0,0,1,0,0,1,1,0,0,0,0,0,2,0,0,3
0,1,0,0,0,0,0,0,1,0,0,0,0,0,1,1,0,0,1,0,0,0,1,-1,0,0
1,0,1,0,0,0,0,0,0,1,1,0,0,0,0,0,0,0,1,0,0,0,0,0,0,0
0,1,1,0,0,1,0,0,1,0,0,1,0,1,1,0,0,0,0,0,0,0,2,0,0,1
0,1,1,0,0,1,0,0,1,0,0,1,1,0,1,0,1,0,0,0,0,1,2,-1,0,2
0,0,1,0,0,0,0,0,1,1,1,1,0,1,1,0,0,0,1,0,0,1,1,1,0,0
0,1,0,0,0,1,0,0,1,0,0,1,1,1,0,0,0,0,0,0,1,0,2,1,1,2
0,0,0,0,1,0,0,0,1,0,1,0,0,0,1,0,0,0,1,0,1,1,1,0,2,0
0,0,0,0,1,0,0,0,1,0,0,0,0,0,0,0,0,0,1,0,1,0,1,-2,2,0
0,0,0,0,0,0,0,1,0,0,0,0,0,0,0,0,0,0,1,0,1,0,1,-1,1,0
0,0,0,0,0,0,0,0,1,0,1,0,0,1,0,0,0,0,1,0,0,1,1,-1,0,0
0,0,1,1,1,0,0,1,0,0,0,0,0,1,0,0,0,1,1,0,1,1,1,1,3,0
0,1,1,0,1,0,0,0,1,0,0,0,0,1,1,0,0,0,1,0,0,0,1,0,1,0
0,0,1,0,1,0,0,0,1,0,0,1,0,1,1,0,0,0,1,0,0,0,1,-1,1,0
0,0,1,0,0,0,0,0,1,0,0,1,0,0,0,0,0,0,1,0,0,1,1,-1,0,0
1,0,1,0,0,0,0,0,0,0,0,0,0,0,0,0,0,0,0,0,1,0,0,0,1,0
0,0,0,0,0,0,0,0,0,1,1,0,0,0,0,1,0,1,1,0,1,1,0,-1,2,0
1,1,1,0,0,1,0,0,1,0,0,0,0,0,0,0,0,1,0,0,1,1,2,-1,2,1
0,0,0,0,0,0,0,0,1,0,0,1,0,1,1,1,0,1,0,0,0,0,1,0,1,1
0,0,0,0,0,0,0,0,1,0,1,1,0,1,0,0,0,0,1,0,1,1,1,1,1,0
0,1,0,0,0,0,0,0,1,1,1,1,0,1,0,0,0,0,1,0,0,0,1,-1,0,0
0,0,1,0,0,0,0,0,1,0,0,1,0,1,1,0,0,0,1,0,0,0,1,0,0,0
0,0,1,0,0,0,0,0,1,1,1,0,0,1,1,0,0,0,1,0,0,0,1,0,0,0
0,0,1,0,0,0,0,0,1,1,1,1,0,1,1,0,0,0,1,0,1,0,1,1,1,0
0,0,0,0,0,0,0,0,1,0,1,0,0,0,1,0,0,0,1,0,1,1,1,-2,1,0
0,0,1,0,0,0,0,0,1,0,0,0,0,1,0,0,0,1,0,0,0,1,1,1,1,0
0,1,0,0,0,0,0,0,1,0,1,1,0,0,1,1,0,0,1,0,1,0,1,0,1,0
0,0,0,0,0,0,0,0,1,0,0,1,0,1,0,0,0,0,1,0,0,1,1,1,0,0
0,0,0,0,0,0,0,0,1,1,0,1,0,1,0,0,0,0,1,0,0,0,1,1,0,0
0,0,1,0,0,0,0,0,1,1,1,0,0,0,0,0,0,0,1,0,1,0,1,-1,1,0
0,0,0,1,1,0,0,0,1,0,0,1,0,1,0,0,0,0,1,0,1,1,1,1,2,0
0,1,1,0,0,0,0,0,1,0,1,1,0,1,1,0,0,0,1,0,0,1,1,0,0,0
0,0,1,1,0,0,0,1,0,0,1,0,0,0,0,0,0,1,0,0,1,1,1,-1,2,1
0,0,1,0,0,0,0,0,1,0,0,1,0,1,0,0,0,0,1,0,0,1,1,0,0,0
0,0,0,0,0,0,0,0,1,1,1,0,0,1,1,0,0,0,1,0,0,1,1,0,0,0
1,1,0,0,0,0,0,0,1,0,0,0,1,0,0,0,0,0,0,0,0,0,1,0,0,1
0,1,1,0,0,1,0,0,1,0,0,0,0,1,1,0,0,0,0,0,0,0,2,-1,0,1
0,0,1,0,1,0,0,0,1,1,1,0,0,1,0,0,0,0,1,0,0,1,1,-1,1,1
0,0,0,0,0,0,0,0,0,0,0,1,0,1,0,1,0,0,1,0,1,0,0,1,1,0
1,0,1,0,1,0,0,0,1,0,0,1,0,1,0,0,0,0,1,0,0,0,1,0,1,0
0,0,0,0,0,0,0,0,1,0,0,0,0,0,1,0,0,0,1,0,0,1,1,-1,0,0
0,0,1,0,0,1,0,0,1,0,0,1,1,1,1,1,0,0,0,0,0,0,2,0,0,2
0,0,0,1,0,0,0,0,1,1,0,0,0,0,0,0,0,0,1,0,0,0,1,-1,0,0
0,0,0,0,0,1,0,0,1,0,0,0,0,0,1,0,0,0,0,0,0,0,2,-1,0,1
0,0,0,0,0,1,0,0,1,0,0,1,1,1,1,0,0,0,0,0,0,0,2,0,0,2
0,1,1,0,0,1,0,0,1,0,0,1,0,1,0,1,0,0,0,0,0,0,2,1,0,1
0,0,1,0,0,0,0,1,0,1,1,0,0,0,1,0,0,1,1,0,1,1,1,-1,2,0
1,0,0,0,0,0,0,0,0,0,0,0,0,1,0,0,0,0,1,0,0,0,0,1,0,0
0,1,0,0,0,1,0,0,1,0,0,1,1,1,1,0,0,0,0,0,0,0,2,1,0,2
0,0,1,0,0,0,0,0,1,0,0,1,0,0,1,0,1,0,0,0,1,0,1,0,1,0
1,1,0,0,0,0,0,0,1,0,0,0,0,0,0,0,0,0,1,0,0,0,1,0,0,0
0,0,0,0,0,0,0,1,0,1,1,0,0,0,1,0,0,0,1,0,1,1,1,-1,1,0
1,0,0,0,0,0,0,0,0,1,1,0,0,0,0,0,0,0,1,0,1,0,0,0,1,0
0,0,1,0,1,0,0,0,1,0,0,1,0,0,0,0,0,0,1,0,1,1,1,0,2,0
0,1,0,0,0,0,0,0,1,0,1,1,0,1,1,0,0,0,1,0,0,0,1,1,0,0
0,0,0,0,1,0,0,0,1,1,1,1,0,1,1,0,0,0,1,0,1,1,1,1,2,0
0,0,1,1,1,0,0,0,1,0,1,0,0,0,0,0,0,0,1,0,1,1,1,-1,2,0
0,1,0,0,0,0,0,1,0,0,0,1,0,1,0,0,0,0,1,0,1,0,1,1,1,0
1,0,1,0,0,1,0,0,1,0,0,0,0,1,0,0,1,0,0,0,0,0,2,1,0,1
0,0,1,0,1,0,0,0,0,0,1,0,0,1,0,0,0,0,1,0,1,1,0,0,2,0
0,1,1,0,0,1,0,0,1,0,0,1,0,1,1,1,0,0,0,0,0,1,2,1,0,1
0,0,0,0,0,0,0,0,1,1,1,0,0,1,1,0,0,0,1,0,0,1,1,-1,0,0
0,0,1,0,0,0,0,0,0,0,1,0,0,0,1,0,0,1,1,0,1,1,0,0,2,0
0,0,1,0,0,0,0,0,1,0,1,1,0,1,1,0,0,0,1,0,1,1,1,0,1,0
0,1,1,0,0,1,0,0,1,0,0,1,1,1,0,1,0,0,0,0,0,0,2,0,0,3
0,0,1,0,0,0,0,0,1,1,1,1,0,0,0,0,0,0,1,0,0,1,1,-1,0,0
0,0,1,0,0,0,0,0,1,0,0,1,0,1,1,0,0,0,1,0,0,0,1,-1,0,0
0,0,1,0,0,1,0,0,1,0,0,1,0,1,1,1,0,0,0,0,0,1,2,0,0,2
1,1,0,0,0,1,0,0,1,0,1,0,0,0,0,0,0,0,1,0,1,0,2,-1,1,1
0,0,1,0,0,0,0,0,1,1,1,1,0,1,1,0,0,0,1,0,0,1,1,0,0,0
0,0,1,0,0,1,0,0,1,0,0,0,0,0,0,0,0,0,0,0,1,0,2,-1,1,1
0,1,0,0,0,0,0,0,1,0,0,1,0,1,0,0,0,0,1,0,0,0,1,0,0,0
0,0,1,0,0,0,0,0,1,1,1,1,0,1,1,1,0,0,1,0,0,0,1,0,0,0
1,0,0,0,0,0,0,0,1,1,1,0,0,0,0,0,0,0,1,0,0,0,1,0,0,0
0,0,0,0,0,0,0,0,1,0,0,0,0,1,1,0,0,0,1,0,0,1,1,-1,0,0
0,0,1,0,0,0,0,0,1,0,0,1,0,0,1,0,0,0,1,0,0,0,1,-1,0,0
1,0,0,0,0,0,0,0,1,0,0,0,0,0,0,0,0,0,0,0,1,1,1,-1,1,0
0,0,1,0,0,0,0,0,1,0,0,1,0,1,1,0,0,0,1,0,0,0,1,0,0,0
0,0,1,0,0,0,0,0,0,1,1,0,0,1,0,0,0,0,1,0,1,1,0,0,1,0
0,0,1,0,0,0,0,0,1,0,0,1,0,1,1,0,0,0,0,0,0,0,1,1,0,0
0,0,1,0,0,0,0,0,1,0,0,1,0,1,0,0,0,0,1,0,1,0,1,1,1,0
0,0,0,0,0,1,0,0,1,0,0,1,0,1,1,1,0,0,0,0,0,0,2,-1,0,1
0,0,0,1,1,0,0,1,0,0,0,0,0,0,0,0,0,1,1,0,1,1,1,0,3,0
0,0,1,0,0,1,0,0,0,0,0,1,1,1,0,1,0,0,0,0,0,0,1,1,0,2
0,1,0,0,0,0,0,1,0,1,1,1,0,1,0,0,0,1,1,0,1,1,1,0,2,0
0,0,1,0,0,0,0,0,1,0,0,1,0,1,1,0,0,0,1,0,0,0,1,1,0,0
0,0,0,0,0,0,0,0,1,1,1,0,0,0,1,0,0,0,1,0,0,1,1,-2,0,0
0,0,0,0,0,0,0,0,1,0,0,1,0,0,0,0,0,0,0,0,0,1,1,0,0,0
0,0,0,0,0,0,0,1,0,0,0,0,0,0,0,0,0,1,1,0,1,1,1,0,2,0
0,0,1,0,0,1,0,0,1,0,0,0,0,0,1,0,0,0,0,0,0,0,2,-1,0,1
0,1,0,0,0,0,0,0,1,1,1,1,0,1,1,0,0,0,1,0,0,0,1,1,0,0
0,1,1,0,0,0,0,0,1,0,0,0,0,1,1,0,0,0,1,0,0,0,1,0,0,0
0,0,1,0,0,0,0,0,1,0,0,1,0,0,1,0,0,0,1,0,0,0,1,-2,0,0
0,0,1,0,0,0,0,0,1,1,1,1,0,1,1,0,0,0,1,0,0,1,1,0,0,0
0,0,1,0,0,0,0,1,0,0,0,1,0,0,1,0,0,0,1,0,1,1,1,0,1,0
0,0,0,1,0,0,0,0,0,0,0,0,0,1,1,0,0,0,1,0,0,1,0,-1,0,0
1,0,1,0,0,0,0,0,1,0,0,1,0,1,1,0,1,1,1,1,0,1,1,-1,2,0
0,0,1,0,0,1,1,0,1,0,0,1,1,1,1,0,0,0,0,0,0,0,3,0,0,2
0,0,1,0,0,1,0,0,1,0,0,0,0,0,1,0,0,0,0,0,0,1,2,-2,0,1
0,0,1,0,0,0,0,0,0,0,0,1,0,1,0,0,0,0,1,0,0,1,0,1,0,0
0,0,1,0,1,0,0,0,1,0,1,1,0,1,0,0,0,0,1,0,0,1,1,0,1,0
0,0,1,0,0,0,0,0,1,1,1,1,0,1,1,0,0,0,1,0,0,0,1,0,0,0
0,0,0,0,0,0,0,0,0,0,0,0,0,0,0,0,0,0,1,0,1,0,0,0,1,0
0,1,1,0,0,0,0,0,1,0,0,1,0,1,0,0,0,0,1,0,0,0,1,-1,0,0
0,0,0,0,0,1,0,0,1,0,0,1,0,0,0,0,0,0,1,0,1,0,2,0,1,1
0,0,0,0,0,1,0,0,1,0,0,0,0,0,0,0,0,0,0,0,1,1,2,0,1,1
1,0,1,0,0,0,0,0,1,0,1,0,0,0,1,0,0,0,1,0,0,0,1,-1,0,0
1,0,1,0,0,1,0,0,1,0,0,1,1,1,0,0,0,0,0,0,0,0,2,1,0,2
0,0,1,0,0,0,0,1,0,0,0,1,0,1,1,0,0,0,1,0,1,1,1,1,1,0
0,0,1,0,0,0,0,0,0,0,0,0,0,0,0,0,0,0,0,0,0,0,0,0,0,1
1,0,0,0,0,0,0,0,1,0,0,0,0,0,0,0,0,0,0,0,0,0,1,0,0,0
0,0,1,0,0,0,0,0,1,0,1,0,0,1,1,0,0,0,1,0,0,0,1,1,0,0
0,0,0,1,1,0,0,0,1,0,0,0,0,1,1,0,0,0,1,0,1,1,1,1,2,0
0,0,1,0,0,1,0,0,1,0,0,1,1,1,0,0,1,0,0,0,0,0,2,1,0,2
0,1,1,0,0,0,0,0,1,0,0,1,1,1,1,1,1,0,0,0,0,0,1,1,0,1
0,0,1,0,0,0,0,0,1,1,0,0,0,0,1,0,0,0,1,0,1,0,1,-2,1,0
0,0,0,0,0,1,0,0,1,0,0,1,0,1,0,1,0,0,0,0,0,0,2,1,0,1
0,0,1,0,0,0,0,0,1,0,0,1,1,1,1,1,1,0,0,0,0,0,1,0,0,1
0,0,1,0,0,0,0,0,1,0,0,1,0,1,0,0,0,0,1,0,0,1,1,1,0,0
1,0,0,0,0,0,0,0,1,0,0,0,0,0,1,0,0,0,1,0,1,1,1,0,1,0
0,0,0,0,0,1,0,0,1,0,0,1,1,1,1,0,0,0,0,0,0,0,2,-1,0,2
0,0,0,0,0,0,0,0,1,1,1,0,0,0,1,0,0,0,1,0,0,0,1,0,0,0
0,0,0,0,0,0,0,0,1,1,1,0,0,0,0,0,0,0,1,0,1,0,1,0,1,0
1,0,0,0,0,0,0,0,0,1,1,0,0,0,1,0,0,0,1,0,0,0,0,-1,0,0
0,0,1,0,0,0,0,0,0,0,0,0,0,0,0,0,0,1,0,0,1,1,0,-1,2,1
1,0,1,0,0,1,0,0,1,0,0,0,0,1,0,0,1,0,0,0,0,0,2,0,0,1
0,1,1,0,0,0,0,0,1,1,0,1,0,1,1,0,0,0,1,0,0,0,1,1,0,0
0,1,0,0,0,1,0,0,1,1,1,1,0,1,1,0,0,0,1,0,0,1,2,1,0,1
0,0,1,0,0,0,0,0,1,0,0,1,1,1,1,0,0,0,0,0,0,0,1,1,0,1
0,0,0,0,0,0,0,0,1,0,0,1,0,1,1,0,0,0,1,0,0,0,1,0,0,0
1,0,1,0,0,0,0,0,0,0,0,0,0,0,0,0,0,1,0,0,1,1,0,0,2,1
0,0,1,0,0,1,0,0,1,0,0,0,0,1,1,1,0,0,0,0,0,0,2,1,0,1
0,1,1,0,0,1,0,0,1,0,0,1,1,1,1,0,0,0,0,0,0,0,2,1,0,2
0,0,0,0,0,0,0,0,1,0,0,0,0,0,0,0,0,1,0,0,0,0,1,-1,1,0
0,0,0,0,0,0,0,0,1,1,1,1,0,1,1,1,0,0,1,0,0,0,1,1,0,0
0,0,1,0,0,0,0,0,1,0,0,1,1,1,1,0,1,0,0,0,0,0,1,0,0,1
0,0,0,0,0,0,0,0,1,0,0,0,0,0,1,1,0,0,0,0,0,0,1,-1,0,0
0,0,0,1,0,0,0,0,0,1,1,1,0,1,1,0,0,0,1,0,1,1,0,0,1,0
0,0,1,0,0,1,0,0,1,0,0,1,1,1,1,0,0,0,0,0,0,0,2,0,0,3
0,1,0,0,0,1,0,0,1,0,0,1,0,1,1,1,0,0,0,0,0,0,2,1,0,1
0,0,1,0,0,0,0,0,1,0,0,1,0,1,0,0,1,0,0,0,0,0,1,0,0,0
0,0,0,0,1,0,0,0,1,1,1,0,0,0,0,0,0,0,1,0,1,0,1,0,2,0
0,0,1,0,0,0,0,0,1,0,0,1,0,1,0,0,0,0,0,0,1,1,1,1,1,0
0,1,1,0,0,0,0,0,1,0,0,0,0,1,0,0,0,0,1,0,0,0,1,1,0,0
0,0,0,0,0,1,0,0,1,1,0,0,0,1,1,0,0,0,1,0,0,0,2,0,0,1
0,1,1,0,0,0,0,0,1,0,0,1,0,0,0,0,0,0,1,0,1,0,1,0,1,0
0,0,1,0,0,0,0,0,0,1,1,1,0,0,0,0,0,0,1,0,1,1,0,0,1,0
0,0,1,0,0,0,0,0,1,0,0,1,0,0,1,0,0,0,1,0,1,1,1,0,1,0
1,0,0,0,0,0,0,0,1,0,0,0,0,0,0,0,0,0,0,0,1,0,1,0,1,1
0,1,0,0,0,0,0,0,1,1,1,1,0,1,1,0,0,0,1,0,1,0,1,1,1,0
0,0,1,0,0,0,0,0,0,1,1,0,0,0,0,0,0,0,1,0,1,1,0,-1,1,0
0,0,1,1,0,1,0,0,0,0,0,1,0,1,0,0,0,1,0,0,1,1,1,1,2,1
0,1,1,0,0,0,0,1,0,1,1,1,0,0,1,0,0,1,1,0,1,1,1,0,2,0
0,1,0,0,0,1,0,0,1,0,0,1,0,0,0,0,0,0,1,0,0,0,2,-2,0,1
0,0,0,0,0,0,0,0,0,1,1,0,0,1,0,0,0,0,1,0,1,1,0,1,1,0
0,0,1,1,0,0,0,1,0,0,0,1,0,1,0,0,0,1,0,0,1,1,1,1,2,0
0,0,0,0,0,0,0,0,1,0,1,1,0,1,1,0,0,0,1,0,0,0,1,0,0,0
0,0,0,0,0,0,0,0,1,0,0,1,0,1,1,0,0,0,1,0,0,1,1,1,0,0
0,1,1,0,0,0,0,0,1,1,1,1,0,1,1,0,0,0,1,0,0,0,1,0,0,0
0,0,1,0,1,0,0,1,0,1,1,0,0,1,0,0,0,0,1,0,1,1,1,1,2,0
0,1,1,0,0,0,0,0,1,0,0,1,0,1,1,1,0,0,1,0,0,0,1,0,0,0
0,0,1,0,0,1,0,0,1,0,0,1,1,1,0,0,0,1,0,0,0,1,2,1,1,2
0,0,0,0,0,1,0,0,1,0,0,0,0,0,1,0,0,0,0,0,0,0,2,-1,0,1
0,0,1,0,0,0,0,0,1,0,1,1,0,1,1,0,0,0,1,0,1,1,1,0,1,0
1,0,0,0,0,0,0,0,1,0,0,0,0,0,0,0,0,0,1,0,0,1,1,-1,0,0
0,0,0,0,0,0,0,0,1,0,0,0,0,0,0,0,0,0,1,0,1,0,1,0,1,0
0,0,0,1,1,0,0,0,1,0,1,1,0,0,0,0,0,0,1,0,1,1,1,-1,2,0
0,1,1,0,0,1,0,0,1,0,0,1,1,1,0,0,0,0,0,0,0,0,2,0,0,2
0,0,1,0,0,0,0,0,1,0,0,0,0,1,0,0,0,0,0,0,1,0,1,1,1,0
0,0,1,0,0,0,0,0,1,0,0,1,0,1,0,0,0,0,1,0,0,0,1,1,0,0
0,1,1,0,0,0,0,0,1,0,0,1,0,1,0,0,0,0,1,0,0,0,1,1,0,0
0,0,1,0,0,0,0,0,1,0,0,0,0,0,0,0,1,0,0,0,1,0,1,-2,1,0
0,0,0,0,0,0,0,1,0,1,1,1,0,1,0,1,0,1,1,0,1,1,1,1,2,0
1,0,0,0,0,0,0,0,1,0,0,1,0,0,0,0,0,0,1,0,0,1,1,0,0,0
0,0,0,0,0,0,0,1,0,0,1,1,0,0,1,0,0,1,1,0,1,1,1,-1,2,0
0,0,1,1,1,0,0,0,0,0,0,1,0,1,1,0,0,0,1,0,0,1,0,-1,1,0
0,0,1,0,0,0,0,0,1,1,0,1,0,1,0,0,0,0,1,0,1,0,1,1,1,0
0,0,1,0,0,1,0,0,1,0,0,0,0,0,1,0,0,0,0,0,0,0,2,-1,0,1
0,0,1,0,0,0,0,0,1,0,0,1,0,1,1,0,0,0,1,1,0,1,1,0,1,0
0,0,0,0,0,1,0,0,1,0,0,1,0,1,1,1,0,0,1,0,0,0,2,0,0,2
0,0,1,0,0,1,0,0,1,0,0,1,0,1,1,1,0,0,0,0,0,0,2,1,0,1
0,1,0,0,0,0,0,0,1,0,1,1,0,1,1,0,0,0,1,0,0,0,1,1,0,0
0,0,1,0,0,0,0,0,1,0,0,1,0,1,0,0,0,0,0,0,0,0,1,0,0,0
0,0,0,1,0,0,0,1,0,1,1,0,0,0,1,0,0,1,1,0,1,1,1,-1,2,0
0,0,0,0,1,0,0,0,1,0,1,1,0,1,0,0,0,0,1,0,0,1,1,0,1,0
1,1,0,0,0,0,0,0,1,0,0,0,0,0,1,0,0,0,1,0,1,1,1,0,1,0
0,0,0,0,0,0,0,0,0,0,0,1,0,1,1,0,0,0,1,1,0,1,0,0,1,0
0,0,0,1,1,0,0,0,0,0,1,0,0,0,0,0,0,0,1,0,0,1,0,-1,1,0
0,0,1,0,0,0,0,0,1,0,0,1,0,1,0,0,0,0,0,0,0,0,1,-1,0,0
0,1,0,0,0,1,0,0,1,0,1,1,0,1,0,0,0,0,1,0,1,0,2,1,1,1
0,0,1,0,0,0,0,0,1,0,0,1,0,1,0,0,0,0,0,1,0,1,1,0,1,0
0,0,1,0,1,0,0,0,1,1,1,1,0,1,1,0,0,0,1,0,0,0,1,-1,1,0
0,0,0,0,0,0,0,0,1,1,1,0,0,0,1,0,0,0,1,0,1,1,1,0,1,0
0,0,1,0,0,0,0,0,1,0,1,1,0,1,1,0,0,0,1,1,0,1,1,-1,1,0
0,0,0,0,0,0,0,0,1,1,0,1,0,0,1,1,0,0,1,0,0,0,1,-1,0,0
0,1,1,0,0,0,0,0,1,1,1,1,0,1,0,0,0,0,1,0,1,0,1,0,1,0
0,1,0,0,0,0,0,0,1,0,0,0,0,0,0,0,0,0,1,0,1,0,1,0,1,0
0,0,0,0,0,0,0,0,1,0,1,0,0,1,1,0,0,0,1,0,0,1,1,0,0,0
0,1,1,0,0,1,0,0,1,0,0,1,1,1,0,0,0,0,0,0,0,0,2,1,0,2
0,0,1,0,0,0,0,0,1,1,1,0,0,0,1,1,0,0,1,0,0,1,1,-1,0,0
0,1,1,0,0,0,0,0,1,0,0,0,0,0,1,0,0,0,1,0,0,1,1,-2,0,0
0,0,0,0,0,0,0,0,0,1,1,0,0,1,0,0,0,0,1,0,1,0,0,0,1,0
0,0,0,0,0,0,0,0,1,0,0,0,0,0,0,0,0,0,0,0,1,0,1,0,1,0
0,1,1,0,0,0,0,1,0,1,0,1,0,1,1,0,0,1,1,0,0,1,1,0,1,0
0,0,0,0,1,0,0,0,0,0,0,1,0,1,0,0,0,1,1,0,0,1,0,1,2,0
0,1,1,0,0,0,0,0,1,1,1,1,0,1,1,0,0,0,1,0,0,0,1,0,0,0
0,0,0,0,0,0,0,1,0,1,0,0,0,1,1,0,0,0,1,0,1,1,1,1,1,0
0,0,0,1,1,0,0,0,1,0,0,1,0,1,0,0,0,0,1,0,1,1,1,1,2,0
0,0,1,0,0,0,0,0,0,1,1,0,0,0,0,0,0,0,1,0,1,1,0,-1,1,0
0,1,1,0,0,0,0,0,1,0,0,1,0,1,0,0,0,0,1,0,0,0,1,0,0,0
0,1,0,0,0,1,0,0,1,0,0,1,0,1,1,1,0,0,1,0,0,0,2,1,0,2
0,0,1,0,0,0,0,1,0,1,1,0,0,1,0,0,0,0,1,0,1,1,1,1,1,0
1,0,0,0,0,0,0,1,0,0,0,0,0,0,0,0,0,0,0,0,1,0,1,0,1,1
0,0,0,0,0,0,0,0,1,1,1,1,0,0,1,0,0,0,1,0,1,1,1,-1,1,0
0,0,0,0,0,0,0,0,1,1,1,1,0,1,1,1,0,0,1,0,0,1,1,1,0,0
0,1,0,0,0,0,0,0,0,1,1,1,0,1,0,0,1,0,1,0,0,0,0,1,0,0
0,0,0,1,1,0,0,1,0,1,1,0,0,0,1,0,0,1,1,0,1,1,1,-1,3,0
0,0,0,0,0,0,0,0,1,0,0,1,1,1,0,0,0,0,0,0,0,0,1,0,0,1
0,0,0,0,0,0,0,0,1,0,0,1,0,1,1,0,0,0,0,0,0,1,1,1,0,1
0,0,0,0,0,1,0,0,1,0,0,1,0,1,0,0,0,0,0,0,0,0,2,0,0,1
0,0,0,0,0,0,0,0,1,1,1,0,0,1,1,0,0,0,1,0,0,1,1,0,0,0
0,1,1,0,0,0,0,0,1,1,1,1,0,1,0,0,0,0,1,0,0,0,1,0,0,0
0,0,0,0,1,0,0,0,1,1,1,0,0,1,1,0,0,0,1,0,0,0,1,1,1,0
0,1,0,0,0,0,0,0,1,0,0,1,0,0,1,0,0,0,1,0,1,0,1,0,1,0
0,0,0,0,0,0,0,0,0,0,0,1,0,1,0,1,0,0,0,0,1,1,0,1,1,0
0,1,1,0,0,1,0,0,1,0,0,1,1,1,0,1,0,0,0,0,0,0,2,1,0,2
0,0,0,1,1,0,0,1,0,0,0,1,0,0,0,0,0,1,1,0,1,0,1,-1,3,0
0,0,0,0,0,0,0,0,1,0,1,0,0,0,1,0,0,0,1,0,0,0,1,-1,0,0
0,0,0,0,1,0,0,0,1,0,1,0,0,0,1,1,0,0,1,0,1,1,1,-1,2,0
0,0,0,0,0,0,0,1,0,0,0,0,0,0,1,0,0,1,1,0,1,1,1,0,2,0
0,1,0,0,0,1,0,0,1,0,0,1,1,1,1,1,0,0,0,0,0,0,2,-1,0,2
0,0,0,0,0,0,0,0,1,1,0,1,0,1,0,0,0,0,0,0,1,0,1,1,1,0
0,0,0,0,0,0,0,0,0,0,0,0,0,1,0,0,0,0,0,0,1,0,0,1,1,0
0,0,0,0,0,0,0,0,1,0,0,1,1,1,0,0,0,0,0,0,0,0,1,1,0,1
0,0,1,0,0,0,0,0,1,0,0,1,0,1,1,1,0,0,1,0,0,0,1,0,0,0
0,1,0,0,0,1,0,1,0,0,0,1,0,1,0,1,0,0,1,0,0,0,2,0,0,1
0,0,1,1,0,0,0,0,1,1,1,1,0,1,1,0,0,0,1,0,0,0,1,0,0,0
0,0,1,0,1,0,0,0,1,1,1,0,0,0,1,0,0,0,1,0,0,1,1,-1,1,0
1,0,0,0,0,0,0,0,1,1,0,0,0,0,0,0,0,0,1,0,0,0,1,-1,0,0
0,1,0,0,0,0,0,0,1,0,0,1,0,1,0,1,0,0,0,0,0,0,1,0,0,0
0,0,0,0,0,1,0,0,1,0,0,1,0,1,1,0,0,0,0,0,0,0,2,1,0,1
0,0,1,0,0,1,0,0,1,0,0,1,0,0,1,0,0,0,0,0,0,1,2,0,0,2
0,0,1,1,0,0,0,0,1,0,1,0,0,0,1,0,0,1,1,0,0,1,1,-1,1,0
0,0,1,0,0,0,0,0,1,1,1,0,0,1,0,0,0,0,1,0,0,1,1,0,0,0
0,0,0,1,0,0,0,0,0,0,0,0,0,1,1,0,0,0,1,0,0,0,0,-1,0,0
0,0,1,1,0,0,0,0,1,0,0,1,0,1,1,0,0,0,1,0,0,1,1,0,0,0
0,1,0,0,0,0,0,0,1,1,1,1,0,1,1,0,0,0,1,0,1,1,1,0,1,0
1,0,1,0,0,1,0,0,1,0,0,0,0,1,0,0,0,1,0,0,1,0,2,1,2,1
0,0,1,0,0,0,0,0,1,1,0,1,0,1,0,0,0,0,1,0,1,0,1,1,1,0
0,0,0,0,0,0,0,0,1,0,0,1,0,0,0,0,0,0,1,0,0,0,1,-1,0,0
0,1,0,0,0,0,0,0,1,0,0,1,0,1,0,0,0,0,0,0,1,0,1,1,1,0
0,1,0,0,1,0,0,0,1,0,1,0,0,1,0,0,0,0,1,0,0,0,1,0,1,0
0,0,1,0,0,0,0,1,0,0,0,1,0,1,0,0,0,0,1,0,0,0,1,1,0,0
0,0,1,0,0,1,0,0,1,0,0,1,0,0,1,0,0,0,1,0,1,0,2,0,1,1
0,1,0,0,0,0,0,0,1,0,0,0,0,0,1,0,0,0,1,0,0,0,1,-1,0,0
0,0,1,0,1,0,0,0,1,0,0,1,1,1,1,0,0,0,1,0,0,0,1,0,1,1
0,0,0,1,0,0,0,0,1,1,1,1,0,1,0,0,0,0,1,0,1,0,1,1,1,0
0,0,1,0,0,0,0,0,1,0,0,1,0,1,1,0,0,0,1,0,0,1,1,1,0,1
0,0,0,0,1,0,0,0,0,0,0,1,0,0,0,0,0,1,1,0,0,1,0,0,2,0
0,1,0,0,0,0,0,0,1,1,1,1,0,0,0,0,0,0,1,0,0,0,1,-2,0,0
0,0,0,0,0,0,0,0,1,0,0,1,1,1,1,1,0,0,1,0,0,0,1,1,0,1
0,0,1,0,0,0,0,0,1,1,1,0,0,1,1,0,0,0,1,0,0,1,1,0,0,0
0,0,1,0,0,1,0,0,1,0,0,0,0,1,1,0,0,0,0,0,0,0,2,1,0,1
0,0,0,0,0,0,0,0,1,0,0,1,0,1,1,1,0,0,0,0,0,0,1,1,0,0
0,0,0,0,0,0,0,0,1,1,1,1,0,1,1,0,0,0,1,0,1,0,1,1,1,0
0,0,0,0,0,0,0,0,1,0,1,0,0,1,1,1,0,0,1,0,0,1,1,0,0,1
0,0,1,0,0,0,0,0,1,0,0,1,0,0,0,0,0,1,1,0,0,1,1,0,1,0
0,0,1,0,0,0,0,0,0,1,1,1,0,1,1,0,0,0,1,0,0,1,0,0,0,0
0,1,1,0,0,0,0,0,1,0,0,1,1,1,1,0,1,0,0,0,0,0,1,1,0,1
1,0,0,1,0,0,0,0,0,0,0,0,0,0,0,0,0,0,1,0,0,1,0,0,0,0
1,0,1,0,0,0,0,0,1,1,1,0,0,0,1,0,0,0,1,0,0,0,1,-1,0,1
0,0,1,0,0,0,0,0,1,0,0,1,0,1,1,0,0,0,1,0,1,1,1,1,1,0
0,0,0,0,0,0,1,0,1,0,0,1,0,1,1,0,0,0,1,0,0,0,2,1,0,0
0,1,0,0,0,0,0,0,1,0,0,0,0,0,0,0,0,0,1,0,0,0,1,-1,0,0
0,0,1,0,0,1,0,0,1,0,0,1,0,1,0,0,0,0,0,0,0,0,2,1,0,1
0,0,0,0,0,1,0,0,1,0,0,0,0,1,0,0,0,0,0,0,1,0,2,1,1,1
0,0,0,0,1,0,0,0,1,0,0,0,0,0,1,0,0,0,1,0,0,1,1,0,1,0
0,0,1,0,1,0,0,0,0,0,0,1,0,1,1,0,0,0,1,0,0,1,0,1,1,0
0,0,0,0,0,0,0,0,1,0,0,0,0,0,0,0,0,0,0,0,0,0,1,-1,0,0
0,0,0,0,0,0,0,0,0,0,1,1,0,0,0,1,0,0,1,0,1,0,0,0,1,0
0,0,0,0,0,0,0,0,1,1,1,0,0,1,1,0,0,0,1,0,1,1,1,1,1,0
1,0,1,0,0,0,0,0,1,0,0,0,0,0,0,0,0,1,0,0,0,0,1,-1,1,1
0,0,1,0,0,1,0,0,0,0,0,1,1,1,1,0,0,0,0,0,0,0,1,1,0,2
0,0,0,1,1,0,0,1,0,0,0,1,0,1,1,0,0,1,1,0,1,1,1,1,3,0
0,0,1,0,0,0,0,0,1,0,0,0,0,1,1,0,0,0,1,1,0,1,1,0,1,0
0,0,1,0,0,0,0,0,1,0,0,0,0,0,0,0,0,0,1,0,1,1,1,0,1,0
0,1,0,0,0,1,0,0,1,0,0,0,0,1,1,0,0,0,0,0,0,0,2,0,0,2
0,0,0,0,0,0,0,0,1,0,1,1,0,1,1,0,0,0,1,0,0,1,1,1,0,0
0,0,1,0,0,0,0,1,0,0,0,0,0,0,0,0,0,1,0,0,1,1,1,-1,2,1
0,1,0,0,0,1,0,0,1,1,1,1,0,1,1,0,1,0,1,0,0,0,2,0,0,1
0,0,1,0,0,0,0,0,1,0,0,1,0,1,1,0,0,0,1,0,0,1,1,-1,0,0
0,0,0,0,0,0,0,1,0,1,1,1,0,1,0,0,0,1,1,0,1,1,1,0,2,0
0,1,0,0,0,0,0,0,1,1,1,1,0,1,1,0,0,0,1,0,1,0,1,1,1,0
0,0,0,0,0,0,0,0,0,0,0,0,0,0,0,0,0,1,0,0,1,1,0,0,2,1
0,0,0,0,0,0,0,0,1,1,1,1,0,1,0,1,0,0,1,0,0,0,1,0,0,0
0,0,1,0,0,0,0,0,1,1,1,1,0,1,1,0,0,0,1,0,1,1,1,0,1,0
0,1,1,0,0,0,0,0,1,1,1,1,1,1,1,0,0,0,1,0,1,1,1,0,1,1
0,0,0,0,0,0,0,0,1,0,1,1,0,0,0,0,0,1,1,0,1,1,1,0,2,0
0,0,0,0,1,0,0,0,1,1,1,1,0,1,0,0,0,0,1,0,1,1,1,0,2,0
0,0,0,0,0,0,0,1,0,0,0,0,0,1,0,0,0,1,1,0,1,1,1,1,2,0
0,0,1,1,0,0,0,0,1,1,1,1,0,1,1,0,0,0,1,0,0,1,1,0,0,0
0,0,1,0,0,0,0,0,1,1,0,0,0,0,0,0,0,0,1,0,0,0,1,-1,0,1
0,0,1,0,0,0,0,0,0,0,0,1,0,0,0,0,0,0,1,0,1,0,0,0,1,0
0,0,1,1,0,0,0,0,0,0,0,1,0,1,1,0,0,0,1,0,0,1,0,1,0,0
0,1,1,0,0,1,0,0,1,0,0,1,1,1,0,0,0,0,0,0,0,0,2,0,0,2
0,0,1,0,0,0,0,0,1,0,0,1,1,1,1,1,1,0,0,0,0,0,1,1,0,2
0,0,1,0,0,0,0,0,0,0,0,1,0,0,1,0,0,0,1,0,0,1,0,-1,0,1
0,0,0,0,1,0,0,0,0,0,0,1,0,1,0,0,0,0,1,0,0,1,0,0,1,0
0,1,1,0,0,1,0,0,1,0,0,1,1,1,1,1,0,0,0,0,0,0,2,-1,0,2
0,0,1,0,0,0,0,0,1,0,0,0,0,0,1,0,0,0,0,0,0,0,1,-1,0,1
0,0,0,0,0,0,0,0,0,0,1,0,0,0,0,0,0,1,1,0,1,1,0,0,2,0
0,0,0,0,0,0,0,0,1,0,1,1,0,1,0,0,0,0,1,0,1,1,1,0,1,0
0,0,1,0,0,0,0,0,1,0,0,1,0,1,0,0,0,0,1,0,0,1,1,0,0,0
0,0,0,0,0,0,0,0,1,0,0,1,0,1,0,0,0,0,1,0,1,1,1,0,1,0
0,0,1,0,0,1,0,0,1,0,0,1,0,1,0,0,0,0,0,0,0,0,2,1,0,2
0,0,0,0,0,0,0,0,1,0,0,1,0,1,1,1,0,0,1,0,0,0,1,1,0,0
1,0,1,0,0,0,0,0,1,1,1,0,0,0,0,0,0,0,1,0,0,1,1,-1,0,0
1,1,0,0,0,1,0,0,1,0,0,0,0,0,0,0,0,0,0,0,1,0,2,0,1,1
0,0,0,0,0,1,0,0,1,0,0,1,0,0,1,0,0,0,0,0,0,0,2,0,0,1
0,0,0,0,0,0,0,0,1,0,1,1,0,1,0,0,0,0,1,0,0,1,1,1,0,0
0,1,1,0,0,0,0,1,0,1,1,1,0,1,0,0,0,0,1,0,0,1,1,0,0,0
0,0,1,0,0,0,0,0,1,0,0,1,0,1,1,0,0,0,1,0,1,0,1,0,1,0
0,0,0,0,0,0,0,0,1,0,0,1,0,1,0,0,0,0,0,0,0,0,1,1,0,0
0,0,1,0,0,0,0,0,1,0,1,1,1,1,1,0,0,0,1,0,0,0,1,0,0,1
0,0,0,0,0,0,0,0,1,1,1,0,0,1,1,0,0,0,1,0,1,0,1,1,1,0
0,0,1,1,0,0,0,0,1,0,0,1,0,1,1,0,0,0,1,0,0,0,1,1,0,0
0,1,0,0,0,0,0,0,1,1,0,1,0,1,0,0,0,0,1,0,0,0,1,1,0,0
0,0,0,0,0,0,0,0,1,1,0,1,0,1,1,0,0,0,1,0,0,1,1,0,0,1
0,0,0,0,0,1,0,0,1,0,0,1,0,1,1,0,0,0,0,0,0,0,2,1,0,2
0,1,1,0,0,0,0,0,1,0,0,1,1,1,1,0,0,0,0,0,0,0,1,0,0,1
0,0,1,0,0,0,0,1,0,0,0,1,0,1,0,0,0,1,0,0,1,1,1,1,2,0
0,0,0,1,0,0,0,0,1,1,1,0,0,1,0,0,0,0,1,0,1,1,1,0,1,0
0,0,1,0,0,0,1,0,1,0,0,1,0,1,0,0,0,0,1,0,0,1,2,0,0,0
0,0,0,0,0,0,0,0,1,0,0,0,0,0,0,0,0,1,1,0,1,0,1,0,2,0
1,0,1,0,0,0,0,0,1,0,0,0,0,0,0,0,0,0,0,0,1,0,1,0,1,0
0,0,1,0,0,0,0,0,1,0,0,1,0,1,0,0,0,0,1,0,0,1,1,-1,0,0
0,0,1,0,0,0,0,0,1,1,0,1,0,1,1,0,0,0,1,0,1,1,1,1,1,0
0,0,1,0,0,0,0,0,1,1,1,0,0,0,1,0,0,0,1,0,0,1,1,-1,0,0
0,0,1,0,0,0,0,0,1,0,0,0,0,0,0,0,1,0,0,0,1,0,1,0,1,0
0,1,0,0,0,1,0,0,1,0,0,0,0,1,0,0,0,0,0,0,1,0,2,1,1,1
0,1,1,0,0,0,0,0,1,0,0,1,0,1,1,0,0,0,1,0,1,1,1,1,1,0
0,0,1,0,1,0,0,0,1,0,0,0,0,0,0,0,0,1,0,1,1,1,1,0,4,0
0,0,1,0,0,0,0,0,1,1,1,1,0,1,1,0,0,0,1,0,1,1,1,1,1,0
0,0,0,0,0,1,0,0,1,0,0,1,0,1,1,0,0,0,0,0,0,0,2,1,0,1
1,0,1,1,0,0,0,0,0,0,0,0,0,0,0,0,0,1,1,0,0,1,0,0,1,0
0,0,0,0,0,0,0,1,0,0,0,1,0,1,0,0,0,1,1,0,1,1,1,0,2,0
0,1,0,0,0,1,0,0,1,0,0,1,1,1,1,0,0,0,0,0,0,0,2,0,0,2
0,1,1,0,0,0,0,0,1,1,0,1,0,1,1,0,0,0,1,0,0,0,1,0,0,0
0,0,1,0,0,0,0,0,0,1,1,1,0,1,0,0,0,0,1,0,0,1,0,0,0,0
0,1,0,0,0,1,0,0,1,0,0,1,1,1,1,0,0,0,0,0,0,0,2,0,0,2
1,0,0,0,0,0,0,0,1,0,0,0,1,0,0,0,0,0,0,0,1,0,1,0,1,1
0,0,0,0,0,0,0,0,1,1,1,0,0,1,0,0,0,0,1,0,0,1,1,0,0,0
1,0,0,0,1,0,0,0,1,0,1,0,0,0,0,0,0,0,1,0,0,1,1,-2,1,0
0,0,0,0,1,0,0,1,0,0,1,0,0,0,0,0,0,1,1,0,1,1,1,-1,3,0
0,1,0,0,0,0,0,0,1,1,1,1,0,1,0,0,0,0,1,0,1,1,1,1,1,0
1,0,1,0,0,0,0,0,1,1,1,0,0,1,0,0,0,0,1,0,1,0,1,0,1,0
0,0,0,0,0,0,0,0,1,1,1,1,0,1,1,0,0,0,1,0,1,0,1,-1,1,0
0,0,0,0,0,0,0,0,1,1,1,0,0,0,0,0,0,0,1,0,0,1,1,-1,0,0
0,1,1,0,0,0,0,0,1,1,1,1,0,1,0,0,0,0,1,0,0,0,1,0,0,0
0,0,0,0,0,1,0,0,1,0,0,1,0,1,0,0,0,0,0,0,0,0,2,1,0,1
0,1,0,0,0,1,0,0,1,0,0,0,0,0,1,0,0,0,0,0,0,0,2,-2,0,1
0,0,0,0,0,1,0,0,0,0,0,0,0,0,0,0,0,0,0,0,0,0,1,-1,0,1
0,0,1,0,0,0,0,0,1,0,1,0,0,0,1,0,0,0,1,0,0,1,1,-1,0,0
0,0,0,0,0,0,0,0,1,1,0,0,0,1,0,0,0,0,1,0,0,1,1,0,0,0
0,0,1,0,0,1,0,0,1,0,0,1,1,1,1,0,1,0,0,0,0,0,2,0,0,2
0,1,0,0,0,0,0,0,0,0,1,1,0,1,0,0,0,0,1,0,0,0,0,-1,0,0
0,1,1,0,0,0,0,0,1,1,1,1,0,1,0,0,0,0,1,0,0,1,1,0,0,0
0,1,0,0,0,1,0,0,1,0,0,1,1,1,1,0,0,0,0,0,0,0,2,0,0,2
0,0,1,0,0,0,0,0,1,0,0,0,0,1,0,0,0,0,1,0,1,0,1,0,1,0
0,1,0,0,0,1,0,0,1,0,0,1,1,1,1,0,0,0,0,0,0,0,2,0,0,2
0,1,0,0,0,0,0,0,1,0,0,1,0,1,1,0,0,0,1,0,0,1,1,0,0,0
0,0,1,0,0,0,0,0,1,0,0,1,0,1,0,0,0,0,1,0,1,0,1,1,1,0
1,0,1,0,0,0,0,0,1,0,0,1,0,0,0,0,0,0,0,0,0,0,1,-1,0,0
0,0,1,0,0,0,0,0,1,0,0,1,0,1,0,0,0,0,1,0,0,1,1,1,0,0
0,0,0,0,0,0,0,0,0,0,0,1,0,1,0,0,0,1,1,0,1,1,0,1,2,0
0,0,0,0,0,1,0,0,1,0,0,0,0,1,0,0,0,0,0,0,0,1,2,1,0,2
0,0,1,0,0,0,0,1,0,1,1,0,0,1,1,0,0,0,1,0,1,1,1,0,1,0
0,0,0,0,0,0,0,0,1,1,1,1,1,1,1,0,0,0,1,0,0,0,1,0,0,1
0,0,1,0,0,0,0,0,1,0,0,1,0,1,1,0,0,0,1,0,0,1,1,0,0,1
0,1,0,0,0,0,0,0,1,1,1,0,0,1,1,0,0,0,1,0,0,1,1,0,0,0
0,0,1,0,0,0,0,0,1,1,1,1,0,1,1,0,0,0,1,0,0,1,1,1,0,0
0,0,1,1,0,1,0,1,0,0,0,0,0,1,0,0,0,1,0,0,1,1,2,1,2,1
0,1,0,0,0,0,0,0,0,0,0,1,0,1,1,1,0,0,1,0,0,0,0,1,0,0
0,1,0,0,0,0,0,0,1,0,0,0,0,1,0,0,0,0,0,0,0,0,1,1,0,0
0,0,1,0,1,0,0,0,1,0,0,1,0,1,1,0,0,0,1,0,0,1,1,-1,1,0
1,0,0,0,0,0,0,0,1,0,1,0,0,0,0,0,0,1,1,0,0,1,1,-1,1,0
0,0,1,0,0,0,0,0,1,1,1,1,0,1,1,0,0,0,1,0,0,1,1,-1,0,0
1,0,1,0,1,0,0,0,1,0,0,1,0,0,0,0,0,0,1,0,0,0,1,0,1,0
0,1,1,0,0,0,0,0,1,0,0,0,0,1,1,0,0,0,1,0,0,0,1,0,0,0
0,1,0,0,0,0,0,0,1,1,1,1,0,1,0,0,0,0,1,0,1,0,1,1,1,0
0,1,0,0,0,0,0,0,1,1,1,1,0,1,1,0,0,0,1,0,0,1,1,0,0,0
0,1,0,0,0,0,0,0,1,1,1,0,0,1,0,0,0,0,1,0,0,1,1,0,0,0
0,0,1,0,0,0,0,0,0,0,0,1,0,0,1,0,0,0,1,0,0,1,0,0,0,0
0,1,1,0,0,1,0,0,1,0,0,1,1,1,0,1,1,0,0,0,0,0,2,0,0,2
0,1,0,0,0,1,0,0,1,0,0,1,1,1,1,1,1,0,0,0,0,0,2,0,0,3
0,1,0,0,0,0,0,0,1,1,1,1,0,1,1,0,0,0,1,0,0,1,1,0,0,1
0,1,0,0,0,0,0,0,1,0,1,1,0,1,1,0,0,0,1,0,1,0,1,1,1,0
0,0,0,0,0,0,0,0,1,1,1,0,0,0,1,0,0,1,1,0,0,1,1,-1,1,0
0,0,0,0,0,0,0,0,1,0,1,0,0,1,0,0,0,0,1,0,1,1,1,1,1,0
1,1,1,0,0,0,0,0,1,0,0,1,0,0,1,0,0,0,1,0,0,0,1,-1,0,0
1,0,0,0,0,1,0,0,1,0,0,0,0,1,0,0,0,0,0,0,0,0,2,1,0,1
1,0,0,0,0,0,0,0,1,0,0,1,0,0,1,0,0,0,1,0,1,1,1,0,1,0
0,0,1,0,0,0,0,0,1,0,0,1,0,0,1,0,0,0,1,0,0,0,1,-2,0,0
0,0,1,0,1,0,0,1,0,0,0,1,0,1,1,0,0,0,1,0,0,0,1,0,1,0
0,0,1,0,0,0,0,1,0,0,1,0,0,0,0,0,0,1,1,0,1,1,1,0,2,0
0,0,0,0,0,0,0,0,1,1,1,0,0,1,1,0,0,0,1,0,0,1,1,0,0,0
0,1,0,0,0,1,0,0,1,0,0,0,0,1,1,0,0,0,0,0,0,0,2,1,0,1
0,0,1,0,1,0,0,0,1,1,1,0,0,1,1,1,0,0,1,0,0,1,1,0,1,0
0,0,0,0,0,0,1,0,1,1,1,1,0,1,1,0,0,0,1,0,0,1,2,0,0,0
0,0,0,0,0,0,0,0,0,1,1,1,0,1,1,1,0,0,1,0,1,1,0,1,1,0
0,0,0,0,0,0,0,0,1,1,1,0,0,0,1,0,0,0,1,0,0,1,1,0,0,0
1,0,1,0,0,0,0,0,1,1,1,1,0,0,0,0,0,0,1,0,1,0,1,-1,1,0
0,0,0,0,0,0,0,1,0,1,1,1,0,0,0,0,0,1,1,0,0,1,1,-1,1,0
0,0,0,0,0,0,0,0,1,0,0,1,0,1,0,0,0,0,1,0,0,0,1,1,0,0
0,1,0,0,0,1,0,0,1,0,0,1,0,1,1,0,0,0,0,0,0,1,2,0,0,1
0,1,1,0,0,1,0,0,1,0,0,1,1,1,0,1,1,0,0,0,0,0,2,0,0,2
0,0,1,0,0,0,0,0,1,0,0,0,0,0,1,0,0,0,1,0,0,1,1,-2,0,0
0,0,0,1,0,0,0,1,0,1,1,0,0,0,0,0,0,1,1,0,1,1,1,-1,2,0
0,0,0,0,0,0,0,0,1,0,0,1,1,1,1,1,0,0,0,0,0,0,1,1,0,1
0,0,1,0,0,0,0,0,1,0,0,1,0,1,1,1,0,0,0,0,0,0,1,1,0,0
0,0,1,0,0,0,0,0,1,1,1,0,0,0,1,0,0,0,1,0,1,1,1,0,1,0
0,0,0,0,0,1,0,0,1,0,0,1,1,1,1,0,0,0,0,0,0,0,2,1,0,2
0,1,0,0,0,0,0,0,1,0,0,1,1,1,1,0,0,0,1,0,0,0,1,1,0,1
0,0,0,0,0,0,0,0,1,0,1,1,0,1,1,0,0,0,1,0,0,1,1,0,0,0
0,0,1,0,0,0,0,0,0,0,0,1,1,0,1,1,0,0,0,0,0,0,0,-1,0,2
0,0,1,0,0,0,0,0,1,0,0,1,0,1,0,0,0,0,1,0,0,1,1,1,0,0
1,0,0,1,0,0,0,0,0,0,0,0,0,0,0,0,0,0,0,0,0,1,0,0,0,0
0,1,1,0,0,0,0,0,1,1,1,0,0,1,0,0,0,0,1,0,1,1,1,1,1,0
0,0,1,0,0,0,0,0,1,0,0,1,0,1,1,0,0,0,0,0,0,0,1,-1,0,0
0,0,0,0,0,0,0,0,1,1,1,1,0,1,0,0,0,0,1,0,0,1,1,0,0,0
0,0,0,0,0,1,0,0,1,0,0,1,1,1,1,0,0,0,0,0,0,0,2,1,0,3
0,0,0,1,0,0,0,0,1,0,0,0,0,0,0,0,0,0,0,0,1,0,1,0,1,0
0,0,1,0,0,0,0,0,1,0,0,0,0,1,1,0,0,0,0,0,0,0,1,0,0,0
0,0,0,1,1,0,0,1,0,1,1,0,0,0,0,0,0,1,1,0,1,1,1,-1,3,0
0,0,0,0,0,0,0,1,0,0,1,1,0,1,0,0,0,0,1,0,1,1,1,1,1,0
0,1,1,0,0,0,0,0,1,1,0,1,0,1,1,0,0,0,1,0,0,0,1,1,0,0
0,0,1,0,0,0,0,0,1,0,0,0,0,0,1,1,0,0,1,0,0,0,1,-2,0,0
0,1,1,0,0,1,0,0,1,0,0,1,1,1,1,0,1,0,0,0,0,1,2,0,0,2
0,0,1,0,0,0,0,0,1,0,0,0,0,1,0,0,0,0,1,0,0,0,1,0,0,0
0,0,0,0,0,0,0,1,0,0,0,0,0,0,0,0,0,0,1,0,1,0,1,-1,1,0
0,0,1,0,0,0,0,0,1,0,0,1,0,1,0,0,0,0,0,0,0,1,1,1,0,1
0,0,1,0,0,0,0,0,1,0,0,1,0,1,1,0,0,0,1,0,0,0,1,1,0,0
0,1,0,0,0,1,0,0,1,0,0,0,1,1,0,0,0,0,0,0,0,0,2,1,0,2
0,0,1,0,0,0,0,0,1,1,1,1,0,1,1,0,0,0,1,0,0,1,1,1,0,0
0,0,1,0,0,0,0,0,1,0,0,1,0,0,0,0,0,0,1,1,0,1,1,0,1,0
0,1,1,0,0,0,0,0,1,0,0,1,0,1,0,0,0,0,1,0,1,1,1,1,1,0
0,0,0,0,0,0,0,0,1,1,1,0,0,0,0,0,0,0,1,0,1,1,1,0,1,0
0,0,1,0,0,0,0,0,1,0,1,0,0,1,1,0,0,0,1,0,1,1,1,1,1,0
0,0,1,0,0,0,0,0,0,1,1,0,0,0,0,0,0,1,1,0,1,1,0,0,2,0
0,0,0,0,0,1,0,0,1,1,1,1,0,1,1,1,0,0,1,0,0,0,2,0,0,1
0,0,0,0,0,1,0,0,1,0,0,1,0,1,0,0,0,0,1,0,1,0,2,1,1,1
0,0,1,0,0,0,0,0,1,0,0,1,0,1,0,0,0,0,1,0,0,0,1,1,0,0
0,0,0,0,0,0,0,0,1,0,0,0,0,0,0,0,0,1,1,0,0,1,1,0,1,0
0,0,0,0,0,0,0,0,0,1,1,0,0,0,0,0,0,0,1,0,1,1,0,-2,1,0
0,0,0,0,0,0,1,0,1,0,0,0,0,1,1,1,0,0,1,1,0,1,2,0,1,0
0,0,0,0,0,0,0,0,1,0,0,1,0,0,0,0,0,0,1,0,1,1,1,0,1,0
0,0,0,1,0,0,0,0,1,1,1,0,0,0,0,0,0,0,1,0,1,1,1,-1,1,0
0,0,1,0,0,0,0,0,1,1,1,0,0,1,1,0,0,0,1,0,0,0,1,-1,0,0
0,0,1,0,0,0,0,1,0,0,0,0,0,1,0,0,0,0,1,0,1,1,1,1,1,0
0,1,0,0,0,0,0,0,1,0,0,1,0,1,0,0,0,0,1,0,0,0,1,0,0,0
0,0,0,0,0,0,0,0,1,0,0,0,0,1,1,0,0,0,1,0,1,0,1,0,1,0
0,0,1,0,0,0,0,1,0,0,1,0,0,1,1,0,0,1,1,0,1,1,1,0,2,0
0,0,0,0,0,0,0,0,1,1,1,0,0,0,1,1,0,0,1,0,0,1,1,-1,0,0
0,0,0,0,0,1,0,0,1,0,0,0,1,1,0,0,0,0,0,0,0,0,2,1,0,2
0,0,0,0,0,0,0,0,1,0,0,0,0,1,1,0,0,0,1,1,0,0,1,1,1,0
0,1,1,0,0,1,0,0,1,0,0,1,0,1,0,1,0,0,0,0,0,0,2,1,0,1
0,0,1,0,0,0,0,0,1,0,0,1,0,1,0,0,0,0,0,0,0,0,1,0,0,0
0,0,1,1,1,0,0,0,0,0,0,1,0,1,1,0,0,0,1,0,0,1,0,-1,1,0
0,0,0,0,1,0,0,1,0,0,0,0,0,1,1,0,0,1,1,0,1,1,1,1,3,0
0,1,0,0,0,0,0,0,1,1,0,0,0,0,0,0,0,0,1,0,1,0,1,0,1,0
0,0,0,0,0,0,0,0,0,0,1,1,0,1,0,0,0,0,1,0,0,1,0,0,0,0
0,0,1,0,0,1,0,0,1,0,0,1,1,1,1,0,0,0,0,0,0,0,2,0,0,2
0,1,1,0,0,1,0,0,1,0,0,1,1,1,1,0,0,0,0,0,0,0,2,0,0,2
0,0,0,0,0,0,0,0,1,1,1,0,0,0,1,0,0,0,1,0,0,0,1,-1,0,0
0,0,0,0,0,0,0,0,0,1,1,0,0,0,1,0,0,1,1,0,1,1,0,0,2,0
0,0,0,0,0,0,0,0,0,0,0,1,0,1,0,0,0,0,1,0,0,1,0,0,0,0
0,0,1,0,0,0,0,0,0,1,1,0,0,1,0,0,0,0,1,0,1,1,0,0,1,0
0,1,0,0,0,0,0,0,1,0,0,0,0,1,1,1,0,0,1,0,0,0,1,0,0,0
0,0,0,0,0,0,0,0,0,1,1,0,0,0,0,0,0,0,1,0,1,1,0,0,1,0
1,0,0,0,0,0,0,0,1,1,1,1,0,0,0,1,0,0,1,0,0,0,1,-2,0,0
0,0,1,0,0,1,0,0,1,0,0,1,1,1,1,1,0,0,0,0,0,0,2,0,0,2
0,0,1,0,0,0,0,0,1,0,0,1,0,0,1,0,0,0,1,0,0,1,1,-1,0,0
0,0,1,0,0,0,0,0,1,0,0,1,0,1,0,0,0,0,1,0,1,1,1,0,1,0
0,0,1,0,0,1,0,0,1,0,0,1,0,1,1,0,1,0,0,0,0,0,2,1,0,1
0,0,1,0,0,0,0,0,0,0,0,0,0,0,1,0,0,0,1,0,1,0,0,0,1,0
0,1,0,0,0,0,0,0,1,0,0,1,0,1,0,0,0,0,1,0,0,0,1,1,0,0
0,0,1,0,0,1,0,0,1,0,0,1,1,1,0,0,1,0,0,0,0,0,2,0,0,2
1,0,0,0,0,0,0,0,1,0,0,1,1,1,1,0,0,0,1,0,0,1,1,-1,0,1
0,0,0,0,0,0,0,0,1,1,1,0,0,1,1,1,0,0,1,0,0,1,1,-1,0,0
0,0,1,1,0,0,0,0,0,1,0,1,0,1,0,0,0,0,1,0,0,1,0,-1,0,0
1,0,0,0,0,0,0,0,1,0,0,0,0,0,0,0,0,0,0,0,0,0,1,0,0,0
0,1,1,0,0,1,0,0,1,0,0,1,1,1,0,1,0,0,0,0,0,0,2,-1,0,2
0,0,1,1,0,1,0,1,0,0,0,0,0,0,0,0,0,1,0,0,1,1,2,-1,2,1
0,0,0,0,0,0,0,0,1,0,0,1,0,0,0,0,0,0,1,0,1,0,1,0,1,0
0,0,1,0,0,1,0,0,1,0,0,0,1,1,0,0,0,0,0,0,0,0,2,1,0,2
0,0,1,0,0,0,0,0,1,1,1,0,0,0,0,0,0,0,1,0,0,1,1,0,0,0
0,1,1,0,0,1,0,0,1,0,0,1,1,1,1,1,0,0,0,0,0,0,2,1,0,2
0,0,0,0,0,0,0,1,0,0,1,1,0,1,0,0,0,0,1,0,0,1,1,0,0,0
0,0,1,0,0,0,0,0,1,1,0,1,0,0,1,0,0,0,1,0,1,1,1,-1,1,0
0,0,1,0,0,0,0,0,0,0,0,0,0,0,1,0,0,0,1,1,0,1,0,-1,1,0
1,0,0,0,0,0,0,0,1,0,0,0,0,0,0,0,0,0,1,0,1,0,1,0,1,0
0,1,0,0,0,1,0,0,1,0,0,1,1,1,1,0,0,0,0,0,0,0,2,0,0,2
0,0,0,0,0,0,0,0,1,0,0,1,0,1,1,1,0,0,0,0,0,0,1,1,0,0
0,1,1,1,0,0,0,0,1,1,1,1,0,1,1,0,0,0,1,0,1,1,1,1,1,0
0,0,1,0,0,0,0,0,1,0,0,1,0,1,0,0,0,0,0,0,0,1,1,0,0,1
0,1,1,0,0,0,0,0,1,0,0,1,0,0,0,0,0,0,1,0,0,0,1,-1,0,0
0,0,1,0,0,0,0,0,1,0,1,0,0,0,0,0,0,0,1,0,1,1,1,0,1,0
0,1,0,0,0,0,0,0,1,0,1,1,0,1,1,1,0,0,1,0,0,0,1,1,0,1
0,0,0,0,0,0,0,0,0,0,0,1,0,0,0,0,0,0,1,0,1,1,0,0,1,0
0,0,0,1,1,0,0,1,0,1,1,0,0,0,0,0,0,1,1,0,0,0,1,-2,2,0
0,0,0,0,0,0,0,0,0,1,1,1,0,1,1,0,0,0,1,0,0,0,0,0,0,0
0,0,0,0,0,0,0,1,0,0,0,1,0,1,1,0,0,1,0,0,0,1,1,0,1,0
0,1,1,0,0,0,0,0,1,1,0,1,0,1,1,0,0,0,1,0,0,1,1,-1,0,0
0,0,0,0,0,0,0,0,1,0,0,0,0,1,1,0,0,0,1,0,1,0,1,1,1,0
0,1,0,0,0,1,0,0,0,0,0,1,0,0,0,0,0,1,0,0,1,1,1,0,2,2
1,0,0,0,0,0,0,0,1,1,1,1,0,0,0,0,0,0,1,0,1,0,1,0,1,0
0,0,1,0,0,0,1,0,1,1,0,0,0,1,1,0,0,0,1,1,0,1,2,1,1,0
0,1,0,0,0,0,0,0,1,0,0,1,0,1,0,0,0,0,1,0,0,1,1,1,0,0
0,0,1,0,1,0,0,0,1,1,1,0,0,0,1,0,0,0,1,0,0,1,1,-1,1,0
0,0,1,0,0,0,0,0,1,0,0,1,0,1,0,0,0,0,1,0,0,1,1,0,0,0
0,1,0,0,0,0,0,0,1,0,0,1,0,1,0,0,0,0,1,0,1,0,1,0,1,0
0,0,1,0,0,1,0,0,1,0,0,1,0,1,1,1,0,0,0,0,0,0,2,0,0,1
0,0,1,0,0,0,0,0,1,0,0,0,0,0,0,0,1,1,0,0,0,0,1,-1,1,1
0,0,1,0,0,0,0,0,1,0,1,0,0,0,1,0,0,1,1,0,1,1,1,0,2,0
0,0,1,0,0,1,0,0,1,0,0,1,0,0,0,0,0,0,0,0,0,0,2,-2,0,1
0,1,1,0,0,1,0,0,1,0,0,1,1,1,0,0,0,0,0,0,0,0,2,0,0,2
0,1,0,0,0,0,0,0,1,1,0,1,1,1,0,0,0,0,1,0,0,0,1,0,0,1
0,0,1,0,0,1,0,0,1,0,0,0,0,0,0,0,0,0,0,0,1,1,2,-1,1,2
0,0,1,0,0,0,0,1,0,1,1,0,0,0,0,0,0,1,1,0,1,1,1,-1,2,0
0,1,0,0,0,1,1,0,1,0,0,1,0,1,1,1,0,0,0,0,0,0,3,1,0,1
0,0,1,0,0,1,0,0,1,0,0,0,0,1,0,0,0,0,0,0,1,0,2,1,1,1
0,0,1,0,1,0,0,0,0,1,1,0,0,0,0,0,0,0,1,0,1,1,0,-1,2,0
0,0,1,0,0,1,0,0,1,0,0,1,1,0,1,0,0,0,0,0,0,1,2,-1,0,2
0,0,0,0,0,0,0,0,1,0,0,0,0,0,1,1,0,0,1,0,1,1,1,-1,1,0
0,0,1,0,0,0,0,1,0,0,0,0,0,0,0,0,0,1,1,0,0,1,1,-1,1,0
0,0,0,0,0,0,0,0,1,1,0,1,0,1,1,0,0,0,1,0,0,0,1,0,0,0
0,0,1,0,0,0,0,0,1,0,0,1,0,0,1,1,0,0,0,0,0,1,1,0,0,0
0,0,0,0,0,0,0,0,1,1,0,1,0,1,1,1,0,0,1,0,0,0,1,0,0,1
0,0,1,0,0,0,0,0,0,0,0,1,0,1,0,0,0,0,1,0,1,1,0,1,1,0
0,0,0,1,1,0,0,0,0,1,1,0,0,0,1,0,0,0,1,0,1,0,0,0,2,0
0,1,0,0,0,0,0,0,1,0,0,1,0,1,0,1,0,0,0,0,0,1,1,0,0,0
0,0,0,0,0,0,0,0,1,0,0,1,0,1,1,0,0,0,1,0,0,0,1,0,0,1
0,0,1,0,0,0,0,0,1,0,1,1,0,1,0,0,0,0,1,0,1,0,1,1,1,0
0,0,1,0,0,0,0,0,1,0,0,1,0,1,1,0,0,0,0,0,0,0,1,-1,0,0
0,0,1,0,0,1,0,0,1,0,0,1,1,1,1,0,0,0,0,0,0,0,2,1,0,3
0,0,1,0,0,1,0,0,1,0,0,0,0,0,0,0,1,0,0,0,1,0,2,0,1,1
0,0,0,0,0,0,1,0,0,1,1,0,0,0,0,0,0,0,1,0,0,1,1,-1,0,0
0,1,0,0,0,0,0,0,1,0,0,1,0,0,1,0,0,0,0,0,0,0,1,-1,0,1
0,0,1,0,0,1,0,1,0,0,0,0,0,0,0,0,0,1,0,0,1,1,2,-1,2,1
0,1,1,0,0,1,0,0,0,0,0,1,1,1,1,1,0,0,0,0,0,0,1,1,0,2
0,0,0,0,0,1,0,0,1,0,0,1,0,1,1,0,0,0,0,0,0,0,2,0,0,1
0,1,1,0,0,1,0,0,1,0,0,1,1,1,0,0,0,0,0,0,0,0,2,0,0,2
0,1,1,0,0,0,0,0,1,0,0,1,0,1,1,1,0,0,1,0,0,1,1,1,0,0
0,0,1,0,0,0,0,0,0,0,0,1,0,1,1,0,0,1,1,0,0,1,0,0,1,0
1,0,1,0,0,0,0,0,1,0,0,0,0,0,0,0,0,1,0,0,0,1,1,-1,1,1
0,0,0,1,0,0,0,0,1,0,0,1,0,1,1,1,0,0,1,0,0,1,1,1,0,0
0,0,1,0,0,1,0,0,1,0,0,1,1,1,0,0,0,0,0,0,0,0,2,-1,0,2
0,1,0,0,0,0,0,0,1,0,0,1,0,1,1,0,0,0,1,0,0,0,1,1,0,0
0,0,1,0,0,1,0,0,0,0,0,1,1,1,0,1,0,0,0,0,0,0,1,0,0,2
0,1,0,0,0,0,0,0,1,0,1,0,0,1,0,0,0,0,1,0,0,0,1,0,0,0
0,0,0,0,0,0,0,0,1,0,0,0,0,0,0,0,0,1,1,0,0,0,1,-1,1,0
0,1,0,0,0,0,0,0,1,0,0,1,1,1,1,1,0,0,1,0,0,0,1,0,0,1
0,0,0,0,0,0,0,0,1,0,0,0,0,1,0,0,0,0,1,1,0,1,1,1,1,0
0,0,1,0,0,0,0,0,1,1,0,1,0,1,0,0,0,0,1,0,0,1,1,1,0,0
0,0,1,0,0,0,0,0,1,0,0,0,0,1,0,0,0,0,0,0,1,0,1,1,1,0
0,0,1,0,1,0,0,1,0,0,1,0,0,0,1,0,0,1,1,0,0,1,1,-2,2,0
0,0,0,0,0,0,0,0,1,1,1,0,0,0,1,0,0,0,1,0,1,1,1,-2,1,0
0,0,1,0,0,0,0,0,1,1,1,0,0,1,0,0,0,0,1,0,0,1,1,0,0,0
0,1,1,0,0,0,0,0,1,0,0,1,0,1,1,1,0,0,1,0,0,0,1,1,0,0
0,0,0,0,1,0,0,0,1,0,1,1,0,0,1,0,0,0,1,0,0,1,1,-2,1,0
0,0,0,0,0,0,0,0,1,1,1,1,0,1,1,0,0,0,1,0,0,0,1,0,0,0
0,0,1,0,0,1,0,0,1,0,0,1,0,1,0,0,0,0,0,0,0,1,2,1,0,1
0,0,0,0,1,0,0,0,0,0,0,1,0,1,0,0,0,0,1,0,1,0,0,1,2,0
0,0,0,0,0,1,0,0,1,0,0,1,1,1,1,1,0,0,0,0,0,0,2,0,0,3
0,0,1,0,0,0,0,1,0,1,1,0,0,0,0,0,0,1,1,0,1,1,1,-1,2,0
0,0,0,0,0,0,0,0,1,1,1,0,0,1,1,0,0,0,1,0,0,1,1,-1,0,0
0,1,1,0,0,1,0,0,1,0,0,1,1,1,1,1,0,0,0,0,0,0,2,0,0,2
0,1,1,0,0,0,0,0,1,0,0,1,1,1,1,1,1,0,0,0,0,0,1,1,0,2
0,0,1,0,0,0,0,0,1,1,1,0,0,1,0,0,0,0,1,0,0,1,1,-1,0,0
0,0,0,0,0,0,0,0,1,0,0,1,0,0,1,0,0,0,0,0,0,0,1,0,0,0
1,0,0,0,0,0,0,0,0,0,0,0,0,0,0,0,0,0,1,0,0,0,0,0,0,0
0,0,0,0,0,0,0,0,0,1,1,0,0,0,1,1,0,0,1,0,1,1,0,-1,1,0
0,1,0,0,0,1,1,0,1,0,0,1,0,1,1,1,0,0,0,0,0,0,3,0,0,1
0,0,0,0,0,0,0,0,0,1,1,1,0,0,1,0,0,1,1,0,1,1,0,0,2,0
0,0,0,0,0,1,0,0,1,0,0,1,1,1,1,0,0,0,0,0,0,0,2,0,0,2
0,0,1,0,1,0,0,0,1,0,1,1,0,0,0,0,0,1,1,0,1,1,1,-1,3,0
0,0,1,0,0,0,0,0,1,1,1,0,0,0,1,0,0,0,1,0,0,1,1,-2,0,0
0,0,1,0,0,0,0,0,1,0,0,1,0,1,1,1,0,0,1,0,0,0,1,-1,0,0
1,0,0,0,0,0,0,0,1,1,0,0,0,0,0,0,0,0,0,0,1,0,1,0,1,0
0,1,1,0,0,1,0,0,1,0,0,1,0,1,0,0,0,0,0,0,1,1,2,1,1,1
0,0,0,0,0,1,0,0,1,0,0,1,1,1,0,1,0,0,0,0,0,0,2,1,0,2
0,0,1,0,0,1,0,0,1,0,0,1,1,1,1,0,0,0,0,0,0,1,2,1,0,2
1,1,0,0,0,1,0,0,1,0,0,0,0,0,0,0,0,0,0,0,0,0,2,-1,0,1
0,0,0,0,1,0,0,0,1,1,1,1,0,0,0,0,0,0,1,0,0,1,1,-1,1,0
0,1,1,0,0,1,0,0,1,0,0,1,1,1,1,0,0,0,0,0,0,0,2,0,0,2
0,0,1,1,0,0,0,0,1,0,0,1,0,1,1,0,0,0,1,0,0,1,1,0,0,0
0,0,1,0,1,0,0,1,0,1,1,0,0,1,1,0,0,0,1,0,1,1,1,1,2,0
0,0,1,0,1,0,0,0,0,0,0,0,0,0,0,0,0,1,1,0,1,1,0,-1,3,0
0,1,0,0,0,1,0,0,1,0,0,0,0,0,1,0,0,0,0,0,1,0,2,0,1,1
0,0,0,1,0,0,0,0,0,0,0,0,0,0,0,0,0,1,0,0,1,1,0,0,2,0
0,0,1,1,1,0,0,0,0,1,1,0,0,0,0,0,0,0,1,0,1,1,0,0,2,0
0,0,1,0,0,1,0,0,1,0,0,1,0,1,1,0,0,0,0,0,0,0,2,-1,0,1
1,0,0,0,0,0,0,0,0,0,0,0,0,0,0,0,0,1,1,0,1,0,0,-1,2,0
0,0,0,0,1,0,0,0,1,1,1,1,0,1,1,0,0,0,1,0,1,1,1,1,2,0
0,1,1,0,0,0,0,0,1,0,0,1,0,1,1,0,0,0,1,0,0,0,1,0,0,0
0,0,0,0,0,0,0,0,1,0,1,0,1,0,0,0,0,0,1,0,0,1,1,0,0,2
0,1,0,0,0,1,0,0,1,0,0,1,0,1,1,1,0,0,0,0,0,0,2,1,0,1
0,0,1,0,1,0,0,0,1,0,0,1,0,1,0,0,0,0,1,0,0,0,1,0,1,0
0,0,1,0,0,0,0,0,1,0,0,1,1,1,0,0,0,0,0,0,0,0,1,0,0,1
0,0,0,0,0,0,0,0,1,1,0,0,0,0,0,0,0,0,1,0,1,1,1,-1,1,0
0,1,1,0,0,0,0,0,1,1,1,1,0,1,1,0,0,0,1,0,0,0,1,0,0,0
0,0,1,0,0,0,0,0,0,0,1,1,0,1,1,0,0,0,1,0,0,1,0,1,0,0
0,0,1,0,0,0,1,0,1,0,1,0,0,0,1,1,0,0,1,0,0,1,2,-2,0,0
0,0,1,0,0,1,0,0,1,0,0,1,0,1,0,0,0,0,0,0,1,1,2,1,1,1
0,0,0,0,0,0,0,0,1,0,0,1,0,1,1,0,0,0,1,0,0,0,1,1,0,0
0,0,1,0,0,1,0,0,1,0,0,1,0,1,1,0,0,0,0,0,0,0,2,0,0,1
0,1,0,0,0,1,0,0,1,0,0,1,0,1,1,1,0,0,0,0,0,0,2,0,0,1
0,0,1,1,1,0,0,1,0,0,0,1,0,1,0,0,0,0,1,0,1,1,1,0,2,0
0,0,1,0,0,0,0,0,1,0,0,0,0,0,0,1,0,1,0,0,0,1,1,-1,1,0
0,0,1,0,0,0,0,0,1,1,1,1,0,1,1,0,0,0,1,0,0,1,1,-1,0,1
0,0,1,0,0,0,0,0,1,1,0,1,0,1,1,0,0,0,1,0,0,0,1,-1,0,0
0,0,1,0,0,0,0,1,0,0,0,0,0,0,0,0,0,1,1,0,1,1,1,0,2,0
0,0,0,0,0,0,0,0,1,0,0,1,0,1,1,1,0,0,0,0,0,0,1,0,0,0
0,0,1,0,0,1,0,0,1,0,0,1,1,1,0,0,0,0,0,0,0,0,2,0,0,2
0,0,0,0,0,0,0,0,0,0,0,0,0,1,1,0,0,0,1,0,1,0,0,1,1,0
0,1,0,0,0,1,0,0,1,0,0,0,0,1,0,1,0,0,0,0,0,0,2,1,0,1
1,1,0,0,0,0,0,0,0,1,1,0,0,0,0,0,0,0,1,0,0,0,0,-1,0,0
0,0,0,0,0,0,0,0,1,0,0,0,0,0,1,0,0,0,1,0,0,0,1,-1,0,0
0,0,0,0,0,0,0,0,1,1,1,0,0,0,0,0,0,0,1,0,0,1,1,-1,0,0
0,0,1,0,1,0,0,0,0,0,0,1,0,1,0,0,0,0,1,0,0,0,0,-1,1,0
0,1,1,0,0,0,1,0,1,0,0,0,0,1,1,0,0,0,0,0,0,0,2,0,0,0
1,0,1,0,0,0,0,0,1,0,0,1,0,1,0,0,0,0,1,0,1,1,1,1,1,0
0,0,0,0,0,0,0,0,0,0,0,0,0,0,0,0,0,0,0,0,0,0,0,-1,0,1
0,0,1,0,0,1,0,0,1,0,0,0,0,1,0,0,0,0,0,0,0,1,2,1,0,2
0,1,0,0,1,0,0,0,1,0,0,0,0,1,1,0,0,0,1,0,1,0,1,0,2,0
0,0,0,0,0,1,0,0,1,0,0,1,0,1,0,0,0,0,0,0,1,0,2,1,1,1
0,0,1,0,0,0,0,0,1,1,1,1,0,0,0,0,0,0,1,0,1,1,1,0,1,0
0,0,0,0,0,0,0,0,1,0,0,1,0,1,0,0,0,0,1,0,0,0,1,0,0,0
0,1,1,0,0,1,0,0,1,0,0,1,0,1,0,0,1,0,0,0,0,0,2,0,0,1
0,0,1,0,0,0,0,0,1,1,1,0,0,1,1,0,0,0,1,0,0,0,1,1,0,0
0,0,1,1,1,0,0,0,1,0,0,0,0,1,0,0,0,0,1,0,1,1,1,1,2,0
0,0,0,0,0,0,0,0,0,0,0,0,0,0,1,0,0,0,1,0,0,0,0,0,0,0
0,1,1,0,0,0,0,0,1,0,0,1,0,1,1,0,0,0,0,0,0,0,1,1,0,0
0,0,0,0,0,1,0,0,1,0,0,1,1,1,1,0,0,0,0,0,0,0,2,0,0,3
0,0,1,0,0,0,0,0,1,1,1,0,0,1,1,0,0,0,1,0,0,0,1,1,0,0
0,0,0,0,0,0,0,0,1,1,0,0,0,1,0,0,0,0,1,0,1,0,1,0,1,0
0,0,0,0,0,1,0,0,0,0,0,0,0,0,0,0,0,1,0,0,0,1,1,-1,1,1
0,0,0,0,0,0,0,0,1,0,0,1,0,1,1,0,0,0,1,0,1,0,1,1,1,0
0,0,1,0,0,1,0,0,1,0,0,1,0,1,1,0,0,0,0,0,0,0,2,0,0,2
0,1,0,0,0,0,0,0,1,1,0,1,0,1,0,0,0,0,1,0,0,1,1,1,0,0
0,0,0,0,0,0,0,0,1,1,1,1,0,0,0,0,0,0,1,0,1,1,1,-1,1,0
0,1,1,0,0,0,0,0,1,0,0,1,1,1,1,1,1,0,0,0,0,0,1,0,0,1
0,0,1,0,1,0,0,0,1,1,1,0,0,1,0,0,0,0,1,0,1,1,1,1,2,0
0,0,0,0,0,0,0,0,1,0,0,1,0,1,1,0,0,0,1,0,0,0,1,1,0,0
0,0,1,0,0,0,0,0,1,0,0,1,0,1,0,0,0,0,1,0,1,1,1,0,1,0
0,0,1,0,0,1,0,0,1,0,0,0,0,1,1,0,0,0,0,0,0,0,2,1,0,3
0,0,1,0,0,0,0,0,1,1,1,1,0,1,1,0,0,0,1,0,0,1,1,1,0,0
1,0,0,0,0,0,0,0,1,1,0,0,0,0,0,0,0,0,0,0,0,1,1,0,0,0
0,0,1,1,0,0,0,0,0,0,0,1,0,0,0,0,0,0,1,0,0,0,0,-1,0,0
0,0,0,0,0,1,0,0,0,1,1,0,0,0,0,0,0,0,1,0,1,1,1,-1,1,1
0,0,1,0,0,0,0,0,1,0,0,1,1,1,1,1,0,0,0,0,0,0,1,1,0,1
0,0,0,0,0,0,0,0,1,1,1,0,0,0,1,0,0,0,1,0,0,1,1,-1,0,0
0,0,1,0,0,0,0,1,0,0,0,0,0,0,1,0,0,1,0,0,1,1,1,0,2,1
0,1,1,0,0,0,0,0,1,0,0,1,0,1,0,0,0,0,1,0,0,0,1,1,0,0
0,1,1,0,0,1,0,0,1,0,0,0,0,0,1,0,0,0,0,0,0,1,2,-2,0,1
0,0,1,0,0,0,0,1,0,1,1,0,0,1,0,0,0,1,1,0,1,1,1,0,2,0
0,1,1,0,0,1,0,0,1,0,0,1,1,1,1,0,0,0,0,0,0,1,2,-1,0,2
0,1,0,1,1,0,0,1,0,1,1,1,0,1,0,0,0,1,1,0,1,1,1,1,3,0
0,1,0,0,0,1,0,0,1,0,0,0,0,0,0,0,0,0,0,0,0,0,2,-2,0,1
1,0,0,0,0,1,0,0,0,0,1,1,0,0,0,0,0,0,1,0,1,0,1,0,1,1
0,0,0,0,0,0,0,0,1,0,0,1,0,1,1,0,0,0,1,0,0,1,1,-1,0,0
0,0,1,0,0,0,0,0,1,0,1,0,0,1,0,0,0,0,1,0,0,1,1,-1,0,0
0,1,1,0,0,1,0,0,1,0,0,1,1,1,1,1,0,0,0,0,0,0,2,1,0,2
1,1,1,0,0,0,0,0,1,0,0,1,1,0,0,0,0,0,0,0,0,0,1,0,0,1
0,0,1,1,0,0,0,1,0,0,1,1,0,1,0,0,0,1,1,0,1,1,1,1,2,0
0,1,0,0,0,0,0,0,1,0,0,1,0,1,0,0,0,0,1,0,0,0,1,0,0,0
0,0,1,0,0,0,0,0,0,0,0,1,0,0,0,0,0,0,1,0,0,0,0,-1,0,0
0,0,0,0,1,0,0,0,1,0,0,0,0,0,1,0,0,1,1,0,0,1,1,0,2,0
1,0,0,0,0,0,0,0,1,0,0,0,0,0,0,0,0,0,1,0,0,1,1,-2,0,0
0,0,1,0,0,0,0,0,1,0,0,0,0,1,1,0,0,0,1,0,0,1,1,1,0,0
0,0,0,0,0,0,0,1,0,1,1,0,0,0,0,0,0,0,1,0,0,1,1,-2,0,0
0,1,1,0,0,0,0,0,1,0,0,1,0,1,1,1,0,0,1,0,0,0,1,0,0,0
0,0,1,1,0,0,0,1,0,1,1,0,0,1,0,0,0,1,1,0,1,1,1,1,2,0
0,0,1,0,0,1,0,0,1,0,0,1,0,1,1,0,0,0,0,0,0,0,2,1,0,1
0,1,1,0,0,0,0,1,1,1,1,0,0,0,1,0,0,0,1,0,0,1,2,-1,0,0
0,0,1,0,1,0,0,0,1,1,1,0,0,1,0,0,0,0,1,0,1,1,1,0,2,0
0,1,1,0,0,0,0,0,1,1,1,1,0,1,1,0,0,0,1,0,0,1,1,-1,0,0
0,0,0,0,0,0,0,0,1,1,1,1,0,1,0,0,0,0,1,0,1,1,1,0,1,0
0,0,0,0,0,0,0,0,1,0,1,0,0,0,0,0,0,0,1,1,0,1,1,-2,1,0
0,0,1,0,0,0,0,0,1,0,1,0,0,1,1,0,0,0,1,0,0,0,1,1,0,0
0,1,1,0,0,0,0,0,1,1,1,1,0,1,1,0,0,0,1,0,0,0,1,-1,0,0
0,0,0,0,0,0,0,0,1,0,0,1,0,1,0,0,0,0,1,0,0,0,1,0,0,0
0,0,1,0,0,1,0,0,1,0,0,0,0,1,0,0,1,0,0,0,0,0,2,1,0,1
0,0,1,0,0,0,0,0,0,1,1,1,0,1,0,0,0,0,1,0,1,1,0,1,1,0
1,0,1,0,0,0,0,0,0,0,0,0,0,0,0,0,0,1,0,0,0,1,0,-1,1,0
0,1,1,0,0,1,0,0,1,0,0,1,1,1,0,1,1,0,0,0,0,0,2,1,0,2
0,0,1,0,0,1,0,0,1,0,0,1,1,1,0,0,0,0,0,0,0,0,2,1,0,2
0,0,1,0,0,1,0,0,1,0,0,1,0,1,0,0,1,0,0,0,0,0,2,0,0,1
0,0,1,0,0,1,0,0,1,0,0,0,1,1,0,0,1,0,0,0,0,0,2,0,0,2
0,1,0,0,0,0,0,0,1,0,0,1,1,1,1,0,0,0,0,0,0,0,1,0,0,1
0,0,0,0,0,0,0,0,1,0,0,1,0,1,0,1,0,0,1,0,0,1,1,-1,0,0
1,0,0,0,0,0,0,0,1,0,0,1,0,0,0,0,0,0,0,0,0,0,1,0,0,0
0,1,0,0,0,0,0,0,1,1,1,1,0,1,1,0,0,0,1,0,1,0,1,0,1,1
0,0,1,0,0,0,0,0,0,1,1,1,0,0,1,0,0,0,1,0,1,1,0,0,1,0
0,0,0,0,0,0,0,0,1,0,1,0,0,0,0,0,0,0,1,0,0,1,1,-1,0,0
0,0,1,0,0,0,0,0,0,0,0,0,0,0,0,0,0,0,0,0,1,1,0,-1,1,0
0,0,0,0,0,1,0,0,1,0,0,0,0,1,0,0,0,0,1,0,0,0,2,0,0,1
0,0,1,0,0,0,0,0,1,1,1,1,0,1,1,0,0,0,1,0,0,1,1,1,0,0
0,0,0,1,0,0,0,0,1,0,0,1,0,1,1,0,0,0,1,0,0,1,1,0,0,0
0,0,1,0,0,0,0,0,1,1,1,0,0,0,1,0,0,0,1,0,1,1,1,-2,1,0
0,0,1,0,0,0,0,0,1,0,0,1,0,1,1,1,0,0,1,0,0,0,1,-1,0,0
0,1,0,0,0,1,0,0,0,0,0,1,1,1,1,0,0,0,0,0,0,0,1,1,0,2
0,1,1,0,0,1,0,0,1,0,0,1,0,1,0,1,0,0,0,0,0,0,2,1,0,1
1,0,0,0,0,0,0,0,1,1,1,0,0,0,0,0,0,0,1,0,1,1,1,0,1,0
0,0,0,0,0,1,0,0,1,0,0,0,1,1,0,0,0,0,0,0,0,0,2,1,0,2
0,0,0,0,0,0,0,0,1,0,0,1,1,1,0,0,0,0,0,0,0,0,1,-1,0,1
0,0,0,0,0,0,0,1,0,0,1,1,0,1,1,0,0,1,1,0,1,1,1,0,2,0
0,0,0,0,0,1,0,0,1,0,0,1,0,1,1,0,0,0,0,0,0,1,2,1,0,2
0,0,1,0,0,0,0,1,0,0,0,1,0,1,1,0,0,0,1,0,0,1,1,1,0,0
0,0,1,1,1,0,0,0,1,0,0,1,0,1,0,0,0,0,1,0,0,1,1,0,1,0
0,0,0,0,0,0,0,0,1,1,1,0,0,0,0,0,0,0,1,0,0,1,1,-1,0,0
0,0,0,0,1,0,0,0,1,0,0,1,0,1,0,0,0,0,1,0,0,1,1,0,1,0
0,0,0,0,0,1,0,0,1,0,0,1,1,1,1,1,0,0,0,0,0,0,2,1,0,3
0,1,1,0,0,1,0,0,1,0,0,1,0,1,1,1,0,0,0,0,0,0,2,0,0,1
0,1,0,0,0,1,0,0,1,0,0,0,1,1,0,0,0,0,0,0,0,0,2,1,0,2
0,1,1,0,0,1,0,0,1,0,0,1,1,1,1,1,0,0,0,0,0,0,2,0,0,3
0,0,0,1,0,1,0,1,0,0,0,0,0,0,0,0,0,1,0,0,1,1,2,0,2,2
0,1,1,0,0,0,0,0,1,0,0,1,0,1,1,1,0,0,1,0,0,0,1,1,0,0
1,0,0,0,0,1,0,0,1,0,0,0,0,0,1,0,0,0,0,0,0,0,2,-1,0,2
0,0,1,0,0,0,0,0,1,1,1,1,0,1,0,0,0,0,1,0,0,1,1,0,0,0
1,0,1,0,0,1,0,0,1,0,0,0,0,0,0,0,0,0,0,0,0,1,2,0,0,1
0,1,0,0,0,1,0,0,1,0,0,1,0,1,0,0,0,0,0,0,1,0,2,1,1,1
0,0,0,0,0,0,0,0,1,1,1,1,0,0,0,0,0,0,1,0,1,1,1,-1,1,0
0,0,0,0,0,0,0,1,0,0,0,0,0,0,0,0,0,1,0,0,0,1,1,0,1,0
0,1,1,0,0,1,0,0,1,0,0,1,0,0,0,1,0,0,1,0,0,0,2,0,0,1
0,0,0,0,0,0,0,0,0,1,1,0,0,0,0,0,0,1,1,0,1,1,0,-1,2,0
0,1,0,0,0,0,0,0,1,0,0,1,0,1,1,1,0,0,1,0,0,0,1,1,0,0
0,0,0,0,0,0,0,0,1,0,0,1,1,1,1,0,0,0,0,0,0,0,1,1,0,1
0,0,0,0,1,0,0,0,1,1,1,1,0,1,0,0,0,0,1,0,1,1,1,0,2,0
0,0,0,0,0,1,0,0,1,0,0,0,0,1,0,0,0,0,0,0,0,0,2,-1,0,1
0,0,1,0,0,0,0,0,1,0,0,1,0,1,0,0,0,0,1,0,0,0,1,1,0,0
0,0,1,0,0,0,0,0,0,0,0,0,0,1,1,0,0,0,1,1,0,1,0,0,1,0
0,0,1,0,0,0,0,0,1,1,1,1,0,0,1,0,0,0,1,0,0,1,1,-2,0,0
0,0,0,0,0,0,0,0,0,0,1,0,0,0,0,0,0,0,1,0,1,1,0,-1,1,0
0,0,1,0,0,0,0,0,1,0,0,1,0,1,0,0,0,0,1,0,0,0,1,-1,0,0
0,1,1,0,0,1,0,0,1,0,0,1,1,1,0,1,1,0,0,0,0,0,2,0,0,3
0,0,0,0,0,0,0,0,1,1,1,1,0,1,0,0,0,0,1,0,0,1,1,0,0,0
0,1,0,0,0,0,0,0,1,0,1,1,0,1,1,0,0,0,1,0,0,0,1,0,0,0
0,0,0,0,0,0,0,0,1,0,1,0,1,1,1,0,0,0,1,0,0,0,1,1,0,1
0,0,1,0,0,0,0,0,0,0,0,1,0,1,1,0,0,0,1,0,1,0,0,1,1,0
0,0,0,0,0,0,0,0,1,0,0,1,1,1,1,0,0,0,0,0,0,1,1,1,0,1
1,0,1,0,0,0,0,0,1,0,0,0,0,0,0,0,0,0,1,0,0,1,1,-1,0,0
0,0,1,1,1,0,0,0,1,0,0,0,0,1,1,0,0,0,1,0,0,1,1,-1,1,0
0,0,0,0,1,0,0,0,1,1,0,0,0,1,0,0,0,0,1,0,0,0,1,-1,1,1
0,0,0,0,1,0,0,0,1,0,0,0,0,0,1,0,0,0,1,0,0,0,1,-2,1,0
0,0,0,0,1,0,0,0,1,0,1,1,0,0,0,0,0,0,1,0,0,1,1,-1,1,0
0,0,1,0,1,0,0,0,1,0,1,1,0,1,0,0,0,0,1,0,0,1,1,1,1,0
0,0,0,1,0,0,0,1,0,1,1,0,0,0,0,0,0,0,1,0,1,1,1,0,1,0
1,0,0,0,0,0,0,0,1,1,1,0,0,0,0,0,0,0,1,0,1,0,1,-1,1,0
0,1,0,0,0,0,0,0,1,0,0,1,0,1,0,1,0,0,0,0,0,0,1,0,0,0
0,0,0,0,1,0,0,0,0,0,1,1,0,0,0,0,0,0,1,0,1,1,0,-1,2,0
1,0,1,0,0,1,0,0,1,0,0,0,0,1,0,0,0,0,0,0,0,0,2,1,0,1
0,0,0,0,0,0,0,0,1,0,0,1,0,1,1,0,0,0,1,0,0,1,1,0,0,0
0,0,0,0,0,0,0,0,1,0,0,1,0,1,0,0,0,0,1,0,0,0,1,0,0,0
0,0,1,0,0,0,0,0,1,0,1,0,0,1,0,0,0,0,1,0,0,1,1,0,0,0
0,0,1,0,0,0,0,0,1,0,0,1,1,1,1,0,0,0,0,0,0,1,1,1,0,1
0,0,1,0,0,0,0,0,1,0,0,1,0,1,0,0,0,0,1,0,1,1,1,1,1,0
0,1,1,0,0,1,0,0,1,0,0,0,1,1,1,0,0,0,0,0,0,0,2,1,0,2
0,1,0,0,0,1,0,0,1,0,0,0,1,1,1,0,1,0,0,0,0,0,2,0,0,2
0,0,1,0,0,1,0,0,1,0,0,0,0,1,0,0,0,0,0,0,0,0,2,1,0,1
0,0,1,0,0,1,0,0,1,0,0,0,1,1,1,0,0,0,0,0,0,0,2,1,0,2
0,0,1,1,0,0,0,0,0,1,1,1,0,1,0,0,0,0,1,0,1,1,0,0,1,0
0,0,1,0,0,0,0,0,1,0,1,1,0,0,0,0,0,0,1,0,0,1,1,-2,0,0
0,0,0,0,0,1,0,0,1,0,0,1,1,1,1,0,0,0,0,0,0,0,2,1,0,2
0,1,0,0,0,0,0,0,1,0,0,1,0,1,0,1,0,0,1,0,0,0,1,1,0,0
0,0,0,0,0,0,0,0,0,0,0,0,0,0,0,0,0,1,0,0,0,1,0,-1,1,0
0,1,1,0,0,0,0,0,1,0,0,1,1,1,1,0,0,0,0,0,0,0,1,0,0,2
0,0,1,0,0,0,0,0,1,0,0,0,0,1,1,0,0,0,1,0,0,1,1,-1,0,0
0,0,0,0,0,0,0,0,1,0,0,0,0,1,1,0,0,0,1,0,1,0,1,0,1,0
0,0,1,0,0,0,0,0,0,1,1,0,0,0,0,0,0,0,1,0,1,1,0,0,1,0
0,0,1,0,0,0,0,0,1,0,0,1,0,1,1,1,0,0,1,0,0,1,1,1,0,0
0,0,0,0,0,0,0,0,0,1,0,1,0,0,0,0,0,1,1,0,1,1,0,0,2,0
0,0,0,0,0,0,0,1,0,0,1,0,0,0,0,0,0,0,1,0,1,1,1,0,1,0
0,0,1,0,0,0,0,0,1,1,1,0,0,1,0,0,0,0,1,0,1,0,1,1,1,0
0,0,0,0,1,0,0,0,1,0,1,0,0,0,0,0,0,0,1,0,1,1,1,0,2,0
0,0,1,0,0,0,0,0,1,1,1,0,0,1,1,0,0,0,1,0,0,1,1,0,0,0
0,1,1,0,0,1,0,0,1,0,0,1,1,1,0,0,1,0,0,0,0,0,2,1,0,2
0,0,1,1,0,0,0,0,0,0,0,0,0,1,0,0,0,0,1,0,1,1,0,1,1,0
1,0,0,0,1,0,0,0,0,1,1,1,0,0,0,1,0,1,1,0,0,1,0,-2,2,2
1,0,0,0,0,0,0,0,1,0,0,0,0,0,0,0,0,0,1,0,1,1,1,0,1,0
0,0,0,0,0,0,0,0,1,0,1,1,0,1,0,0,0,0,1,0,1,1,1,1,1,0
0,0,0,0,0,0,0,0,0,1,1,0,0,1,0,0,0,0,1,0,1,1,0,0,1,0
0,0,1,1,1,0,0,0,1,1,1,1,0,1,1,0,0,0,1,0,0,1,1,0,1,0
0,0,0,0,0,0,0,0,1,1,1,1,0,0,0,0,0,0,1,0,0,0,1,-1,0,0
1,0,0,0,0,1,0,0,1,0,0,0,1,0,0,0,0,0,0,0,0,0,2,0,0,2
0,1,0,0,0,0,0,0,0,0,0,1,0,1,0,0,0,0,1,0,1,1,0,1,1,0
0,0,1,0,0,0,0,0,1,0,0,0,1,1,1,0,0,0,0,0,0,0,1,1,0,1
0,0,0,0,1,0,0,0,1,0,0,1,0,1,1,1,0,0,1,0,0,1,1,0,1,0
0,0,0,0,0,0,0,0,1,1,1,1,0,1,1,0,0,0,1,0,0,0,1,0,0,0
0,0,0,0,0,0,0,0,1,0,1,1,0,1,1,0,0,0,1,0,0,0,1,0,0,0
0,1,0,0,0,0,0,0,1,1,1,1,0,0,0,0,0,0,1,0,0,1,1,-1,0,0
0,0,1,0,0,1,0,0,1,0,0,1,1,1,1,1,1,0,0,0,0,0,2,-1,0,2
0,0,1,0,0,0,0,0,0,1,1,1,0,0,1,0,0,0,1,0,1,1,0,0,1,0
0,0,0,0,0,1,0,0,1,0,0,1,0,1,1,0,0,0,0,0,0,0,2,1,0,2
1,0,1,0,0,0,0,0,1,0,1,1,0,1,0,0,0,0,1,0,1,0,1,1,1,0
0,0,0,0,0,0,0,0,1,0,0,0,0,0,0,0,0,0,1,0,1,0,1,-1,1,0
0,0,0,0,1,0,0,0,1,0,0,0,0,1,1,0,0,1,1,0,1,1,1,1,3,0
0,1,0,0,0,1,0,0,1,0,0,1,1,1,1,1,0,0,0,0,0,0,2,1,0,2
0,0,1,0,0,0,0,0,1,0,0,1,0,1,1,0,0,0,1,0,0,1,1,1,0,0
0,1,1,0,0,0,0,0,1,1,1,1,0,1,0,0,0,0,1,0,0,0,1,-1,0,0
0,0,1,0,0,0,0,0,1,0,0,1,0,1,0,0,0,0,1,0,0,0,1,1,0,0
0,0,0,0,0,0,0,0,1,0,0,0,0,1,0,1,0,0,1,0,0,0,1,1,0,0
0,0,0,0,0,0,0,1,0,0,1,0,0,0,0,0,0,1,1,0,1,1,1,-1,2,0
0,1,1,0,0,0,0,0,1,0,0,1,1,1,1,0,0,0,0,0,0,0,1,0,0,2
0,0,0,0,0,0,1,0,0,1,1,0,0,0,0,0,0,0,1,0,0,1,1,-1,0,0
0,0,1,0,0,0,0,0,1,0,1,0,0,1,1,0,0,0,1,1,0,1,1,0,1,0
0,1,0,0,0,0,0,0,1,0,0,1,0,1,1,1,0,0,1,0,1,0,1,1,1,0
0,1,0,0,0,0,0,0,1,0,0,0,0,0,1,0,0,0,1,0,1,0,1,0,1,0
0,1,0,0,0,0,0,0,1,0,0,1,0,1,0,1,0,0,1,0,0,0,1,-1,0,0
1,0,0,0,0,0,0,0,1,0,0,0,0,0,0,0,0,0,0,0,0,0,1,-1,0,0
0,0,1,0,1,0,0,0,1,1,1,0,0,1,0,0,0,0,1,0,1,1,1,0,2,0
0,1,1,0,0,0,0,0,1,0,0,1,0,1,1,0,0,0,1,0,0,0,1,0,0,1
0,0,0,0,0,1,0,0,0,0,0,1,1,1,1,1,0,0,0,0,0,0,1,1,0,3
0,0,1,0,1,0,0,0,1,1,1,0,0,0,1,0,0,0,1,0,1,1,1,-1,2,1
0,0,0,0,0,0,0,0,1,0,0,1,0,0,1,0,0,0,1,0,0,0,1,-2,0,0
0,0,0,0,0,0,0,0,1,0,0,1,0,1,0,0,0,0,1,0,0,0,1,0,0,0
0,0,0,0,0,0,0,0,1,0,0,0,0,1,0,0,0,0,1,0,1,0,1,0,1,0
0,0,0,0,0,0,0,0,1,1,1,1,0,1,0,0,0,0,1,0,1,1,1,0,1,0
0,0,0,0,0,0,0,0,0,0,0,1,0,0,1,0,0,0,1,0,0,1,0,0,0,0
0,0,1,0,0,0,0,0,1,1,1,1,0,1,0,0,0,0,1,0,1,0,1,0,1,0
0,0,0,0,0,0,0,0,1,0,0,0,0,1,1,0,0,0,1,0,0,1,1,1,0,0
0,1,0,0,0,0,0,0,1,0,0,1,0,1,0,1,0,0,1,0,0,1,1,0,0,0
0,0,1,0,0,0,0,0,1,0,0,1,0,1,1,0,0,0,1,0,0,1,1,-1,0,0
0,1,1,0,0,1,0,0,1,0,0,1,1,1,1,1,0,0,0,0,0,0,2,0,0,2
0,0,1,0,0,0,0,0,1,0,0,0,0,1,0,0,0,0,0,0,0,0,1,-1,0,0
0,0,0,0,0,0,0,0,1,0,0,0,0,0,0,0,0,0,1,0,0,0,1,-1,0,0
0,0,1,0,1,0,0,0,1,0,1,0,0,0,0,0,0,0,1,0,0,1,1,-1,1,0
0,1,1,0,0,1,0,0,1,0,0,1,1,1,1,0,0,0,0,0,0,0,2,-1,0,2
0,0,1,0,0,0,0,0,1,1,1,0,0,1,1,0,0,0,1,0,0,1,1,0,0,0
0,0,1,0,0,1,0,0,1,0,0,1,1,1,1,0,0,0,0,0,0,0,2,1,0,3
0,1,1,0,0,0,0,0,1,0,0,1,0,1,1,1,0,0,1,0,0,0,1,0,0,0
0,0,1,1,1,0,0,0,1,0,1,1,0,1,1,0,0,0,1,0,1,1,1,1,2,0
0,0,1,1,1,0,0,1,0,1,1,0,0,1,1,0,0,0,1,0,1,1,1,0,2,0
1,1,0,0,0,1,0,0,1,0,0,0,0,1,0,0,0,0,0,0,1,0,2,1,1,1
0,0,1,0,0,0,0,0,1,0,0,0,0,0,0,0,0,0,1,0,1,0,1,-2,1,0
0,0,0,0,0,1,0,0,1,0,0,1,0,1,1,0,0,0,0,0,0,1,2,1,0,1
0,0,1,0,1,0,0,0,1,1,1,1,0,1,1,0,0,0,1,0,0,1,1,-1,1,0
0,0,1,0,1,0,0,0,1,1,1,0,0,0,1,0,0,0,1,0,1,1,1,0,2,0
0,0,1,0,0,0,0,0,1,0,0,1,0,1,0,0,0,0,0,0,0,0,1,1,0,0
0,0,0,0,0,0,0,0,1,1,0,1,0,1,1,0,0,0,1,1,0,1,1,-1,1,0
0,0,1,0,0,0,0,0,1,0,0,1,0,1,1,1,0,0,1,0,0,1,1,0,0,0
0,1,1,0,0,0,0,0,1,0,0,1,0,1,1,1,0,0,1,0,0,0,1,-1,0,0
0,0,0,0,0,0,0,0,0,1,1,0,0,0,1,0,0,0,1,0,1,0,0,0,1,0
0,0,0,0,0,1,0,0,1,0,0,1,1,0,1,1,0,0,0,0,0,0,2,-1,0,2
0,0,1,0,0,0,0,0,1,0,0,0,0,0,1,1,0,0,0,0,0,0,1,-1,0,0
0,0,0,0,0,0,0,0,0,0,0,0,0,0,0,0,0,0,1,0,1,1,0,0,1,0
0,1,0,0,0,1,0,0,1,0,0,1,0,1,1,1,0,0,0,0,0,0,2,1,0,1
0,0,0,0,0,1,0,0,1,0,0,1,0,1,1,0,0,0,0,0,0,0,2,0,0,1
0,1,0,0,0,0,0,0,1,0,1,1,0,1,0,1,0,0,1,0,0,1,1,0,0,0
0,0,0,0,0,0,0,0,1,1,1,1,0,1,0,0,0,0,1,0,1,1,1,1,1,0
0,0,0,0,1,0,0,0,1,0,0,0,0,0,0,0,0,0,0,0,1,0,1,0,2,0
0,0,0,0,0,1,0,0,0,0,0,0,0,0,0,0,0,1,0,0,1,1,1,0,2,1
0,0,1,0,0,0,0,0,1,0,1,1,1,1,1,0,0,0,1,0,0,0,1,1,0,1
0,0,0,0,0,0,0,1,0,1,1,1,0,0,0,0,0,1,1,0,1,1,1,0,2,0
0,0,1,0,0,0,0,0,1,0,0,1,0,0,1,0,0,0,1,0,0,1,1,-2,0,0
1,0,0,0,1,0,0,1,0,0,0,0,0,0,0,0,0,0,1,0,0,1,1,-1,1,0
0,0,1,0,0,1,0,0,1,0,0,1,1,1,1,0,0,0,0,0,0,0,2,0,0,3
0,0,1,1,1,0,0,1,0,0,1,1,0,0,1,0,0,1,1,0,1,1,1,0,3,0
0,0,0,0,0,0,0,0,1,0,0,1,0,1,0,0,0,0,1,0,0,0,1,0,0,0
0,0,0,0,0,0,0,0,1,0,1,1,0,1,0,0,0,0,1,0,1,0,1,1,1,0
0,0,0,0,0,0,0,0,1,1,1,0,0,1,1,0,0,0,1,0,0,1,1,0,0,0
0,0,0,0,0,0,0,0,0,0,0,0,0,0,1,0,0,0,1,0,0,1,0,-1,0,0
0,0,0,0,0,1,0,0,1,0,0,1,0,1,1,0,0,0,0,0,0,1,2,1,0,1
0,0,0,0,0,0,0,0,0,0,1,0,0,0,1,0,0,0,1,0,0,1,0,-2,0,0
1,0,0,0,0,1,0,0,1,0,0,0,0,0,0,0,0,0,0,0,1,0,2,-1,1,1
1,0,1,0,0,0,0,0,1,0,0,0,1,1,0,0,0,0,0,0,0,1,1,0,0,1
0,1,1,0,1,0,0,0,1,0,1,0,0,0,0,0,0,0,1,0,1,1,1,-2,2,0
1,0,0,0,0,0,0,0,1,1,1,0,0,0,0,0,0,0,1,0,0,1,1,0,0,0
0,0,1,1,1,0,0,0,0,0,1,0,0,0,0,0,0,1,1,0,0,1,0,-2,2,0
0,0,1,0,0,0,1,0,1,0,0,0,0,0,0,0,0,0,1,0,0,1,2,-2,0,0
0,0,0,0,0,0,0,0,1,0,0,0,0,0,1,0,0,0,1,0,0,0,1,-1,0,0
0,0,1,1,0,0,0,1,0,0,1,0,0,0,0,0,0,1,1,0,1,0,1,-1,2,0
0,0,1,0,1,0,0,0,1,0,0,1,0,1,1,0,0,0,0,0,0,1,1,-1,1,0
0,0,0,0,0,0,0,0,1,1,1,1,0,1,1,0,0,0,1,0,0,0,1,0,0,0
1,1,0,0,0,0,0,0,0,1,1,0,0,0,1,0,0,0,1,0,1,0,0,-1,1,0
0,1,0,0,0,0,0,0,0,0,0,1,0,1,0,0,0,0,1,0,1,0,0,1,1,0
0,0,0,1,0,0,0,0,1,0,1,0,0,0,1,0,0,0,1,0,0,1,1,-1,0,0
0,0,0,0,0,0,0,0,1,1,1,0,0,1,1,0,0,0,1,0,0,0,1,0,0,1
0,0,1,0,0,0,0,0,1,0,0,1,1,1,1,0,0,0,0,0,0,0,1,0,0,1
0,0,0,0,0,0,0,0,0,1,0,1,0,0,0,1,0,0,1,0,0,0,0,0,0,0
0,0,1,0,0,1,0,1,0,0,0,1,0,0,0,0,0,1,0,0,1,1,2,0,2,1
0,0,1,0,0,1,0,0,1,0,0,1,1,1,1,0,0,0,0,0,0,0,2,-1,0,3
0,0,1,0,0,0,0,0,1,0,0,0,0,1,0,0,0,0,1,0,1,1,1,-1,1,0
0,1,0,0,0,0,0,0,1,1,1,1,0,1,1,0,0,0,1,0,0,0,1,-1,0,0
0,0,1,0,0,1,0,0,1,0,0,1,1,1,1,1,1,0,0,0,0,0,2,0,0,2
0,0,0,0,0,0,0,0,1,1,1,1,0,0,1,0,0,0,1,0,0,1,1,-1,0,0
0,0,1,0,0,0,0,0,0,1,1,0,0,0,0,0,0,0,1,0,1,1,0,0,1,0
0,0,0,0,0,0,0,0,0,1,1,1,0,1,1,0,0,0,1,0,0,1,0,-1,0,0
0,0,0,0,0,1,0,0,1,0,0,1,1,1,1,0,1,0,0,0,0,0,2,1,0,2
0,1,0,0,0,1,0,0,1,0,0,1,0,1,1,1,0,0,0,0,0,0,2,0,0,1
0,0,0,0,1,0,0,0,0,1,1,0,0,1,1,0,0,0,1,0,0,1,0,0,1,0
0,0,1,1,1,0,0,0,0,0,0,0,0,0,1,0,0,1,1,0,0,0,0,0,2,0
0,1,1,0,0,1,0,0,1,0,0,1,1,1,0,1,1,0,0,0,0,0,2,0,0,3
0,0,0,1,0,0,0,1,0,1,1,0,0,1,1,0,0,1,1,0,1,1,1,1,2,0
0,1,1,0,0,0,0,0,1,0,0,1,0,1,0,1,0,0,0,0,0,0,1,1,0,0
0,0,1,0,0,0,0,0,0,0,1,1,0,0,0,0,0,0,1,1,1,1,0,-1,2,0
0,0,0,0,0,0,0,0,1,1,1,1,0,1,1,0,0,0,1,0,1,0,1,1,1,0
0,0,0,0,0,0,0,0,1,0,0,0,0,1,1,1,0,0,1,0,0,0,1,0,0,0
0,0,1,0,0,0,0,1,0,0,0,1,0,0,0,0,0,1,1,0,1,1,1,0,2,0
0,0,1,0,1,0,0,0,1,0,1,1,0,0,0,0,0,0,1,0,0,1,1,-2,1,0
0,0,1,1,0,1,0,1,0,0,0,0,0,1,0,0,0,1,0,0,1,0,2,1,2,1
0,0,0,0,0,0,0,0,1,1,1,1,0,0,1,0,0,0,1,0,1,1,1,-1,1,0
0,1,1,0,0,1,0,0,1,0,0,1,0,1,0,0,0,0,0,0,1,0,2,1,1,1
0,0,1,0,0,0,0,0,1,0,0,1,0,0,0,1,0,0,0,0,0,0,1,-2,0,0
0,0,1,0,0,0,0,0,0,0,0,0,0,1,0,1,0,0,0,0,0,0,0,0,0,0
0,0,1,0,0,0,0,0,1,0,0,1,1,1,1,0,0,0,0,0,0,0,1,-1,0,1
0,0,1,0,0,1,0,0,0,0,0,1,0,1,1,0,0,0,0,0,0,0,1,0,0,1
0,0,1,0,0,0,0,0,0,0,0,0,0,0,0,0,0,0,0,0,0,0,0,-2,0,1
0,0,0,0,0,0,0,0,1,1,1,0,0,1,1,0,0,0,1,0,0,1,1,-1,0,0
0,0,1,0,0,0,0,0,1,1,1,0,0,0,1,0,0,0,1,0,0,1,1,-1,0,0
0,1,1,0,0,0,0,0,1,0,0,1,1,1,1,0,0,0,0,0,0,0,1,-1,0,1
0,0,0,0,0,0,0,0,1,0,0,1,0,1,0,1,0,0,1,0,0,0,1,-1,0,0
0,1,0,0,0,0,0,0,1,0,0,1,0,1,1,0,0,0,1,0,0,1,1,0,0,0
0,0,0,1,0,0,0,0,0,0,0,0,0,1,0,0,0,0,0,0,1,0,0,1,1,0
1,0,1,0,0,0,0,0,1,0,0,0,0,0,0,0,0,0,1,0,1,1,1,0,1,0
0,0,1,0,0,0,0,0,1,0,0,1,1,1,0,1,0,0,0,0,0,1,1,0,0,1
0,0,0,0,0,0,0,0,1,0,0,0,0,0,0,0,0,0,0,1,1,1,1,0,2,0
0,1,0,0,0,1,0,0,1,0,0,1,1,1,0,0,0,0,1,0,1,0,2,1,1,2
0,1,0,0,0,0,0,0,1,1,1,0,0,1,0,0,1,0,1,0,0,0,1,-1,0,0
0,0,0,0,0,0,0,0,1,1,1,0,0,1,0,1,0,0,1,0,0,0,1,-1,0,0
0,0,1,0,0,0,0,0,1,0,0,1,1,1,1,0,0,0,0,0,0,1,1,-1,0,1
0,0,0,0,0,0,0,0,1,1,1,0,0,0,0,0,0,0,1,1,1,1,1,-1,2,0
0,0,0,0,0,0,0,0,1,1,1,1,0,1,0,1,0,0,1,0,0,0,1,0,0,0
0,0,0,0,0,0,0,0,1,0,0,1,0,0,0,0,0,0,1,0,0,0,1,0,0,0
0,0,1,0,0,0,0,0,1,0,0,0,0,0,1,0,0,0,0,0,1,1,1,-1,1,1
0,1,1,0,0,1,0,0,1,0,0,1,1,1,0,0,0,0,0,0,0,0,2,0,0,2
0,1,0,0,0,0,0,0,1,1,1,1,0,1,0,0,0,0,1,0,0,0,1,-1,0,0
0,0,0,0,0,0,0,0,1,1,1,1,0,0,1,0,0,0,1,0,0,1,1,-1,0,0
0,1,1,0,0,0,0,0,1,0,0,1,0,1,1,0,1,0,1,0,0,0,1,-1,0,0
0,0,0,0,0,0,0,0,1,1,1,1,0,1,0,0,0,0,1,0,1,1,1,-1,1,0
0,0,1,0,0,0,0,0,1,0,1,1,0,0,1,1,0,0,1,0,0,1,1,0,0,0
0,0,0,0,0,0,0,0,1,0,0,0,0,0,0,0,0,0,1,0,0,1,1,-1,0,0
0,1,0,0,0,0,0,0,1,0,0,1,0,1,1,1,0,0,1,0,0,1,1,0,0,0
0,0,1,0,0,0,0,0,1,0,0,1,0,1,1,0,0,0,1,0,0,1,1,1,0,0
0,1,0,1,0,0,0,0,0,0,0,1,0,1,0,0,0,0,1,0,0,0,0,0,0,0
0,0,1,0,0,0,0,0,1,0,0,1,0,0,1,0,1,0,0,0,0,0,1,0,0,0
0,1,0,0,0,0,0,0,1,0,0,0,0,1,0,1,0,0,1,0,0,0,1,-1,0,0
1,0,1,0,0,0,0,0,1,0,0,1,1,1,0,0,0,0,0,0,1,0,1,1,1,1
0,0,0,0,0,0,0,0,1,0,0,0,0,0,1,0,0,0,1,0,0,1,1,0,0,0
0,0,0,0,0,0,0,0,1,1,1,1,0,1,1,0,0,0,1,0,0,1,1,-1,0,0
0,0,1,0,0,0,0,0,1,0,0,0,0,1,0,0,0,0,0,0,1,0,1,0,1,0
0,1,0,0,0,0,0,0,1,1,1,1,0,1,0,0,0,0,1,0,0,0,1,0,0,0
1,0,0,0,0,1,0,0,1,0,0,0,0,0,0,0,0,0,0,0,1,0,2,0,1,1
0,0,1,0,0,0,0,0,1,0,0,0,0,1,0,0,0,0,1,0,0,1,1,1,0,0
0,0,0,0,0,1,0,0,1,0,0,1,0,1,1,1,0,0,0,0,0,0,2,1,0,1
0,0,1,0,1,0,0,0,1,1,1,0,0,1,1,0,0,0,1,0,0,0,1,0,1,0
0,0,1,0,0,0,0,0,1,0,1,0,0,1,1,0,0,0,1,0,0,1,1,0,0,0
0,0,1,0,0,0,0,0,0,0,0,0,1,1,0,0,0,1,0,1,0,0,0,0,2,2
1,0,0,0,0,0,0,0,1,0,0,0,0,0,0,0,0,0,0,0,0,0,1,0,0,0
0,1,1,0,0,1,0,0,1,0,0,1,0,1,0,0,0,0,0,0,0,0,2,1,0,1
0,1,0,0,0,0,0,0,1,0,0,0,0,0,1,0,0,0,0,0,1,0,1,0,1,1
0,0,0,0,0,0,0,0,1,0,1,0,0,0,0,0,0,0,1,0,1,1,1,0,1,0
1,0,0,0,1,0,0,0,1,1,1,0,0,0,0,0,0,0,1,0,1,1,1,0,2,0
0,1,0,0,0,1,0,0,1,0,0,1,1,1,1,0,0,0,0,0,0,0,2,0,0,2
0,0,0,1,0,0,0,0,1,1,1,1,0,1,1,0,0,0,1,0,1,1,1,0,1,0
0,1,0,0,0,0,0,0,1,0,0,1,0,1,1,0,0,0,1,0,0,1,1,0,0,0
0,0,1,0,0,0,0,0,0,0,1,0,0,1,1,0,0,1,1,0,1,1,0,0,2,0
0,1,0,0,0,0,0,0,1,0,0,1,0,1,0,0,0,0,0,0,0,0,1,-1,0,0
0,1,0,0,0,0,0,0,1,1,1,0,0,0,0,0,0,0,1,0,1,0,1,0,1,0
0,0,0,0,0,0,0,0,1,0,0,1,0,1,1,0,0,0,1,0,0,0,1,0,0,0
0,0,1,0,0,0,0,0,1,1,1,1,0,1,0,0,0,0,1,0,1,0,1,1,1,0
0,1,1,0,0,0,0,0,1,0,0,1,0,1,1,0,0,0,1,0,0,1,1,-1,0,0
0,0,1,0,0,0,0,0,1,0,1,1,0,0,1,0,0,0,1,0,0,0,1,-1,0,0
0,0,1,0,0,0,0,0,1,1,1,1,0,1,1,0,0,0,1,0,0,1,1,0,0,0
0,0,1,1,1,0,0,0,1,0,0,0,0,1,1,0,0,0,1,0,1,1,1,1,2,0
0,0,0,0,0,0,0,0,0,0,0,0,0,0,0,0,0,0,0,0,0,0,0,-1,0,0
0,1,0,0,0,0,0,0,1,0,0,1,0,0,1,1,0,0,1,0,0,0,1,0,0,0
0,0,1,1,1,0,0,0,0,1,1,1,0,1,1,0,0,0,1,0,0,1,0,-1,1,0
0,0,1,1,0,0,0,1,0,1,1,0,0,0,0,0,0,1,1,0,1,1,1,0,2,0
0,0,0,0,1,0,0,0,1,1,1,1,0,0,0,0,0,0,1,0,1,1,1,0,2,0
0,0,0,1,0,0,0,0,0,0,1,1,0,1,1,1,0,0,1,1,0,1,0,0,1,0
0,0,1,0,0,0,0,0,1,0,0,1,0,1,1,0,0,0,1,1,0,1,1,0,1,0
0,0,1,0,0,1,0,0,1,0,0,0,1,1,1,0,0,0,0,0,0,0,2,1,0,2
0,0,0,0,0,0,0,0,0,0,1,1,0,1,1,0,0,0,1,0,0,0,0,0,0,0
0,0,1,0,0,1,0,1,0,0,0,0,0,1,0,0,0,0,0,0,0,0,2,1,0,1
0,0,1,0,0,0,0,0,1,0,0,1,0,1,1,0,0,0,1,0,0,1,1,0,0,0
0,0,1,0,0,0,0,0,1,0,0,0,0,1,1,1,0,0,0,0,0,0,1,1,0,0
1,0,0,0,0,0,0,0,1,0,0,0,0,0,0,0,0,0,1,0,0,0,1,-1,0,1
0,1,1,0,0,1,0,0,1,0,0,1,0,1,1,0,0,0,0,0,0,1,2,1,0,1
0,1,1,0,1,0,0,0,1,0,0,1,0,1,1,0,0,0,1,0,0,0,1,0,1,0
0,1,1,0,0,0,0,0,1,1,1,1,0,1,0,0,0,0,1,0,0,0,1,-1,0,0
0,0,0,0,0,0,0,1,0,0,0,0,0,1,1,0,0,1,1,0,1,1,1,0,2,0
0,0,0,0,0,0,0,0,0,0,0,0,0,1,0,0,0,0,1,0,1,0,0,1,1,0
0,0,0,0,0,0,0,0,1,0,0,1,0,1,1,1,0,0,1,0,0,0,1,1,0,0
0,0,0,0,0,0,0,0,1,0,0,1,0,1,0,1,0,0,0,0,0,0,1,-1,0,0
0,0,0,0,0,0,0,0,1,0,0,0,0,1,1,0,0,0,1,1,1,1,1,0,2,0
0,0,0,0,0,0,0,1,0,0,0,0,0,1,1,0,0,0,1,0,0,1,1,0,0,0
0,1,0,0,0,0,0,0,1,0,1,0,0,0,0,0,0,0,1,0,0,0,1,-1,0,0
0,1,1,0,0,0,0,0,1,0,0,1,0,1,1,0,0,0,1,0,0,0,1,0,0,0
0,0,0,0,1,0,0,0,1,0,1,1,0,0,0,0,0,0,1,0,1,0,1,0,2,0
0,0,0,0,0,0,1,0,1,1,1,0,0,1,1,0,0,0,1,0,0,1,2,1,0,0
0,0,0,0,1,0,0,0,1,0,0,1,0,1,1,0,0,0,1,0,0,1,1,0,1,0
1,0,1,1,1,0,0,0,1,0,0,0,0,0,0,0,0,1,1,1,1,1,1,0,4,0
0,0,0,0,0,0,0,0,1,0,0,0,0,0,0,0,0,0,0,0,1,0,1,-1,1,0
0,0,1,0,0,0,0,0,1,0,0,0,0,0,1,0,0,1,0,0,0,0,1,-1,1,1
0,0,0,1,0,0,0,0,1,0,1,0,0,0,1,0,0,0,1,1,0,1,1,-2,1,0
0,1,1,0,0,1,0,0,1,0,0,1,0,1,1,1,0,0,0,0,0,0,2,0,0,1
0,1,1,0,0,1,0,0,1,0,0,1,1,1,0,0,0,0,0,0,0,0,2,1,0,2
0,0,1,1,0,0,0,0,0,0,1,1,0,1,0,0,0,0,1,0,0,1,0,1,0,0
0,0,1,0,0,0,0,0,1,0,1,1,0,0,0,0,0,0,1,0,1,1,1,0,1,0
0,0,0,0,1,0,0,0,1,0,0,0,0,1,1,0,0,0,1,0,0,1,1,0,1,0
1,0,0,1,0,0,0,0,1,0,0,0,0,0,0,0,0,0,1,0,1,1,1,0,1,0
0,0,0,1,0,0,0,1,0,0,0,1,0,1,1,0,0,1,1,0,0,1,1,0,1,0
0,0,1,1,0,0,0,0,0,1,1,0,0,0,0,0,0,0,1,0,1,1,0,0,1,0
0,0,1,0,0,0,0,0,1,0,0,0,0,1,1,0,0,0,0,0,0,0,1,-1,0,0
0,0,1,0,0,0,0,0,1,0,0,1,0,1,1,1,0,0,1,0,1,0,1,1,1,0
0,0,0,0,0,0,0,0,1,0,1,0,0,0,0,0,0,0,1,0,0,0,1,-1,0,0
0,0,1,1,0,0,0,0,1,1,1,0,0,0,1,0,0,0,1,0,0,1,1,-1,0,0
0,0,0,0,0,0,0,0,1,0,0,0,0,1,0,0,0,0,1,0,1,1,1,1,1,0
0,0,0,0,0,0,0,0,1,1,0,1,0,1,0,0,0,0,1,0,0,0,1,1,0,0
1,0,0,0,0,0,0,0,0,0,0,0,0,0,1,0,0,0,1,0,1,0,0,0,1,0
0,0,1,0,0,0,0,0,1,0,0,1,1,1,1,0,0,0,1,1,0,1,1,0,1,1
0,0,0,0,0,0,0,0,1,1,1,0,0,0,1,0,0,0,1,0,1,1,1,0,1,0
0,0,0,0,0,1,0,0,1,0,0,1,1,1,1,0,1,0,0,0,0,0,2,1,0,2
0,0,1,0,1,0,0,0,1,0,0,1,0,1,0,1,0,0,0,0,0,1,1,0,1,0
0,1,1,0,0,1,0,0,1,0,0,1,1,1,1,1,0,0,0,0,0,0,2,0,0,2
0,1,1,0,0,1,1,0,1,0,0,1,0,1,1,0,0,0,0,0,0,0,3,0,0,1
0,0,1,0,0,1,0,0,0,0,0,0,0,0,0,0,0,0,0,0,0,1,1,-1,0,2
0,0,1,0,0,0,0,0,0,1,1,1,0,1,0,0,0,0,1,0,1,1,0,1,1,0
0,0,1,1,1,0,0,0,1,0,1,1,0,1,0,0,0,0,1,0,1,1,1,1,2,0
0,0,1,0,0,0,0,1,0,0,0,0,0,1,0,0,0,1,0,0,1,1,1,1,2,0
0,0,0,0,0,0,0,0,1,0,1,1,0,1,1,0,0,0,1,0,0,1,1,-1,0,0
0,0,1,0,0,0,0,0,0,0,0,1,0,1,0,0,0,0,0,0,1,0,0,0,1,0
0,1,1,0,0,0,1,0,1,0,0,1,0,1,1,0,0,0,1,0,0,0,2,1,0,0
0,0,1,0,1,0,0,0,1,0,0,1,0,1,1,0,0,0,1,0,0,1,1,-1,1,0
0,1,1,0,0,0,0,0,1,0,0,0,0,1,0,0,0,0,1,0,0,1,1,0,0,0
1,1,1,1,0,0,0,0,1,1,1,0,0,1,0,0,0,0,1,0,0,1,1,-1,0,0
0,0,0,0,0,0,0,0,1,1,1,0,0,1,0,0,0,0,1,0,1,0,1,0,1,0
0,0,1,0,0,0,0,0,1,1,1,0,0,1,1,0,0,0,1,0,0,1,1,-1,0,1
0,0,0,0,0,0,0,0,0,0,0,0,0,1,1,0,0,0,1,0,1,0,0,1,1,0
0,0,0,0,1,0,0,0,1,0,0,0,0,0,0,0,0,0,1,0,0,0,1,-2,1,0
0,0,1,0,0,0,0,0,0,0,0,1,0,1,0,0,0,1,1,0,0,1,0,1,1,0
0,0,1,0,1,0,0,0,1,0,1,0,0,1,1,0,0,0,1,0,0,1,1,0,1,0
0,1,1,0,0,0,0,0,1,0,0,1,1,1,1,1,0,0,0,0,0,0,1,0,0,1
0,0,1,0,1,0,0,0,1,0,0,0,0,1,0,0,0,1,1,0,0,1,1,1,2,0
0,0,0,0,0,0,0,0,1,0,0,1,0,1,1,0,0,0,0,0,0,0,1,1,0,0
0,1,0,0,0,0,0,0,0,1,1,0,0,0,1,0,0,0,1,0,1,0,0,0,1,0
0,0,1,0,0,0,0,0,1,1,1,0,0,0,1,0,0,0,1,0,1,1,1,0,1,0
0,0,0,1,0,0,0,0,1,0,0,0,0,0,0,0,0,0,1,1,0,1,1,-2,1,0
0,1,1,0,0,1,0,0,1,0,0,1,0,1,0,0,1,0,0,0,0,0,2,1,0,1
0,0,1,0,1,0,0,0,1,0,0,1,0,1,1,0,0,0,1,0,0,1,1,0,1,0
0,0,1,1,1,0,0,0,0,0,0,1,0,1,0,0,0,0,1,0,1,1,0,0,2,0
0,1,0,0,0,1,0,0,0,0,0,1,1,1,1,0,0,0,0,0,1,0,1,0,1,2
1,0,0,0,0,0,0,0,1,1,1,1,0,0,0,0,0,0,1,0,0,1,1,0,0,0
0,0,0,1,1,0,0,0,1,1,1,1,0,1,1,0,0,0,1,0,0,1,1,0,1,0
1,1,0,0,0,0,0,0,0,0,1,0,0,0,0,0,0,0,1,0,0,0,0,-1,0,0
0,1,0,0,0,0,0,0,1,1,1,1,0,1,0,0,0,0,1,0,0,1,1,1,0,0
0,0,1,0,0,0,0,0,1,1,1,0,0,0,1,0,0,0,1,0,0,0,1,-2,0,0
0,0,1,0,0,0,0,0,1,1,1,1,0,0,0,0,0,0,1,0,1,0,1,0,1,0
0,0,0,0,0,0,0,0,1,1,1,0,0,1,1,0,0,0,1,0,0,1,1,0,0,0
0,0,0,0,0,0,0,0,1,0,0,1,0,1,0,1,0,0,1,0,0,1,1,1,0,0
0,0,0,1,1,0,0,0,1,1,1,0,0,0,0,0,0,0,1,0,1,1,1,-1,2,0
0,0,1,0,0,0,0,0,1,0,0,1,0,1,1,0,0,0,1,0,0,0,1,0,0,0
0,0,1,1,1,0,0,1,0,0,1,0,0,1,0,0,0,1,1,0,1,1,1,1,3,0
0,1,1,0,0,0,0,0,1,0,0,1,0,1,1,0,0,0,1,0,0,1,1,-1,0,0
0,1,0,0,0,1,0,0,1,0,0,1,1,1,0,1,1,0,0,0,0,0,2,0,0,4
0,0,0,0,1,0,0,1,0,1,1,0,0,0,0,0,0,1,1,0,1,1,1,-1,3,0
0,0,1,0,1,0,0,0,1,0,1,0,0,1,1,0,0,0,1,0,0,1,1,-1,1,0
0,0,0,0,0,0,0,0,1,1,0,1,0,1,1,1,0,0,1,0,0,0,1,0,0,0
0,0,1,0,0,0,0,0,1,0,0,1,0,1,0,1,0,0,1,0,0,1,1,0,0,0
0,0,1,0,0,0,0,0,1,0,0,0,0,0,0,0,0,0,0,1,0,1,1,-1,1,0
0,0,1,0,0,0,0,0,1,1,1,1,0,1,1,0,0,0,1,0,0,1,1,0,0,0
0,0,0,0,0,0,0,0,1,1,1,0,0,0,0,0,0,0,1,0,0,0,1,0,0,0
0,0,0,0,0,0,0,0,1,1,1,0,0,0,0,1,0,0,1,0,0,1,1,-2,0,0
0,0,1,0,0,0,0,0,1,0,0,1,0,1,1,0,0,0,1,0,1,1,1,0,1,0
0,0,1,0,0,0,0,0,1,1,1,0,0,0,1,0,0,0,1,0,0,0,1,-1,0,0
0,1,0,0,0,0,0,0,1,0,0,0,0,0,0,0,0,1,0,0,0,1,1,-1,1,0
0,0,0,0,0,0,0,0,1,1,1,1,0,0,1,0,0,0,1,0,0,0,1,-1,0,0
0,1,1,1,0,0,0,1,0,0,1,1,0,1,0,0,0,1,1,0,1,1,1,1,2,0
0,0,0,0,0,0,0,1,0,1,1,1,0,0,1,0,0,1,1,0,1,1,1,-1,2,0
0,0,1,1,0,0,0,0,0,0,0,1,0,1,0,0,0,0,1,0,1,1,0,1,1,0
0,0,1,0,0,0,0,0,1,1,1,0,0,0,0,0,0,0,1,0,0,0,1,-2,0,0
0,0,1,1,0,0,0,0,0,1,1,0,0,1,1,0,0,0,1,0,0,0,0,0,0,0
0,1,1,0,0,0,0,0,1,0,0,1,0,1,0,1,0,0,1,0,0,0,1,-1,0,0
0,0,0,0,0,0,0,0,0,0,0,0,0,0,0,0,0,0,1,0,0,0,0,-1,0,0
0,0,1,0,1,0,0,0,1,0,0,1,0,1,1,0,0,0,1,0,0,0,1,-1,1,0
0,0,0,0,0,0,0,0,0,0,0,1,0,1,0,0,0,0,1,0,0,0,0,1,0,0
0,0,0,0,0,0,0,0,1,1,1,1,0,1,1,0,0,0,1,0,0,1,1,1,0,0
0,0,1,0,0,0,0,0,1,1,1,1,0,1,0,0,0,0,1,0,0,1,1,0,0,0
0,0,0,0,0,0,0,0,0,0,0,0,0,0,0,0,0,1,1,0,1,1,0,-1,2,0
0,0,1,0,0,1,0,0,1,0,0,0,0,1,1,0,0,0,0,0,0,1,2,0,0,1
0,1,0,0,0,0,0,0,0,0,0,0,0,0,0,0,0,0,1,0,0,0,0,-2,0,0
0,0,1,0,0,0,0,0,1,0,0,1,0,1,0,0,0,0,1,0,0,1,1,1,0,0
0,0,1,0,0,0,0,0,1,1,1,1,0,1,0,0,0,0,1,0,0,1,1,-1,0,0
0,1,0,0,0,0,0,0,1,0,1,1,0,0,0,0,0,0,1,0,1,1,1,0,1,0
0,0,1,0,0,1,0,0,1,0,0,0,0,0,0,0,0,0,0,0,0,0,2,0,0,1
0,1,1,0,0,0,0,0,1,0,0,1,0,1,1,0,0,0,1,0,0,1,1,1,0,0
0,0,1,0,0,1,0,0,1,0,0,1,0,1,1,0,0,0,0,0,0,1,2,1,0,1
0,1,0,0,0,0,0,0,1,1,1,0,0,1,1,0,0,0,1,0,1,0,1,1,1,0
0,0,0,0,0,0,0,0,1,0,0,1,0,1,0,0,0,0,1,0,1,0,1,1,1,0
0,1,0,0,0,0,0,0,1,0,0,1,0,1,1,0,0,0,1,0,0,0,1,-1,0,0
0,1,1,0,0,0,0,0,1,1,1,1,0,1,0,0,0,0,1,0,0,1,1,-1,0,0
0,0,1,0,0,0,0,0,1,0,0,1,0,1,0,0,0,0,1,0,0,0,1,1,0,0
0,0,1,0,0,0,0,0,0,1,1,0,0,1,0,0,0,0,1,0,0,0,0,-1,0,0
0,0,0,0,0,0,0,0,1,0,1,1,0,1,1,0,0,0,1,0,0,0,1,0,0,0
0,0,1,0,0,0,0,1,0,1,1,0,0,0,0,0,0,1,1,0,1,1,1,0,2,0
0,0,0,1,0,0,0,0,1,1,1,0,0,0,0,0,0,0,1,0,0,1,1,-1,0,0
0,0,1,0,0,0,0,0,1,0,1,0,0,0,1,0,0,0,1,0,0,0,1,-2,0,0
0,0,0,1,1,0,0,1,0,0,0,0,0,0,1,0,0,0,1,0,1,1,1,0,2,0
0,0,0,0,0,0,0,0,1,0,0,1,0,1,0,0,0,0,1,0,0,0,1,1,0,0
0,0,0,1,0,1,0,1,0,0,0,1,0,0,0,0,0,1,0,0,1,1,2,0,2,1
0,1,1,0,0,0,0,0,1,0,1,1,0,1,0,1,0,0,1,0,0,0,1,-1,0,0
0,0,1,0,0,1,0,0,1,0,0,1,0,1,1,1,0,0,0,0,0,0,2,0,0,1
1,0,1,0,0,0,0,0,1,0,0,1,0,1,1,0,0,0,0,0,0,0,1,0,0,0
0,0,0,0,0,0,0,0,1,1,1,1,0,1,1,0,0,0,1,0,0,0,1,1,0,0
0,1,0,0,0,1,1,0,1,0,0,1,1,1,0,1,0,0,0,0,0,0,3,0,0,2
0,1,1,0,0,1,0,0,1,0,0,1,1,1,1,1,0,0,0,0,0,1,2,0,0,2
0,1,0,0,0,0,0,0,1,0,0,1,0,1,1,1,0,0,0,0,0,0,1,1,0,0
0,0,1,0,0,0,0,0,1,1,1,0,0,1,1,0,0,0,1,0,0,1,1,0,0,0
1,0,0,0,0,0,0,0,0,0,0,0,0,0,0,0,0,0,1,0,1,0,0,0,1,1
0,0,1,1,1,0,0,1,0,0,0,0,0,1,0,0,0,1,1,0,1,1,1,1,3,0
0,0,1,0,0,1,0,0,1,0,0,1,1,1,0,0,1,0,0,0,0,0,2,-1,0,2
0,0,0,0,0,1,0,0,1,0,0,1,1,0,0,0,1,0,0,0,0,0,2,-2,0,3
0,0,1,0,0,1,0,0,1,0,0,1,1,1,1,0,0,0,0,0,0,0,2,-1,0,2
0,0,1,0,0,0,1,0,1,0,0,1,0,1,1,0,0,0,1,0,0,1,2,-1,0,0
0,0,0,0,0,0,0,0,0,0,0,1,0,1,0,0,0,0,1,0,0,0,0,1,0,0
0,0,0,0,0,0,0,0,1,0,0,0,0,0,1,0,0,0,1,0,0,0,1,-1,0,0
0,0,1,0,0,0,0,0,1,1,1,1,0,1,0,0,0,0,1,0,0,1,1,0,0,0
0,1,1,0,0,1,0,0,1,0,0,1,1,1,1,1,1,0,0,0,0,0,2,-1,0,3
1,0,1,0,0,1,0,0,1,0,0,0,0,0,0,0,0,0,0,0,1,1,2,0,1,1
0,0,0,0,0,1,0,0,1,0,0,0,0,0,1,0,0,0,0,0,0,0,2,-1,0,1
0,0,0,0,0,0,0,1,0,1,1,0,0,0,1,0,0,0,1,0,1,1,1,0,1,0
0,0,0,0,0,0,0,0,1,1,0,0,0,1,0,0,0,0,1,0,0,0,1,0,0,0
0,0,1,0,0,0,0,0,0,1,1,1,0,1,0,0,0,0,1,0,0,1,0,0,0,0
0,0,0,1,0,0,0,1,0,1,1,0,0,0,0,0,0,1,1,0,1,1,1,-1,2,0
0,0,1,0,0,0,1,0,1,0,0,1,0,1,0,0,0,0,1,0,0,0,2,-1,0,0
0,0,0,0,0,0,0,1,0,1,1,0,0,0,0,0,0,1,1,0,1,1,1,-1,2,0
0,0,0,0,0,0,0,0,1,0,0,0,0,0,0,0,0,0,1,0,0,1,1,0,0,0
0,1,0,0,0,0,0,0,1,0,1,1,0,0,0,0,0,0,1,0,0,1,1,-1,0,0
0,0,1,0,0,0,0,0,1,0,0,0,0,1,0,0,0,1,0,0,0,0,1,0,1,0
0,0,1,0,0,0,0,0,0,0,1,0,0,0,1,0,0,0,1,0,0,0,0,-1,0,0
0,0,1,0,0,0,0,0,0,1,1,0,0,0,0,0,0,1,1,0,1,1,0,-1,2,0
0,0,1,0,0,0,0,0,1,0,0,1,0,1,0,1,0,0,0,0,0,1,1,-1,0,0
0,0,0,0,0,0,0,0,0,1,1,0,0,0,1,0,0,1,1,0,1,1,0,-1,2,0
0,0,0,0,0,0,0,0,1,1,0,1,0,1,0,0,0,0,1,0,0,1,1,-1,0,0
0,0,0,0,0,0,0,0,1,0,1,0,0,1,1,0,0,0,1,0,0,1,1,0,0,0
0,0,1,0,0,0,0,0,1,0,0,1,1,1,0,1,1,0,0,0,0,0,1,0,0,1
0,0,0,1,0,0,0,0,1,0,1,0,0,0,0,0,0,0,1,0,1,1,1,0,1,0
0,0,1,0,0,0,0,0,1,0,0,1,0,1,1,0,0,0,1,0,1,0,1,1,1,0
0,0,1,1,1,0,0,1,0,0,0,0,0,0,0,0,0,1,1,0,0,0,1,0,2,0
0,0,1,0,0,0,0,0,0,0,0,0,0,0,0,0,0,1,0,1,1,1,0,0,3,0
0,0,1,1,1,0,0,1,0,1,1,0,0,0,0,0,0,1,1,0,1,1,1,-1,3,0
0,0,0,0,0,0,0,0,1,0,0,0,0,0,1,0,0,0,1,0,0,0,1,-2,0,0
0,0,1,1,1,0,0,1,0,0,1,0,0,1,1,0,0,1,1,0,1,1,1,1,3,0
0,1,0,0,0,0,0,0,1,1,1,0,0,1,1,0,0,0,1,0,1,1,1,1,1,0
0,0,1,0,0,0,0,0,0,0,0,1,0,0,0,0,0,1,1,0,0,0,0,0,1,0
0,0,1,0,0,0,0,0,1,0,0,1,0,1,1,0,0,0,0,0,1,0,1,1,1,0
0,0,0,0,0,0,0,0,0,0,0,0,0,0,0,0,0,1,1,0,1,1,0,-1,2,0
0,1,0,0,0,0,0,0,1,0,0,1,0,1,0,0,0,0,1,0,0,0,1,0,0,0
0,0,1,1,1,0,0,1,0,0,0,1,0,1,1,0,0,0,1,0,0,1,1,1,1,0
0,1,0,0,0,1,0,0,1,0,0,0,0,1,1,0,0,0,0,0,0,0,2,0,0,1
0,0,1,0,0,1,0,0,1,0,0,1,1,1,0,1,1,0,0,0,0,0,2,1,0,3
0,0,1,0,0,1,0,0,1,0,0,0,0,0,1,0,0,1,0,0,0,0,2,-1,1,1
1,0,0,0,1,0,0,1,0,0,1,0,0,0,0,0,0,1,1,0,0,1,1,-1,2,0
0,0,0,0,0,0,0,0,1,1,1,1,0,1,0,0,0,0,1,0,0,1,1,0,0,0
0,0,0,0,1,0,0,0,1,0,0,1,0,1,0,0,0,0,1,0,0,1,1,0,1,0
0,0,0,0,0,0,0,0,0,1,1,1,0,1,0,0,0,0,1,0,1,0,0,0,1,0
0,0,1,0,0,0,0,0,1,1,1,0,0,1,1,0,0,0,1,0,1,0,1,0,1,0
0,0,1,0,0,0,0,0,1,0,0,1,0,1,1,0,0,0,1,0,0,0,1,0,0,0
0,1,0,0,0,0,0,0,1,0,0,0,0,1,0,1,0,0,0,0,0,0,1,0,0,0
0,1,0,0,0,0,0,0,1,0,0,1,0,1,1,0,0,0,1,0,0,0,1,0,0,0
1,1,0,0,0,1,0,0,1,0,0,1,0,1,0,0,0,0,0,0,1,0,2,0,1,1
0,0,1,0,0,1,0,0,1,0,0,1,1,1,0,0,0,0,0,0,0,0,2,1,0,2
0,0,1,0,0,0,0,0,1,0,0,1,0,1,1,1,0,0,0,0,0,0,1,0,0,0
0,0,1,0,1,0,0,0,1,1,1,0,0,0,1,0,0,0,1,0,0,0,1,-1,1,0
0,1,0,0,0,0,0,0,0,0,1,1,0,0,0,0,0,0,1,0,1,1,0,0,1,0
0,1,1,0,0,0,0,0,0,0,0,1,0,0,0,0,0,0,1,0,1,1,0,0,1,0
0,1,0,0,0,0,0,0,1,0,0,1,0,1,1,0,0,0,1,0,0,1,1,0,0,0
0,1,0,0,0,0,0,0,1,1,1,1,0,1,0,0,0,0,1,0,0,1,1,1,0,0
0,0,1,0,0,0,0,0,1,0,0,1,0,1,1,0,0,0,1,0,0,1,1,-1,0,0
0,0,0,0,0,1,0,0,1,0,0,1,1,1,1,0,0,0,0,0,0,0,2,1,0,2
0,0,1,0,0,0,0,1,0,0,0,1,0,1,1,0,0,0,1,0,0,1,1,1,0,0
0,1,1,0,0,0,0,0,1,1,1,1,0,1,1,0,0,0,1,0,0,1,1,0,0,0
0,0,1,0,0,1,0,0,1,0,0,0,1,0,0,0,0,1,0,0,0,1,2,-1,1,2
0,0,1,0,0,0,0,0,1,0,0,1,1,1,1,0,0,0,0,0,0,0,1,0,0,1
0,0,1,0,0,1,0,0,1,0,0,1,0,0,0,0,0,0,0,0,0,1,2,-2,0,1
0,0,1,0,0,0,0,0,1,0,0,1,1,1,1,1,0,0,0,0,0,0,1,-1,0,1
0,1,0,0,0,1,0,0,1,0,0,1,1,1,0,0,0,0,0,0,0,0,2,1,0,2
0,0,0,0,0,0,0,0,1,1,0,1,0,0,0,0,0,0,1,0,1,1,1,0,1,0
0,0,0,0,0,0,0,0,0,0,0,0,0,0,0,1,0,0,0,1,1,1,0,0,2,0
0,0,0,0,0,0,0,0,1,0,0,1,0,1,1,0,0,0,1,0,0,0,1,1,0,0
0,1,1,0,0,0,0,0,1,0,0,1,0,1,1,0,0,0,1,0,0,1,1,-1,0,0
0,0,0,0,0,0,0,0,1,1,1,1,0,1,1,0,0,0,1,0,1,0,1,0,1,0
0,1,1,0,0,0,0,0,0,0,0,1,0,1,0,0,0,0,1,0,0,1,0,0,0,0
0,0,1,0,0,0,0,0,0,0,1,1,0,1,1,0,0,0,1,0,0,1,0,0,0,0
0,0,1,0,1,0,0,0,1,1,1,0,0,1,0,0,0,0,1,0,0,1,1,0,1,1
0,0,1,0,0,0,0,0,1,0,0,0,0,0,0,0,0,0,0,0,0,1,1,-1,0,0
0,0,1,0,0,1,0,1,0,0,0,0,0,0,0,0,0,1,0,0,1,1,2,0,2,1
0,0,1,0,0,0,0,0,1,0,0,0,1,0,1,0,0,0,0,0,0,0,1,-1,0,1
0,1,0,0,0,0,0,0,1,1,1,1,0,1,1,0,0,0,1,0,0,0,1,0,0,0
0,0,0,0,0,1,0,0,0,0,0,0,0,0,0,0,0,0,1,0,1,1,1,0,1,1
0,0,1,0,0,0,0,0,1,0,0,1,0,0,0,0,0,1,0,0,0,1,1,-2,1,0
0,0,0,0,0,0,0,0,1,0,0,1,0,0,1,0,0,0,1,0,1,1,1,0,1,0
0,0,1,1,1,0,0,0,1,0,0,1,0,1,1,1,0,0,1,0,0,1,1,0,1,0
0,0,1,0,0,0,0,0,1,0,0,1,0,1,1,0,0,0,1,0,0,1,1,1,0,0
0,0,1,1,1,0,0,1,0,0,1,0,0,0,0,0,0,1,1,0,1,1,1,0,3,0
0,0,1,1,1,0,0,0,0,0,0,1,0,1,0,0,0,0,1,0,0,1,0,-1,1,0
0,0,0,0,0,0,0,0,1,1,1,0,0,0,0,0,0,0,1,0,1,0,1,0,1,0
0,0,1,0,0,0,0,0,0,1,1,0,0,1,1,0,0,0,1,0,1,1,0,1,1,0
0,1,0,0,0,1,0,0,1,0,0,1,1,1,1,0,0,0,0,0,0,0,2,0,0,3
0,0,1,0,0,0,0,0,1,1,1,0,0,1,1,0,0,0,1,0,1,0,1,0,1,0
0,1,0,0,0,1,0,0,1,0,0,1,1,1,0,1,0,0,0,0,0,0,2,0,0,2
0,0,1,0,0,0,0,0,1,0,0,1,0,1,1,0,0,0,1,0,0,1,1,1,0,0
0,1,1,0,0,0,0,0,1,1,0,1,0,1,1,1,0,0,1,0,0,1,1,0,0,0
0,0,0,0,0,0,0,0,0,1,1,1,0,1,1,0,0,0,1,0,1,1,0,1,1,0
0,0,0,0,0,0,0,1,0,1,1,1,0,1,0,0,0,1,1,0,1,1,1,1,2,0
0,0,1,1,0,0,0,0,1,1,1,0,0,0,0,0,0,0,1,0,0,0,1,0,0,1
0,0,0,0,0,0,0,0,1,0,0,1,0,0,1,1,0,0,1,0,1,1,1,-1,1,0
0,1,1,0,0,0,0,0,1,0,0,1,0,1,1,1,0,0,1,0,0,1,1,0,0,0
0,1,1,0,0,0,0,0,1,1,1,1,0,1,1,0,0,0,1,0,0,0,1,0,0,0
0,0,1,0,0,0,0,0,1,1,1,1,0,1,1,0,0,0,1,0,0,1,1,0,0,0
0,0,0,0,0,0,0,0,1,1,0,1,0,1,0,0,0,0,1,0,1,0,1,1,1,0
0,0,0,1,1,0,0,0,0,0,1,1,0,1,0,0,0,0,1,0,1,1,0,0,2,0
0,1,0,0,0,1,0,0,1,0,0,1,0,0,1,1,0,0,0,0,0,0,2,0,0,1
0,0,1,0,1,0,0,0,1,0,0,0,0,0,0,0,0,1,1,0,1,1,1,0,3,0
0,0,1,0,0,0,0,0,1,0,0,1,0,1,1,0,0,0,1,0,0,0,1,0,0,0
0,1,1,0,0,1,0,0,1,0,0,1,1,1,1,0,1,0,0,0,0,0,2,0,0,2
0,1,1,0,0,0,0,0,1,1,0,1,0,1,1,0,0,0,1,0,0,1,1,-1,0,0
0,1,0,0,0,1,0,0,1,0,0,1,0,1,0,0,0,0,0,0,0,0,2,1,0,1
0,0,0,0,0,0,0,0,1,0,0,1,1,1,0,0,0,0,0,0,0,1,1,1,0,1
0,0,1,0,0,1,0,0,1,0,0,1,0,1,0,0,0,1,1,0,0,0,2,0,1,1
0,0,0,0,0,0,0,0,1,0,0,0,0,0,0,0,0,0,0,0,0,0,1,-2,0,0
0,1,0,0,0,1,0,0,1,0,0,1,1,1,0,0,1,0,0,0,0,0,2,1,0,2
0,1,1,0,0,0,0,0,1,0,0,1,0,0,1,0,0,0,1,0,0,0,1,0,0,0
0,0,1,0,0,1,0,0,1,0,0,1,1,1,0,0,0,0,0,0,0,0,2,-1,0,2
1,0,1,0,0,0,0,0,1,1,1,1,0,1,1,0,0,0,1,0,0,0,1,0,0,0
1,0,1,0,0,0,0,0,1,1,1,0,0,0,0,0,0,0,1,0,0,1,1,-1,0,0
0,0,0,0,1,0,0,0,1,1,1,1,0,1,1,0,0,0,1,0,0,0,1,0,1,0
0,0,0,1,1,0,0,0,0,0,0,0,0,1,1,0,0,0,1,0,1,0,0,0,2,0
0,0,0,0,0,0,0,0,0,0,0,1,0,1,0,0,0,0,1,0,1,0,0,1,1,0
0,0,0,0,0,0,0,0,1,1,1,0,0,0,1,1,0,0,1,1,0,1,1,-2,1,1
0,1,1,0,0,0,0,0,1,0,1,0,0,0,1,0,0,0,1,0,0,1,1,-1,0,0
0,0,1,1,0,0,0,0,0,1,1,1,0,1,1,0,0,0,1,0,0,1,0,0,0,0
0,0,1,1,1,0,0,0,1,0,1,0,0,1,0,0,0,0,1,0,1,1,1,1,2,0
0,1,0,0,0,0,0,0,1,1,1,1,0,1,1,0,0,0,1,0,1,1,1,1,1,0
0,1,0,0,0,0,0,1,0,1,1,1,0,0,0,1,0,1,1,0,1,1,1,0,2,0
0,1,1,0,0,0,0,0,1,0,0,0,0,1,0,0,0,0,0,0,0,1,1,0,0,0
0,0,1,0,0,0,0,0,1,0,0,1,0,1,0,0,0,0,1,0,1,0,1,1,1,0
0,0,0,0,0,0,0,0,0,0,1,0,0,0,0,0,0,0,1,0,0,1,0,0,0,0
0,0,0,0,0,1,0,0,1,0,0,1,1,1,1,0,0,0,0,0,1,0,2,1,1,2
0,0,1,0,0,0,0,0,0,1,1,0,0,0,0,0,0,0,1,0,1,1,0,-1,1,0
0,0,0,0,0,0,0,0,1,0,0,1,0,1,1,1,0,1,1,0,0,1,1,0,1,0
0,1,0,0,0,1,0,0,1,0,1,1,0,1,0,0,0,0,1,0,0,0,2,1,0,1
0,0,1,0,1,0,0,0,0,1,1,0,0,0,0,0,0,0,1,0,1,1,0,-1,2,0
0,0,1,0,0,0,0,0,1,0,0,0,0,1,0,1,0,0,1,0,0,0,1,0,0,0
0,1,0,0,0,0,1,0,1,0,0,1,0,0,0,0,0,0,1,0,1,1,2,0,1,0
0,0,0,1,1,0,0,0,0,0,1,1,0,0,1,0,0,0,1,0,0,1,0,0,1,0
0,0,0,0,0,1,0,0,1,0,0,1,0,1,1,1,0,0,1,0,0,0,2,1,0,1
0,1,1,0,0,1,1,0,1,0,0,1,1,1,1,1,1,0,0,0,0,0,3,-1,0,2
0,1,0,0,0,0,0,0,1,0,0,1,0,0,0,0,0,0,1,0,1,0,1,0,1,0
0,0,0,0,0,0,0,0,1,1,0,1,0,1,0,0,0,0,1,0,1,0,1,1,1,0
0,0,0,1,0,0,0,1,0,0,0,1,0,1,0,0,0,1,1,0,1,1,1,1,2,0
0,0,0,0,0,0,0,0,1,1,0,1,0,1,0,1,0,0,1,0,0,1,1,0,0,0
0,0,0,0,0,0,0,0,0,0,0,1,1,1,0,0,0,0,0,0,0,0,0,1,0,2
0,0,0,1,0,0,0,0,0,0,0,0,0,0,0,0,0,1,1,0,1,1,0,0,2,0
0,0,1,0,0,1,0,0,1,0,0,1,0,1,0,0,0,0,0,0,0,0,2,1,0,1
0,0,1,0,1,0,0,0,1,0,0,1,0,1,1,0,0,0,1,0,0,1,1,-1,1,0
0,0,1,0,0,0,0,0,1,0,0,0,1,1,1,1,1,0,0,0,0,0,1,-1,0,2
0,0,1,0,0,1,0,0,1,0,0,1,1,1,1,0,0,0,0,0,0,1,2,0,0,3
0,0,0,0,1,0,0,0,0,0,0,0,0,0,0,0,0,0,1,0,1,1,0,0,2,0
1,0,1,0,0,0,0,0,1,0,0,1,0,1,0,0,0,0,0,0,0,0,1,0,0,0
0,1,0,0,0,0,0,0,1,1,1,1,0,1,1,0,0,0,1,0,0,0,1,0,0,0
0,0,1,0,0,0,1,0,1,1,1,0,0,1,0,0,0,0,1,0,0,1,2,0,0,0
0,0,0,0,1,0,0,0,1,1,1,1,0,0,0,0,0,0,1,0,0,0,1,-1,1,0
0,1,1,0,0,0,0,0,1,0,0,1,0,1,1,0,0,0,1,0,0,0,1,0,0,0
0,0,0,0,0,0,0,0,0,0,0,0,0,0,1,0,0,0,1,0,1,0,0,0,1,0
0,0,0,0,0,0,0,0,0,1,1,0,0,0,1,0,0,1,1,0,1,1,0,0,2,0
0,0,0,0,0,0,0,0,0,1,1,0,0,1,1,0,0,0,1,0,1,1,0,1,1,0
0,0,0,0,0,0,0,0,1,1,0,0,0,0,1,0,0,0,1,0,0,0,1,-2,0,0
0,0,0,1,1,0,0,0,0,1,1,0,0,0,0,0,0,0,1,0,1,0,0,0,2,0
0,0,0,0,0,0,0,0,1,0,1,0,0,0,0,0,0,1,1,0,1,1,1,0,2,0
0,0,1,0,0,0,0,0,0,0,0,1,0,1,0,0,0,0,0,0,0,0,0,-1,0,1
0,0,0,0,0,0,0,0,0,0,1,0,0,0,0,0,0,1,1,0,1,1,0,-1,2,0
0,0,1,0,1,0,0,0,1,0,0,1,0,1,0,0,0,0,1,0,0,1,1,-1,1,0
0,0,0,0,1,0,0,0,1,1,1,1,0,1,1,1,0,0,1,0,0,0,1,-1,1,0
0,1,1,0,0,0,0,0,1,0,0,1,0,1,1,0,0,0,1,0,0,0,1,1,0,0
0,0,1,0,0,0,0,0,1,0,0,0,0,0,0,1,0,0,0,0,0,0,1,-1,0,0
0,0,0,0,0,0,0,0,1,0,1,1,0,1,1,0,0,0,1,0,0,0,1,0,0,0
0,0,0,0,0,0,0,0,1,0,0,0,0,0,0,0,0,0,0,0,0,1,1,-1,0,0
1,0,0,0,0,0,0,0,1,0,0,0,0,0,0,1,0,0,1,0,1,0,1,0,1,0
0,1,0,0,0,0,0,0,1,0,0,1,0,0,0,0,0,0,1,0,1,0,1,0,1,0
1,0,1,0,1,0,0,0,1,0,0,0,0,0,0,0,0,0,1,0,0,1,1,0,1,0
0,0,1,0,0,0,0,0,1,0,0,1,0,0,0,0,0,0,1,0,0,0,1,-2,0,0
0,0,0,0,0,0,0,0,1,0,1,0,0,1,1,0,0,0,1,0,1,1,1,1,1,0
0,0,0,0,0,0,0,0,1,0,0,0,0,0,1,0,0,0,0,0,0,0,1,-2,0,2
1,0,1,0,0,0,0,1,0,0,1,0,0,0,0,0,0,0,1,0,1,1,1,0,1,0
0,0,0,0,0,0,0,0,1,0,0,1,1,1,1,0,0,0,0,0,0,0,1,0,0,1
0,1,1,0,0,1,0,0,1,0,0,1,1,1,1,1,1,0,0,0,0,0,2,0,0,2
0,0,0,0,0,0,0,1,0,0,0,1,0,0,1,0,0,0,1,0,1,1,1,-1,1,0
0,0,0,0,0,0,0,0,1,1,1,0,0,0,0,0,0,0,1,0,0,1,1,-1,0,0
0,0,0,0,0,0,0,0,0,0,0,1,0,1,1,1,0,0,1,0,0,0,0,1,0,0
1,0,0,0,0,1,0,0,1,0,0,1,0,1,1,0,0,0,1,0,0,0,2,1,0,1
0,0,0,0,0,0,0,0,0,0,0,0,0,0,0,0,0,1,0,0,1,1,0,-1,2,0
0,0,0,0,0,0,0,0,1,0,1,1,0,1,1,0,0,0,1,0,1,1,1,1,1,0
0,0,0,0,0,0,0,1,0,1,1,0,0,1,1,0,0,1,1,0,1,1,1,0,2,0
1,0,0,0,0,0,0,0,1,0,0,0,0,0,0,0,0,0,1,0,1,0,1,0,1,0
0,0,1,1,0,0,0,1,0,0,0,1,0,0,0,0,0,1,1,0,1,1,1,0,2,0
0,0,0,0,0,0,0,0,1,1,1,1,0,1,0,0,0,0,1,0,0,1,1,1,0,0
0,0,1,0,0,0,0,0,1,0,0,1,0,1,0,0,0,0,1,0,0,1,1,-1,0,0
1,0,0,0,0,0,0,0,1,0,0,0,0,0,0,0,0,0,0,0,0,1,1,0,0,0
1,0,1,0,0,0,0,0,1,0,0,0,0,0,0,0,0,1,0,0,0,0,1,-1,1,0
0,0,0,0,1,0,0,0,1,0,1,1,0,1,1,0,0,0,1,0,0,1,1,1,1,0
1,0,0,0,0,1,0,0,0,1,1,0,0,0,0,0,0,1,1,0,0,1,1,0,1,1
0,0,0,0,0,0,0,0,1,0,0,1,0,1,1,0,0,0,1,0,1,0,1,1,1,0
0,0,0,0,0,0,0,0,1,0,0,1,0,1,1,1,0,0,1,0,0,1,1,0,0,0
0,1,1,0,0,0,0,0,1,0,1,0,0,0,1,0,0,0,1,0,0,1,1,-1,0,0
0,0,1,0,0,0,0,0,0,0,0,0,0,0,0,0,0,1,0,0,1,1,0,0,2,0
0,1,0,0,0,0,0,0,1,1,1,0,1,1,0,1,0,0,1,0,0,0,1,-1,0,1
0,0,0,0,0,0,0,0,0,0,0,0,0,0,0,0,0,1,0,0,1,1,0,-1,2,0
0,0,1,0,0,0,0,0,0,0,0,0,0,0,0,0,0,1,0,0,1,1,0,0,2,1
0,0,1,0,0,0,0,0,1,0,0,0,0,0,0,0,0,0,1,0,0,1,1,-1,0,0
0,0,0,0,0,0,0,0,1,0,0,1,0,1,0,0,0,0,1,0,1,0,1,1,1,0
0,0,0,0,0,0,0,0,1,0,0,1,0,1,1,0,0,0,1,0,0,1,1,-1,0,0
0,0,1,0,0,0,0,0,1,1,1,1,0,1,0,0,0,0,1,0,0,1,1,0,0,0
0,0,1,0,1,0,0,1,0,1,1,1,0,1,0,0,0,1,1,0,1,1,1,0,3,0
0,0,1,0,0,0,0,0,1,0,0,1,1,1,1,0,0,0,0,0,0,0,1,1,0,1
0,0,0,0,0,0,0,0,0,0,0,0,0,0,0,0,0,1,0,0,0,1,0,0,1,2
0,0,1,0,0,0,0,0,1,0,0,1,0,1,0,0,0,0,1,1,0,1,1,0,1,0
0,0,1,1,1,0,0,1,0,0,1,1,0,1,0,0,0,1,1,0,1,1,1,1,3,0
0,0,0,0,0,0,0,0,1,0,0,1,0,1,0,1,0,0,0,0,0,0,1,-1,0,1
0,1,0,0,0,1,0,0,1,0,0,1,0,1,0,0,0,0,0,0,0,0,2,1,0,1
0,0,1,0,0,0,0,0,1,1,1,0,0,1,1,0,0,0,1,0,0,0,1,0,0,0
0,0,1,0,0,1,0,0,1,0,0,1,1,1,0,0,1,0,0,0,0,0,2,1,0,2
0,0,0,0,1,0,0,0,1,0,0,0,0,0,1,0,0,0,1,0,0,0,1,-1,1,0
0,0,1,0,1,0,0,0,0,0,0,0,0,0,0,0,0,0,1,0,0,1,0,-2,1,0
0,0,0,0,0,0,0,1,0,0,0,0,0,0,0,0,0,1,1,0,1,1,1,0,2,0
0,0,0,1,1,0,0,1,0,0,1,0,0,0,0,0,0,1,1,0,1,1,1,-1,3,0
0,0,1,0,0,1,0,0,1,0,0,1,1,1,1,1,0,0,0,0,0,1,2,0,0,2
0,0,0,0,0,0,0,1,0,1,1,1,0,1,0,0,0,0,1,0,1,1,1,1,1,0
0,0,0,0,0,0,0,0,0,0,0,1,0,1,1,0,0,0,1,0,0,0,0,0,0,0
0,0,1,0,0,0,0,0,1,0,0,1,0,1,1,0,0,0,1,0,0,1,1,0,0,0
0,0,0,0,0,0,0,0,1,1,0,0,0,1,1,1,0,0,1,0,0,0,1,0,0,0
0,0,1,0,0,1,0,0,1,0,0,1,0,1,0,0,0,0,0,0,1,1,2,1,1,2
0,0,0,0,0,0,0,0,1,0,0,0,0,1,1,0,0,0,1,0,0,0,1,0,0,0
0,0,0,0,0,1,0,0,1,0,0,0,1,1,0,1,1,0,0,0,0,0,2,1,0,2
0,1,0,0,0,0,0,0,0,0,0,1,0,1,0,0,0,0,1,0,0,1,0,0,0,0
0,0,0,1,0,0,0,0,1,0,1,1,0,0,0,0,0,0,1,0,1,1,1,-1,1,0
0,0,0,1,0,0,0,1,0,0,0,1,0,1,0,0,0,1,1,0,1,1,1,1,2,0
0,1,0,0,0,0,0,0,1,1,0,1,0,1,1,0,0,0,1,0,0,0,1,0,0,0
0,1,0,0,0,0,0,0,1,0,1,1,0,1,1,0,0,0,1,0,0,0,1,1,0,0
1,0,1,0,0,1,0,0,1,0,0,0,1,0,0,0,0,0,0,0,1,0,2,0,1,2
0,1,0,0,0,1,0,0,1,0,0,1,1,1,1,1,0,0,0,0,0,0,2,0,0,3
0,1,1,0,0,0,0,0,1,1,1,1,0,0,0,0,0,0,1,0,1,1,1,0,1,0
0,0,1,0,0,1,0,0,1,0,0,1,1,1,1,1,0,0,0,0,0,0,2,0,0,2
0,0,0,0,0,0,0,0,1,1,1,0,0,1,1,0,0,0,1,0,1,0,1,0,1,0
0,1,0,0,0,0,0,0,1,0,1,1,0,1,1,0,0,0,1,0,0,1,1,-1,0,0
0,0,1,0,1,0,0,0,1,0,0,1,0,1,0,0,0,0,1,0,0,1,1,0,1,0
0,1,1,0,0,0,0,0,1,0,0,1,0,1,1,0,1,0,1,0,0,0,1,0,0,0
0,0,0,0,0,0,0,0,1,1,1,1,0,1,0,0,0,0,1,0,1,0,1,1,1,0
0,0,1,0,0,1,0,0,1,0,0,1,0,1,0,0,0,1,0,0,0,1,2,0,1,1
0,0,0,1,0,0,0,0,1,1,1,0,0,0,1,0,0,0,1,0,0,1,1,-2,0,0
0,0,0,0,0,0,0,0,0,0,0,1,0,1,1,0,0,0,1,0,0,0,0,-1,0,0
0,1,0,0,0,0,0,0,1,0,0,1,1,1,1,0,0,0,1,0,0,1,1,1,0,1
0,0,0,0,0,0,0,0,1,0,0,0,0,0,0,1,0,0,0,0,0,0,1,-2,0,1
0,0,0,0,0,1,0,0,1,0,0,0,0,1,1,0,0,0,0,0,0,1,2,0,0,1
0,1,1,0,0,1,0,0,1,0,0,1,1,1,0,1,1,0,0,0,0,0,2,-1,0,3
0,1,0,0,0,0,0,0,1,1,1,1,0,1,1,0,0,0,1,0,0,0,1,0,0,1
0,0,0,0,0,0,0,0,1,0,0,1,0,1,0,0,0,0,0,0,0,0,1,0,0,0
0,1,0,0,0,1,0,0,1,0,0,1,1,1,1,1,0,0,0,0,0,0,2,1,0,2
1,0,0,0,0,0,0,0,1,1,0,1,0,1,0,0,0,0,1,0,0,0,1,0,0,0
0,0,1,0,0,0,0,0,0,0,0,1,0,1,0,0,0,1,1,0,1,1,0,1,2,0
0,0,0,0,0,0,0,0,1,0,0,0,0,1,1,0,0,0,0,0,0,0,1,0,0,1
0,0,1,0,0,1,0,0,1,0,0,0,0,1,1,0,0,0,0,0,0,0,2,1,0,1
0,0,0,0,0,0,0,1,0,1,1,0,0,0,0,0,0,1,1,0,1,1,1,0,2,0
0,0,1,0,0,0,0,0,0,0,0,1,1,1,1,1,0,0,1,0,0,0,0,0,0,1
0,0,0,0,0,0,0,0,0,0,0,0,0,0,0,0,0,0,0,0,1,0,0,0,1,0
0,0,0,0,0,0,0,0,1,1,1,0,0,0,0,0,0,0,1,0,0,1,1,-1,0,0
1,0,0,0,0,0,0,0,0,0,0,0,0,0,1,0,0,0,1,0,0,0,0,-1,0,0
0,0,1,0,0,0,0,0,1,1,1,0,0,1,0,0,0,0,1,0,0,0,1,1,0,0
0,0,0,0,0,0,0,0,1,0,0,1,0,1,1,1,0,0,1,0,0,1,1,1,0,0
0,0,0,0,0,0,0,0,1,0,1,1,0,0,1,0,0,0,1,1,0,1,1,-2,1,0
0,0,0,1,1,0,0,0,1,1,1,1,0,1,0,0,0,0,1,0,1,1,1,1,2,0
0,0,1,0,0,0,0,1,0,0,0,0,0,0,1,0,0,1,1,0,1,1,1,0,2,0
1,1,0,0,0,0,0,0,1,0,0,0,0,1,0,0,0,0,1,0,0,0,1,1,0,0
0,0,0,0,0,0,0,0,1,1,1,1,0,1,1,0,0,0,1,0,0,1,1,0,0,0
0,1,1,0,0,0,0,0,1,0,0,1,0,1,1,0,0,0,1,0,0,0,1,1,0,0
0,0,0,0,0,0,0,0,1,0,0,0,0,0,1,0,0,0,1,0,1,0,1,0,1,0
0,1,0,0,0,1,0,0,1,0,0,1,1,1,1,0,0,0,0,0,0,0,2,1,0,2
0,1,0,0,0,0,0,0,1,0,0,1,0,1,1,0,0,0,1,0,0,0,1,0,0,0
0,1,1,0,0,0,0,0,1,1,1,1,1,1,1,1,0,0,1,0,0,0,1,1,0,1
0,0,0,0,0,0,0,1,0,0,1,0,0,0,0,0,0,1,1,0,1,1,1,-1,2,0
0,0,0,0,0,0,0,0,0,0,0,1,0,1,0,0,0,0,0,0,1,0,0,1,1,0
0,0,0,1,0,0,0,1,0,0,0,1,0,1,0,0,0,0,1,1,0,1,1,-1,1,0
0,1,0,0,0,1,0,0,1,0,0,1,1,1,0,0,1,0,0,0,0,0,2,1,0,2
0,0,1,0,0,1,0,0,1,0,0,1,1,1,0,0,1,0,0,0,0,0,2,0,0,2
0,0,1,0,0,0,0,0,1,1,1,0,0,0,0,0,0,0,1,0,1,1,1,-1,1,0
0,0,1,0,0,0,0,0,0,0,0,0,0,0,0,0,0,0,1,0,1,1,0,0,1,0
1,0,0,0,0,0,0,0,0,0,1,1,0,0,0,0,0,1,1,0,1,1,0,0,2,0
0,1,0,0,0,0,0,0,1,1,1,0,0,0,0,0,0,0,1,0,1,1,1,-1,1,0
0,0,1,0,0,0,0,0,1,0,0,1,0,1,1,0,0,0,1,0,0,0,1,0,0,0
0,0,1,0,0,0,0,0,1,1,1,1,0,1,1,0,0,0,1,0,0,1,1,1,0,0
0,0,0,0,1,0,0,0,1,0,0,1,0,1,1,0,0,0,1,0,0,0,1,-1,1,0
0,0,0,0,0,1,0,0,0,0,0,1,1,1,1,1,0,0,0,0,0,0,1,1,0,2
0,1,1,0,0,1,0,0,1,0,0,1,1,1,0,1,1,0,0,0,0,0,2,0,0,2
0,0,0,0,0,0,0,1,0,0,0,1,0,1,1,0,0,1,1,0,1,1,1,1,2,0
0,1,0,0,0,1,0,0,1,0,0,1,1,1,0,0,0,0,0,0,1,0,2,0,1,2
0,0,0,0,0,0,0,0,1,1,1,0,0,0,0,1,0,0,1,0,1,0,1,0,1,0
0,1,0,0,1,0,0,0,1,0,0,1,0,1,0,0,0,0,1,0,1,0,1,1,2,1
1,0,0,0,0,0,0,0,0,1,1,0,0,0,1,0,0,0,1,0,1,0,0,0,1,0
0,0,1,0,0,0,0,0,1,1,1,1,0,1,0,0,0,0,1,0,1,1,1,1,1,0
0,0,0,0,0,0,0,0,1,0,0,1,0,0,1,0,0,0,1,1,0,1,1,-2,1,0
0,0,1,0,1,0,0,0,1,1,1,1,0,1,0,0,0,0,1,0,0,0,1,-1,1,0
0,0,0,0,0,0,0,0,1,0,0,1,0,0,1,1,0,0,1,0,0,1,1,-2,0,1
0,0,0,0,0,0,0,0,1,0,0,0,0,1,1,0,0,0,1,0,0,0,1,1,0,0
0,0,1,0,0,0,0,0,1,0,0,1,0,1,1,1,0,0,1,1,0,1,1,-1,1,0
0,1,1,0,0,0,0,0,1,1,1,1,0,1,1,0,1,0,1,0,0,0,1,1,0,0
0,0,0,0,0,0,0,0,0,0,0,1,0,1,0,0,0,0,1,0,0,1,0,1,0,0
0,0,0,0,0,0,0,0,1,1,1,0,0,0,1,0,0,0,1,0,1,0,1,-1,1,0
1,0,0,0,1,0,0,0,1,0,1,0,0,0,0,0,0,0,1,0,1,0,1,0,2,0
0,0,1,0,0,0,0,0,1,0,0,1,1,1,0,0,0,1,0,0,0,0,1,1,1,1
0,0,1,1,1,0,0,1,0,0,0,0,0,1,0,0,0,1,1,0,0,1,1,1,2,0
0,0,0,0,0,0,0,0,1,0,0,1,0,0,1,1,0,0,1,0,0,1,1,-1,0,0
0,0,0,0,0,0,0,1,0,1,1,0,0,0,0,0,0,1,1,0,1,1,1,0,2,0
0,0,0,0,0,0,0,0,1,0,1,1,0,0,0,0,0,0,1,0,1,1,1,0,1,0
0,0,1,0,0,0,0,0,1,0,0,1,0,1,0,0,0,0,1,0,0,1,1,-1,0,0
0,0,1,0,0,1,0,0,1,0,0,0,0,0,1,0,0,1,0,0,0,0,2,-1,1,1
0,0,0,0,0,0,0,0,1,0,0,1,0,0,1,0,0,0,1,0,0,0,1,-1,0,0
0,0,0,1,1,0,0,1,0,0,0,0,0,0,0,0,0,0,1,0,0,1,1,0,1,0
1,0,0,0,0,1,0,0,1,0,0,1,0,1,0,0,0,0,0,0,0,0,2,0,0,1
0,0,0,0,0,0,0,0,1,1,1,0,0,0,1,0,0,0,1,0,1,0,1,-2,1,0
0,0,0,0,0,0,0,0,1,0,0,1,0,1,0,0,0,0,1,0,0,1,1,1,0,0
0,0,0,0,0,0,0,1,0,1,1,1,0,1,1,0,0,1,1,0,1,1,1,0,2,0
0,0,0,0,0,0,0,0,0,0,0,0,0,0,0,0,0,0,0,0,0,0,0,-2,0,1
0,0,0,1,1,0,0,0,1,0,1,0,0,1,0,0,0,1,1,0,1,1,1,0,3,0
0,0,0,0,0,0,0,0,1,0,0,1,0,0,0,0,0,0,1,0,0,0,1,0,0,0
0,0,1,1,0,0,0,0,0,0,1,1,0,0,0,0,0,1,1,0,1,1,0,0,2,0
0,0,0,0,0,0,0,0,0,1,0,1,0,1,0,0,0,0,1,0,0,0,0,1,0,0
0,0,0,1,0,0,0,0,1,0,0,1,0,1,1,0,0,0,1,0,0,1,1,-1,0,0
0,0,1,0,0,0,0,0,0,0,1,1,0,1,0,0,0,0,1,0,1,1,0,1,1,0
0,1,0,0,0,1,0,0,1,0,0,1,0,1,0,0,0,0,1,0,0,0,2,1,0,1
0,0,1,0,0,0,0,0,1,0,0,0,0,0,0,1,0,0,1,0,0,1,1,-1,0,0
0,0,1,0,0,0,0,0,1,0,0,1,1,1,1,0,0,0,0,0,0,0,1,0,0,1
0,0,0,0,0,0,0,0,1,1,1,0,0,0,0,0,0,0,1,0,1,0,1,-1,1,0
0,0,1,0,0,0,0,0,1,0,0,1,0,1,1,0,0,0,1,0,0,0,1,1,0,0
0,0,1,0,0,0,0,0,1,1,1,1,0,1,1,0,0,0,1,0,0,1,1,0,0,0
0,1,0,0,0,1,0,0,1,0,0,1,0,1,0,0,0,0,1,0,0,0,2,1,0,1
0,0,1,1,1,0,0,0,0,0,0,0,0,0,0,0,0,0,1,0,0,1,0,-1,1,0
0,1,0,0,0,1,0,0,1,0,0,1,0,1,0,0,0,0,0,0,0,0,2,0,0,1
0,0,0,0,0,0,0,1,0,0,0,0,0,1,0,0,0,1,1,0,0,1,1,-1,1,0
0,1,0,0,1,0,0,0,1,0,0,1,0,1,0,0,0,0,1,0,0,1,1,0,1,0
0,1,1,0,0,1,0,0,1,0,0,1,1,1,0,0,0,0,0,0,0,0,2,0,0,3
0,0,1,0,1,0,0,0,1,0,1,1,0,1,1,0,0,0,1,0,0,1,1,-1,1,0
0,1,1,0,0,0,0,0,1,0,0,1,0,1,1,1,0,0,1,0,0,0,1,0,0,0
1,0,1,0,0,0,0,0,1,0,0,1,1,1,1,1,0,0,0,0,0,0,1,-1,0,1
0,0,0,0,0,0,0,0,1,1,1,0,0,1,0,0,0,0,1,0,1,0,1,-1,1,0
0,0,0,0,0,0,0,0,1,1,1,0,0,1,0,0,0,0,1,0,0,0,1,-1,0,0
0,0,1,0,0,1,0,0,1,0,0,1,0,1,0,0,0,0,0,0,0,0,2,-1,0,1
0,0,0,0,0,0,0,0,0,1,1,1,0,1,0,0,0,0,1,0,1,1,0,1,1,0
0,0,0,0,0,0,0,0,1,1,1,1,0,1,1,0,0,0,1,0,0,0,1,-1,0,0
0,0,1,0,0,1,0,0,1,0,0,0,1,1,1,0,0,0,0,0,0,0,2,0,0,2
0,0,1,1,0,0,0,0,0,1,1,0,0,0,1,0,0,0,1,0,1,1,0,0,1,0
0,0,1,0,0,0,0,0,0,0,0,1,1,1,1,0,0,0,0,0,0,0,0,-1,0,1
0,0,1,0,0,0,0,0,1,0,0,0,0,0,1,0,0,0,1,0,0,1,1,-1,0,0
0,0,1,0,0,0,0,0,1,0,0,1,0,1,1,0,0,0,1,0,0,1,1,1,0,0
1,0,0,1,1,0,0,0,1,1,1,0,0,0,0,0,0,0,1,0,0,1,1,0,1,0
0,0,1,1,0,0,0,0,1,1,1,1,0,1,0,0,0,0,1,0,0,1,1,0,0,0
0,0,1,1,1,0,0,1,0,1,1,1,0,0,0,0,0,1,1,0,1,1,1,-1,3,0
0,0,1,0,0,0,0,0,1,0,0,0,0,1,0,0,0,0,0,0,0,1,1,1,0,1
0,1,0,0,0,0,0,0,1,0,0,1,0,1,1,1,0,0,1,0,0,1,1,-1,0,0
0,1,1,0,0,1,1,0,1,0,0,1,1,1,1,1,1,0,0,0,0,0,3,0,0,2
0,0,1,0,0,1,0,0,1,0,0,1,1,1,1,0,0,0,0,0,0,0,2,1,0,3
0,0,0,0,0,0,0,0,1,0,1,1,0,0,1,0,0,0,1,0,0,1,1,0,0,0
0,0,1,0,1,0,0,1,0,1,1,0,0,1,1,0,0,0,1,0,1,1,1,0,2,0
0,1,1,0,0,0,0,0,1,0,0,1,0,1,1,0,1,0,1,0,0,0,1,1,0,0
1,0,1,0,0,1,0,0,0,0,0,0,0,0,0,0,0,0,0,0,1,1,1,0,1,1
0,1,1,0,0,0,0,0,1,0,0,1,1,1,1,1,0,0,0,0,0,0,1,0,0,1
0,1,0,0,0,1,0,0,1,0,0,0,0,0,1,0,0,0,0,0,0,1,2,0,0,1
0,1,1,0,0,0,0,0,1,0,1,1,0,1,1,0,0,0,1,0,0,1,1,-1,0,0
0,0,1,0,0,1,0,0,1,0,0,1,1,1,1,0,0,0,0,0,0,0,2,1,0,2
1,1,0,0,0,0,0,0,1,0,1,0,0,0,0,0,0,0,1,0,1,0,1,-1,1,0
0,0,0,0,0,0,0,0,1,1,1,1,0,0,1,0,0,0,1,0,1,1,1,-1,1,0
0,1,1,0,0,0,0,1,0,1,1,1,0,1,0,0,0,1,1,0,1,1,1,0,2,0
0,1,1,0,0,1,0,0,1,0,0,1,0,1,1,0,0,0,0,0,0,1,2,1,0,1
0,1,1,0,0,0,0,0,1,1,1,1,0,1,1,0,0,0,1,0,0,1,1,-1,0,0
0,0,0,0,0,0,0,0,1,0,0,0,0,0,1,0,0,0,1,0,0,1,1,0,0,0
0,0,0,0,0,0,0,0,1,1,1,0,0,1,1,0,0,0,1,0,0,1,1,0,0,0
0,0,1,1,0,0,0,0,1,0,0,0,0,0,0,0,0,0,1,0,0,1,1,-2,0,0
0,1,0,0,0,1,0,0,1,0,0,0,1,1,1,1,1,0,0,0,0,0,2,1,0,2
0,0,0,1,0,0,0,0,0,0,0,1,0,1,0,0,0,0,1,0,0,1,0,0,0,0
0,0,1,0,0,0,0,0,1,0,1,1,1,1,1,0,0,0,1,0,0,1,1,0,0,1
0,0,1,1,1,0,0,1,0,0,0,0,0,0,0,0,0,1,1,0,1,1,1,0,3,0
0,1,1,0,0,0,0,0,1,0,0,0,0,0,1,0,0,0,0,0,1,0,1,0,1,0
0,1,1,0,0,0,0,0,1,0,0,0,0,1,1,0,0,0,1,0,0,0,1,-1,0,0
0,0,1,0,0,0,0,0,1,0,0,1,0,0,0,0,0,0,1,0,0,0,1,0,0,0
0,0,1,0,0,0,0,0,1,0,0,0,0,1,1,0,0,0,1,0,0,1,1,0,0,0
0,0,0,0,1,0,0,0,1,1,1,1,0,1,1,0,0,0,1,0,1,1,1,0,2,0
0,1,1,0,0,1,0,0,1,0,0,1,1,1,1,0,0,0,0,0,0,0,2,1,0,3
0,0,0,0,0,0,0,0,1,1,0,1,0,1,1,0,0,0,1,0,0,1,1,0,0,0
0,0,1,1,0,0,0,0,0,0,1,1,0,1,0,0,0,1,1,1,0,1,0,0,2,0
0,1,0,0,0,0,1,0,1,0,0,1,0,0,1,1,0,0,1,0,0,1,2,0,0,0
0,0,0,0,1,0,0,1,0,0,1,0,0,0,1,0,0,0,1,0,1,1,1,0,2,0
0,0,1,0,0,0,0,0,1,0,0,1,0,1,1,1,0,0,1,0,0,1,1,0,0,0
0,0,1,1,1,0,0,0,1,0,1,1,0,0,1,0,0,0,1,1,0,1,1,-2,2,0
0,0,0,0,0,0,0,0,1,1,1,0,0,0,0,1,0,0,1,0,1,0,1,-1,1,0
1,0,1,0,0,1,0,1,0,0,0,0,0,0,0,1,0,0,0,1,1,1,2,0,2,2
1,0,1,0,0,1,0,0,1,0,0,0,0,0,0,0,0,0,0,0,1,0,2,-1,1,1
0,0,0,0,0,0,0,1,0,0,0,0,0,0,1,0,0,1,1,0,1,1,1,-1,2,0
0,0,1,0,0,1,0,0,1,0,0,1,1,1,0,0,0,0,0,0,0,0,2,0,0,2
0,1,0,0,0,0,0,0,1,1,1,0,0,0,1,1,0,0,1,0,0,0,1,-1,0,0
0,0,0,0,0,1,0,0,1,0,0,0,0,0,1,0,0,0,0,0,0,1,2,-1,0,1
0,0,1,0,0,1,0,1,0,0,0,0,0,0,0,0,0,0,0,0,1,0,2,-1,1,1
0,0,0,1,1,0,0,0,1,1,1,0,0,0,1,0,0,0,1,0,0,1,1,-2,1,0
0,0,1,0,0,0,1,0,1,1,1,1,0,1,1,0,0,0,1,0,0,0,2,1,0,0
0,0,1,0,0,1,0,0,0,0,0,1,1,1,0,0,0,0,0,0,0,0,1,0,0,2
0,1,0,0,0,1,0,0,1,0,0,1,1,1,1,0,0,0,0,0,0,0,2,1,0,2
0,0,0,0,0,1,0,0,0,0,0,1,1,1,1,1,0,0,0,0,0,1,1,-1,0,2
0,0,1,0,0,0,0,0,1,0,0,1,0,1,0,0,0,0,1,0,1,0,1,1,1,0
0,0,0,0,0,0,0,0,0,1,1,1,0,1,1,0,0,0,1,0,1,1,0,0,1,0
0,0,0,0,0,0,0,0,1,1,1,1,0,1,0,0,0,0,1,0,1,0,1,1,1,0
0,1,0,0,0,1,0,0,1,0,0,1,1,1,1,1,0,0,0,0,0,0,2,1,0,2
1,0,0,0,1,0,0,0,1,0,0,0,0,0,0,0,0,1,1,0,0,1,1,0,2,0
0,0,1,0,0,0,0,0,1,0,0,0,0,0,0,0,0,1,0,0,0,0,1,-1,1,1
0,0,1,0,0,0,0,0,1,0,0,1,0,0,0,1,0,0,0,0,0,1,1,0,0,0
0,0,0,0,1,0,0,0,1,0,0,0,0,1,0,0,0,0,1,0,0,0,1,0,1,0
1,0,1,0,0,0,0,0,1,0,0,0,1,1,0,0,0,0,0,0,0,1,1,1,0,1
0,0,1,0,0,0,0,1,0,0,1,1,0,1,1,0,0,0,1,0,0,1,1,1,0,0
0,0,0,0,0,0,0,0,0,1,1,0,0,0,0,0,0,0,1,0,1,0,0,0,1,0
0,0,1,0,0,0,0,0,1,1,1,1,0,1,0,0,0,0,1,0,0,1,1,0,0,0
0,0,1,0,0,0,0,0,1,0,0,1,0,1,1,0,0,0,1,0,0,1,1,-1,0,0
0,0,0,0,0,0,0,0,1,1,1,1,0,0,1,0,0,0,1,0,0,0,1,-2,0,0
0,0,0,0,0,0,0,0,1,0,0,0,0,0,0,0,0,0,0,0,0,0,1,0,0,0
0,0,1,0,0,0,0,0,1,0,0,1,0,1,0,0,0,0,1,0,1,0,1,1,1,0
0,0,0,1,0,0,0,0,0,1,1,1,0,1,1,0,0,0,1,0,0,1,0,-1,0,0
0,0,1,0,0,1,0,0,1,0,0,1,1,1,1,1,0,0,0,0,0,0,2,1,0,2
0,0,1,0,0,1,0,0,1,0,0,0,1,1,0,0,1,0,0,0,0,0,2,1,0,3
0,0,1,0,0,0,0,0,1,1,1,0,0,0,0,0,0,0,1,0,1,1,1,-1,1,0
0,0,1,0,0,0,0,1,0,0,1,1,0,1,0,0,0,0,1,0,1,1,1,1,1,0
0,0,1,0,0,1,0,0,1,0,0,1,1,1,1,1,1,0,0,0,0,0,2,1,0,2
0,0,0,0,0,0,0,0,1,1,1,0,0,0,0,0,0,0,1,0,1,1,1,-1,1,1
0,0,1,1,1,0,0,0,0,1,1,0,0,0,0,0,0,0,1,0,0,1,0,-1,1,0
0,0,1,0,0,0,0,0,0,0,0,1,0,1,0,0,0,0,1,0,1,0,0,1,1,0
0,0,1,0,0,0,0,0,1,0,0,0,0,1,1,0,0,0,0,0,0,0,1,1,0,0
0,0,0,0,0,0,0,0,1,1,0,0,0,0,1,0,0,0,1,0,1,1,1,0,1,0
0,0,1,0,1,0,0,0,1,1,1,1,0,1,1,0,0,0,1,0,1,1,1,-1,2,0
1,1,0,0,0,0,0,0,1,0,0,0,0,0,0,0,0,0,1,0,1,0,1,0,1,0
0,1,1,0,0,0,0,0,1,0,0,1,0,1,1,0,0,0,1,0,0,1,1,1,0,0
0,0,1,0,0,0,0,0,1,0,0,1,1,1,1,0,0,0,0,0,0,0,1,0,0,1
0,0,0,0,0,0,0,0,1,0,0,1,0,1,1,1,0,0,1,0,1,1,1,0,1,0
0,1,1,0,0,0,0,0,0,1,1,0,0,0,0,0,0,0,1,0,1,0,0,-1,1,0
0,1,1,0,0,1,0,0,1,0,0,1,0,1,0,0,0,0,0,0,0,1,2,1,0,1
0,0,0,0,0,0,0,0,1,0,0,0,0,1,0,1,0,0,0,0,0,0,1,1,0,0
0,0,1,0,0,0,0,0,1,1,1,0,0,1,1,0,0,0,1,0,0,1,1,-1,0,1
0,0,0,0,0,1,0,0,1,0,0,1,1,1,1,1,1,0,0,0,0,0,2,1,0,2
0,1,1,0,0,0,0,1,0,1,1,1,1,1,0,1,0,1,1,0,1,1,1,0,2,1
0,1,1,0,0,0,0,0,1,0,0,1,0,1,1,0,0,0,0,0,0,0,1,-1,0,0
0,0,0,0,1,0,0,1,0,0,1,1,0,0,1,0,0,1,1,0,1,0,1,0,3,0
0,0,1,0,0,0,0,1,0,0,1,1,0,1,1,0,0,1,1,0,1,1,1,1,2,0
0,0,1,0,1,0,0,0,0,0,1,1,0,0,1,0,0,1,1,0,1,1,0,-2,3,0
1,0,1,0,0,0,0,0,0,0,0,1,0,0,0,0,0,1,1,0,1,1,0,0,2,0
0,0,0,0,0,1,0,0,1,0,0,1,0,1,1,1,0,0,0,0,0,0,2,1,0,1
0,0,1,0,0,0,0,0,1,0,0,0,0,1,0,1,0,0,1,0,0,0,1,0,0,0
0,0,1,0,0,1,0,0,1,0,0,0,0,0,0,0,0,0,0,1,0,1,2,-1,1,1
0,0,1,0,0,1,0,0,1,0,0,0,0,1,1,0,0,0,0,0,0,1,2,1,0,1
0,0,1,0,0,0,0,1,0,1,1,0,0,0,0,0,0,1,1,0,1,1,1,0,2,0
0,0,0,0,0,1,0,0,1,0,0,1,0,1,1,0,0,0,0,0,0,0,2,0,0,1
0,0,0,0,0,0,0,0,1,0,1,0,0,0,1,0,0,0,1,0,1,1,1,-1,1,0
1,0,1,0,0,0,0,0,1,0,0,1,0,1,0,1,0,1,0,0,1,1,1,0,2,0
0,0,1,0,0,1,0,0,1,0,0,1,1,1,0,0,1,0,0,0,0,0,2,0,0,2
0,0,0,0,0,0,0,0,1,1,1,0,0,0,0,1,0,0,1,0,1,0,1,-1,1,0
1,0,0,0,0,0,0,0,1,0,0,0,0,0,0,0,0,1,1,0,1,0,1,0,2,0
0,0,0,0,0,0,0,0,1,1,1,1,0,0,1,1,0,0,1,0,1,0,1,-1,1,0
0,0,1,0,0,1,0,0,1,0,0,1,0,1,1,0,0,0,0,0,0,0,2,0,0,1
0,0,1,0,0,0,0,0,1,0,1,0,0,0,0,0,0,0,1,0,1,1,1,-2,1,0
0,0,1,0,0,0,0,0,1,1,1,0,0,0,1,0,0,0,1,0,0,1,1,-2,0,0
0,0,1,0,0,0,0,0,1,0,0,1,0,1,1,1,0,0,0,0,0,0,1,0,0,0
0,0,1,0,1,0,0,1,0,0,0,1,0,1,1,0,0,0,1,0,0,1,1,0,1,0
0,1,1,0,0,1,0,0,1,0,0,1,0,1,0,0,0,0,0,0,0,0,2,1,0,1
0,0,0,0,0,0,0,0,1,0,0,1,0,1,0,0,0,0,0,0,1,0,1,1,1,0
0,0,1,0,0,0,0,1,0,0,1,0,0,1,0,0,0,0,1,0,1,1,1,0,1,0
0,0,0,0,0,0,0,0,0,1,1,1,0,1,1,1,0,0,1,0,0,0,0,-1,0,0
1,1,0,0,0,1,0,0,1,0,0,0,0,0,0,0,0,0,0,0,1,0,2,0,1,1
0,0,1,1,0,0,0,0,0,0,1,1,0,1,0,0,0,1,1,1,0,1,0,0,2,0
0,0,1,0,0,0,0,0,0,0,0,1,0,1,1,1,0,0,1,0,0,1,0,-1,0,0
0,1,0,0,0,0,0,0,1,0,0,1,0,1,0,1,0,0,1,0,0,0,1,1,0,1
0,1,1,0,0,1,0,0,1,0,0,1,0,1,1,1,0,0,0,0,0,0,2,0,0,1
0,1,1,0,0,0,0,0,1,0,0,1,0,1,1,1,0,0,1,0,0,0,1,-1,0,0
0,0,0,0,0,1,0,0,1,0,0,0,0,0,0,0,0,0,1,0,1,1,2,-1,1,1
0,0,0,0,0,0,0,0,1,0,0,1,0,1,1,0,0,0,1,0,0,1,1,0,0,0
0,0,1,0,0,0,0,0,0,0,0,1,0,1,1,0,0,0,0,0,0,0,0,1,0,0
0,0,0,0,0,0,0,0,1,1,1,1,0,1,1,0,0,0,1,0,0,1,1,-1,0,0
0,0,1,0,0,1,0,0,1,0,0,1,1,1,1,0,1,0,0,0,0,0,2,-1,0,2
0,0,1,0,0,1,0,0,1,0,0,1,1,1,0,0,0,0,0,0,0,0,2,1,0,2
0,0,0,0,1,0,0,0,1,1,1,0,0,0,1,0,0,0,1,0,0,1,1,-1,1,0
0,0,1,0,0,1,0,0,1,0,0,1,1,1,1,1,1,0,0,0,0,0,2,0,0,2
0,1,1,0,0,1,0,0,1,0,0,0,0,0,0,0,0,1,0,0,0,0,2,-1,1,2
0,1,0,0,0,0,0,0,1,0,0,1,0,0,0,0,0,0,1,0,1,0,1,0,1,0
0,0,1,0,0,0,0,0,1,1,1,1,0,0,1,0,0,0,1,0,0,1,1,-2,0,0
0,0,1,0,0,0,0,0,1,0,0,0,0,0,1,0,0,0,1,0,0,1,1,0,0,0
0,0,0,0,0,0,0,0,0,1,1,0,0,1,1,0,0,0,1,0,0,1,0,0,0,0
1,0,0,0,0,0,0,0,1,0,0,0,0,0,1,0,0,0,1,0,0,1,1,-2,0,0
0,0,1,0,1,0,0,0,1,0,0,0,0,0,1,0,0,0,1,0,0,1,1,0,1,0
0,1,1,0,0,0,0,0,1,0,0,1,0,0,0,1,0,0,0,0,0,0,1,-1,0,0
0,0,0,0,0,1,0,0,1,0,0,0,1,1,0,0,0,0,0,0,0,0,2,1,0,2
0,0,1,0,0,1,0,0,1,0,0,1,0,1,1,0,0,0,0,0,0,1,2,1,0,1
0,0,1,0,0,0,0,0,1,0,0,1,0,1,0,0,0,0,1,0,0,0,1,0,0,0
1,0,0,0,0,0,0,0,1,0,0,0,0,0,0,0,0,0,1,0,0,0,1,-2,0,0
0,0,0,0,0,0,0,0,1,0,1,0,0,0,1,1,0,0,1,0,1,1,1,0,1,0
0,0,0,0,0,0,0,0,1,1,1,0,0,1,0,0,0,0,1,0,1,1,1,1,1,0
0,0,1,0,0,0,0,0,0,1,0,1,0,1,1,0,0,0,1,0,0,1,0,0,0,0
0,1,0,0,0,1,0,0,1,0,0,1,1,1,0,0,0,0,0,0,0,0,2,1,0,2
0,0,1,0,0,0,0,0,1,0,0,1,0,0,1,0,0,0,1,0,0,0,1,0,0,0
0,0,0,0,0,0,0,0,1,0,1,1,0,1,1,0,0,0,1,0,1,0,1,1,1,0
0,0,1,0,0,0,0,0,1,0,0,1,1,1,0,0,1,1,0,0,0,0,1,0,1,2
1,0,1,0,0,0,0,0,0,0,0,0,0,0,0,0,0,1,0,0,0,1,0,-1,1,1
0,0,0,0,0,0,0,1,0,0,0,0,0,0,0,0,0,1,0,0,1,0,1,-1,2,0
0,0,0,0,0,1,0,0,1,0,0,1,1,1,1,1,1,0,0,0,0,0,2,-1,0,2
0,0,1,0,0,0,0,0,1,0,0,1,0,1,0,0,0,0,1,1,1,1,1,1,2,0
0,0,0,0,1,0,0,0,1,1,1,1,0,0,0,1,0,0,1,0,0,0,1,-2,1,0
0,1,0,0,0,0,0,0,1,1,1,1,0,1,0,0,0,0,1,0,0,1,1,0,0,0
0,0,0,0,0,1,0,0,1,0,0,0,1,1,1,1,0,0,0,0,0,0,2,1,0,2
0,1,1,0,0,0,0,0,1,0,0,1,1,1,1,1,0,0,0,0,0,0,1,0,0,2
1,1,0,0,0,0,0,0,1,0,0,0,0,0,0,0,0,0,1,0,0,0,1,-1,0,0
0,0,1,0,0,0,0,0,1,0,0,0,0,0,1,0,0,0,1,1,0,1,1,-2,1,0
1,0,0,0,0,0,0,0,0,0,0,0,0,0,0,0,0,0,0,0,1,0,0,0,1,1
0,0,0,0,0,0,0,1,0,1,1,0,0,0,1,0,0,1,1,1,1,1,1,-1,3,0
0,1,1,0,0,0,0,0,1,1,1,1,0,1,0,0,0,0,1,0,0,1,1,-1,0,0
0,0,0,0,0,1,0,0,1,0,1,0,0,0,0,1,0,0,1,0,0,0,2,-2,0,1
0,0,0,0,0,0,0,0,1,0,1,0,0,0,0,0,0,0,1,0,1,0,1,-1,1,0
0,0,0,0,0,0,0,0,1,0,0,0,0,0,0,0,0,0,1,0,0,0,1,-1,0,0
0,0,1,0,0,0,0,0,0,0,0,1,0,1,1,0,0,0,1,0,0,1,0,0,0,0
0,0,1,0,0,0,0,0,1,0,0,1,0,1,1,1,0,0,0,0,0,1,1,1,0,0
0,0,0,0,0,0,0,0,0,1,1,1,0,1,1,0,0,0,1,0,0,1,0,1,0,0
1,0,0,0,0,0,0,0,1,1,0,0,0,0,1,0,0,0,1,0,1,1,1,0,1,0
0,1,0,0,0,1,0,0,1,0,0,1,0,0,1,0,0,1,0,0,0,0,2,-1,1,2
0,0,0,0,0,1,0,0,1,0,0,0,0,0,0,0,0,0,0,0,0,0,2,0,0,1
0,0,1,0,0,1,0,0,1,0,0,1,1,1,1,1,1,0,0,0,0,0,2,0,0,2
0,0,0,0,0,0,0,0,1,0,1,1,0,1,1,0,0,0,1,0,1,1,1,1,1,0
0,1,1,0,0,0,0,0,1,1,1,1,0,1,0,0,0,0,1,0,0,0,1,0,0,0
0,0,0,0,0,0,0,0,1,1,1,0,0,1,1,0,0,0,1,0,1,0,1,0,1,0
0,0,1,0,0,0,0,0,1,0,0,0,0,1,1,0,0,0,0,0,0,0,1,0,0,0
0,0,1,0,0,0,0,0,1,0,0,1,0,1,1,0,0,0,0,0,0,0,1,0,0,0
0,0,1,0,0,0,0,0,0,0,0,0,0,1,0,0,0,0,1,0,0,1,0,0,0,0
0,0,0,0,1,0,0,0,1,0,1,0,0,0,0,0,0,0,1,0,1,0,1,0,2,0
0,0,1,0,0,0,0,0,1,0,0,0,0,1,0,0,0,0,0,0,0,0,1,0,0,0
0,0,1,1,1,0,0,0,1,0,0,1,0,1,0,0,0,1,1,0,1,1,1,1,3,0
0,1,0,0,0,1,0,0,1,0,0,1,1,1,0,0,0,0,0,0,0,0,2,1,0,2
0,0,1,1,0,0,0,0,0,0,1,1,0,1,0,0,0,1,1,0,1,1,0,0,2,0
0,0,0,0,0,0,0,0,1,1,1,1,0,1,1,0,0,0,1,0,0,1,1,0,0,0
0,0,0,1,0,0,0,1,0,1,1,1,0,0,1,0,0,1,1,0,1,1,1,0,2,0
0,0,0,0,0,0,0,0,1,1,1,0,0,1,1,0,0,0,1,0,1,0,1,0,1,0
0,0,0,0,1,0,0,1,0,1,1,0,0,0,1,0,0,0,1,0,1,1,1,-1,2,0
0,0,0,0,0,0,0,0,1,1,0,1,0,1,0,0,0,0,1,0,0,0,1,0,0,0
0,0,1,0,0,0,0,0,1,0,0,1,0,1,1,0,0,0,1,0,0,0,1,0,0,0
0,0,1,0,1,0,0,0,1,0,0,1,0,1,1,0,0,0,1,0,0,1,1,-1,1,0
0,0,1,0,0,0,0,1,0,1,1,0,0,0,1,1,0,0,1,0,1,1,1,-1,1,0
0,0,0,0,0,0,0,1,0,1,1,0,0,0,0,0,0,1,1,0,1,0,1,-1,2,0
0,0,0,0,0,0,0,0,1,1,1,0,0,0,0,0,0,0,1,0,1,1,1,-2,1,0
0,1,1,0,0,1,0,0,0,0,0,1,1,1,0,1,1,0,0,0,0,0,1,1,0,2
1,0,0,0,1,0,0,1,0,1,1,0,0,0,0,0,0,1,1,0,0,0,1,0,2,0
0,0,1,0,0,0,0,0,1,0,1,1,0,0,1,0,0,0,1,0,0,0,1,-1,0,0
0,0,1,0,0,1,0,0,1,0,0,1,0,1,0,0,0,0,0,0,0,1,2,1,0,1
0,0,1,0,0,1,0,0,1,0,0,1,1,1,1,0,0,0,0,0,0,0,2,0,0,2
0,0,0,0,1,0,0,0,1,0,1,0,0,0,0,0,0,1,1,0,1,1,1,-2,3,0
0,0,1,0,0,0,0,0,1,0,0,1,0,1,1,1,0,0,1,0,0,1,1,0,0,0
0,0,1,0,0,1,0,0,1,0,0,0,0,0,1,0,0,0,0,0,0,1,2,-1,0,2
0,1,0,0,0,1,0,0,1,0,0,1,0,1,1,1,1,0,0,0,0,0,2,1,0,1
0,1,1,0,0,1,0,0,1,0,0,1,1,1,0,0,0,0,0,0,0,0,2,0,0,2
0,0,0,0,0,0,0,0,1,0,1,1,0,1,0,0,0,0,1,0,1,1,1,1,1,0
0,0,1,0,0,0,0,0,1,1,1,1,0,1,1,0,0,0,1,0,0,0,1,0,0,0
0,0,0,0,0,0,0,0,1,0,1,0,0,0,1,0,0,0,1,0,0,1,1,0,0,0
1,0,1,0,1,0,0,0,1,0,1,0,0,0,0,0,0,0,1,0,1,1,1,0,2,0
1,0,0,1,0,0,0,0,1,0,0,0,0,0,0,0,0,1,0,0,0,1,1,-1,1,0
1,0,0,0,0,0,0,0,1,0,1,0,0,0,0,0,0,0,1,0,0,1,1,0,0,0
0,0,1,0,0,1,0,0,1,0,0,1,0,1,0,0,0,0,0,0,0,0,2,-1,0,1
0,0,1,0,0,0,0,0,1,1,1,1,0,1,1,0,0,0,1,0,0,1,1,0,0,0
0,1,0,0,0,0,0,0,1,1,1,1,0,1,1,0,1,0,1,0,0,0,1,1,0,0
0,0,1,0,0,0,0,0,1,0,0,1,1,1,1,0,0,0,0,0,0,1,1,0,0,1
0,0,1,0,0,0,0,0,0,0,1,0,0,0,1,0,0,0,1,0,1,1,0,-1,1,0
0,0,1,0,0,0,0,0,1,1,1,0,0,1,1,0,0,0,1,0,0,0,1,0,0,1
0,1,1,0,0,0,0,0,1,1,1,0,0,1,1,0,0,0,1,0,0,0,1,1,0,0
0,0,0,0,0,0,0,0,1,0,1,1,0,1,0,0,0,0,1,0,1,0,1,1,1,0
0,0,1,0,0,0,0,0,1,1,1,1,0,1,0,0,0,0,1,0,0,1,1,1,0,0
0,0,0,0,0,0,0,0,1,0,0,1,0,1,1,0,0,0,1,1,0,1,1,0,1,0
0,1,0,0,0,0,0,0,1,0,1,0,0,0,1,1,0,0,1,0,0,0,1,-1,0,0
0,0,1,0,1,0,0,0,1,0,1,1,0,1,1,0,0,0,1,0,0,1,1,0,1,0
0,0,0,1,0,0,0,0,0,1,1,1,0,0,0,0,0,0,1,0,1,1,0,0,1,0
0,1,0,0,0,1,0,0,1,0,0,1,0,1,1,1,0,0,0,0,0,0,2,1,0,1
0,0,0,0,1,0,0,0,0,0,1,0,0,1,0,0,0,0,1,0,1,1,0,0,2,0
0,0,1,0,0,1,0,0,1,0,0,0,0,0,1,1,0,0,0,0,0,1,2,0,0,1
0,0,0,0,0,0,0,0,1,0,0,1,0,1,0,0,0,0,1,0,0,1,1,1,0,0
0,1,1,0,0,0,0,0,1,1,1,1,0,1,0,0,0,0,1,0,0,0,1,0,0,0
0,0,0,0,0,0,0,0,1,1,1,1,0,1,1,0,0,0,1,0,0,0,1,1,0,0
0,0,0,0,0,0,0,0,1,0,0,0,0,1,0,0,0,0,1,0,0,0,1,1,0,0
0,0,1,0,0,1,0,0,1,0,0,1,0,1,1,0,0,0,0,0,0,1,2,-1,0,1
0,0,0,0,0,0,0,0,1,0,0,1,0,0,1,0,0,0,1,1,1,1,1,0,2,0
1,0,0,0,0,0,0,0,1,0,0,0,0,0,0,0,0,0,1,0,1,0,1,0,1,0
0,1,1,0,1,1,0,0,1,0,0,1,0,1,0,0,0,0,0,0,0,1,2,1,1,1
0,1,1,0,0,0,0,1,0,0,1,1,0,1,0,0,0,1,1,0,0,1,1,1,1,0
1,1,1,0,0,0,0,0,1,0,0,1,0,0,0,0,0,0,1,0,0,0,1,-2,0,0
0,0,1,0,0,0,0,0,1,0,0,0,0,0,0,0,0,0,1,0,1,1,1,0,1,0
0,1,0,0,0,0,0,0,1,1,1,1,0,0,0,0,0,0,1,0,0,1,1,-2,0,0
0,1,0,0,0,1,0,0,1,0,0,1,0,1,0,0,0,0,0,0,0,0,2,0,0,1
0,0,0,0,1,0,0,1,0,1,1,1,0,1,0,0,0,1,1,0,1,1,1,1,3,0
0,0,0,0,0,1,0,0,1,0,0,1,1,1,1,1,0,0,0,0,0,0,2,1,0,2
0,0,1,0,0,0,0,0,0,0,1,0,0,0,0,0,0,1,1,0,1,1,0,-1,2,0
0,0,1,0,0,0,0,0,0,1,1,0,0,0,1,0,0,0,1,0,1,1,0,0,1,0
1,0,0,0,0,0,0,0,1,0,0,0,0,1,1,0,0,0,0,0,0,1,1,0,0,0
0,0,1,0,0,1,0,0,1,0,0,1,1,1,1,0,0,0,0,0,0,0,2,0,0,2
0,0,1,0,0,1,0,0,1,0,0,1,1,1,0,0,0,0,0,0,0,0,2,0,0,2
1,0,1,0,0,0,0,0,1,0,0,1,0,0,0,0,0,1,0,0,0,0,1,-1,1,0
0,1,0,0,0,0,0,0,1,0,0,1,0,1,0,0,0,0,1,0,1,0,1,1,1,0
1,0,0,0,0,0,0,0,1,0,0,0,0,0,0,0,0,0,1,0,1,0,1,0,1,1
0,0,1,0,0,1,0,0,1,0,0,1,1,1,0,1,1,0,0,0,0,0,2,1,0,2
0,0,0,1,0,0,0,0,0,1,1,1,0,1,1,0,0,0,1,0,0,0,0,1,0,0
0,1,1,0,0,1,0,0,1,0,0,1,1,1,0,0,1,0,0,0,0,0,2,1,0,2
0,0,0,0,0,0,0,0,1,1,1,0,0,1,1,0,0,0,1,0,0,1,1,0,0,0
0,0,0,0,0,0,0,0,0,1,1,0,0,1,0,0,0,1,1,0,1,1,0,1,2,0
0,1,0,0,0,0,0,0,1,1,1,1,0,1,1,0,0,0,1,0,0,0,1,1,0,0
1,0,0,0,0,0,0,1,0,0,0,0,0,0,0,0,0,1,1,0,1,1,1,0,2,0
1,0,0,1,0,0,0,0,1,0,0,0,0,0,0,0,0,0,1,0,1,0,1,0,1,0
0,0,0,0,0,1,0,0,1,0,0,1,1,1,0,1,0,0,0,0,0,0,2,1,0,2
0,0,0,0,0,0,0,0,0,0,0,1,0,0,0,0,0,0,0,0,1,0,0,-1,1,0
0,0,0,0,0,0,0,0,0,1,0,1,0,1,0,0,0,0,1,0,1,1,0,1,1,0
0,0,1,0,0,0,0,1,0,0,1,0,0,0,1,0,0,1,1,0,1,1,1,0,2,0
0,0,1,0,0,0,0,1,0,0,0,1,0,0,0,0,0,0,1,0,0,1,1,-1,0,0
0,1,0,0,0,0,0,0,1,0,0,0,0,1,0,0,0,0,1,0,1,0,1,1,1,0
0,0,0,0,0,1,0,0,1,0,0,0,0,0,1,0,0,0,0,0,0,0,2,-1,0,1
0,1,0,0,0,1,0,0,1,0,0,1,1,1,1,1,0,0,0,0,0,1,2,0,0,3
0,0,1,0,1,0,0,0,1,0,0,0,0,0,1,0,0,0,1,0,0,0,1,-1,1,0
0,0,1,0,1,0,0,0,0,0,1,0,0,0,1,0,0,1,1,0,1,1,0,-2,3,0
0,0,1,0,0,0,0,0,0,1,1,1,0,1,0,0,0,0,1,0,1,0,0,1,1,0
0,0,0,1,0,0,0,0,0,0,1,0,0,0,1,0,0,0,1,0,1,1,0,-1,1,0
0,0,1,0,0,1,0,1,0,0,0,1,0,0,0,0,0,1,0,0,1,1,2,0,2,2
0,0,0,0,0,0,0,0,0,0,0,0,0,0,0,0,0,0,1,0,0,1,0,-1,0,0
0,0,1,0,1,0,0,0,1,0,0,1,0,1,0,0,0,0,1,0,0,1,1,0,1,0
0,1,0,0,0,1,0,0,1,0,0,1,1,0,1,0,1,0,0,0,0,0,2,-2,0,2
0,0,0,0,0,0,0,0,1,0,0,1,1,1,0,0,1,0,0,0,0,0,1,1,0,1
0,0,0,0,0,0,0,0,1,0,0,0,0,0,0,0,0,0,0,0,1,0,1,0,1,1
0,0,0,0,0,1,0,0,1,0,0,0,0,0,1,0,0,0,0,0,0,0,2,-1,0,1
0,0,1,0,0,0,0,0,1,1,0,1,0,1,0,0,0,0,1,0,1,0,1,1,1,0
1,0,1,0,0,0,0,0,0,1,1,0,0,0,1,0,0,0,1,0,1,0,0,0,1,0
0,0,1,0,1,0,0,0,1,0,1,1,0,0,1,0,0,0,1,0,0,1,1,-1,1,1
0,0,0,0,0,0,0,1,0,1,1,1,0,0,1,0,0,1,1,0,1,1,1,-1,2,0
0,0,1,0,0,0,0,0,1,0,1,0,0,0,1,0,0,0,1,0,0,1,1,0,0,0
0,0,1,0,0,0,0,0,0,0,0,0,0,0,0,0,0,0,1,0,1,0,0,0,1,0
0,0,1,0,0,1,0,0,1,0,0,1,1,1,0,0,0,0,0,0,0,0,2,1,0,2
0,1,0,0,0,1,0,0,1,0,0,1,1,1,1,1,1,0,0,0,0,0,2,1,0,2
0,1,1,0,0,0,0,0,1,1,1,1,0,1,0,0,0,0,1,0,0,1,1,-1,0,0
0,0,0,0,0,0,0,1,0,0,1,0,0,0,0,0,0,0,1,0,1,0,1,0,1,0
0,0,0,0,0,1,0,0,1,0,0,1,0,1,1,0,0,0,0,0,0,0,2,1,0,1
0,0,0,0,0,0,0,0,1,0,1,0,0,1,0,0,0,0,1,0,1,0,1,1,1,0
0,0,1,0,0,0,0,0,1,0,0,1,1,1,0,1,1,0,0,0,0,0,1,1,0,1
0,0,0,0,0,0,0,0,1,1,1,1,0,1,0,0,0,0,1,0,0,1,1,0,0,0
1,0,0,0,1,0,0,0,1,0,1,0,0,0,1,0,0,0,1,0,1,1,1,0,2,0
0,0,0,0,0,0,0,0,1,0,1,1,0,1,0,0,0,0,1,0,1,1,1,1,1,0
0,0,0,0,0,0,0,0,1,1,1,0,0,0,0,0,0,0,1,0,0,0,1,0,0,0
0,0,1,0,0,1,0,0,1,0,0,1,1,1,0,0,1,0,0,0,0,0,2,-1,0,2
0,0,1,0,0,0,0,0,0,1,1,1,0,1,1,0,0,0,1,0,0,0,0,0,0,0
0,0,0,0,0,0,0,0,1,0,1,0,0,0,0,0,0,1,1,0,1,1,1,-1,2,0
1,0,0,0,0,0,0,0,1,0,0,0,0,0,0,0,0,0,1,0,0,1,1,-1,0,0
0,0,0,1,0,0,0,0,1,0,1,1,0,1,0,0,0,0,1,0,0,1,1,-1,0,0
0,0,1,0,0,1,0,0,1,0,0,0,0,1,1,0,0,0,0,0,0,0,2,1,0,1
0,0,0,0,0,0,0,1,0,1,1,0,0,0,0,0,0,1,1,0,1,1,1,-1,2,0
0,1,0,0,0,0,0,0,1,0,0,1,0,1,1,0,0,0,1,0,0,1,1,0,0,0
0,0,0,1,0,0,0,1,0,0,0,0,0,0,1,0,0,1,1,0,1,1,1,0,2,0
0,0,0,0,0,0,0,0,1,1,1,0,0,0,1,0,0,0,1,0,1,1,1,-1,1,0
0,0,1,0,0,0,0,0,1,0,0,0,0,0,0,0,0,0,1,0,0,0,1,-2,0,0
0,0,1,0,1,0,0,0,1,0,1,1,0,0,1,0,0,0,1,0,0,1,1,-1,1,0
0,0,1,1,1,0,0,1,0,1,1,0,0,0,1,0,0,0,1,0,1,1,1,-1,2,0
0,0,0,0,0,0,0,0,0,1,1,1,0,1,1,0,0,0,1,0,1,1,0,1,1,0
0,0,1,0,0,0,0,0,0,0,1,0,0,1,1,0,0,0,1,0,0,1,0,-1,0,0
0,0,1,1,1,0,0,0,1,0,0,1,0,0,1,0,0,1,1,0,1,1,1,0,3,0
0,0,0,0,0,0,0,0,1,0,1,1,0,1,1,1,0,0,1,0,0,1,1,1,0,0
1,0,0,0,0,0,0,0,1,0,0,0,0,0,0,0,0,1,1,0,1,1,1,-1,2,0
0,1,1,0,0,0,0,0,1,0,0,1,0,1,1,0,0,0,1,0,0,0,1,-1,0,0
1,0,0,0,0,0,0,0,1,0,0,0,1,1,0,0,0,0,0,0,0,0,1,1,0,1
1,0,0,0,0,0,0,1,0,0,0,0,0,0,0,0,0,0,1,0,0,1,1,0,0,0
0,0,0,0,0,0,0,0,1,1,1,0,0,1,1,1,0,0,1,0,0,0,1,1,0,0
1,0,1,0,0,1,0,0,1,1,1,0,0,0,0,0,0,0,1,0,1,1,2,-1,1,1
0,0,0,0,0,0,0,0,1,0,1,1,0,1,1,1,1,0,1,0,0,0,1,0,0,0
0,0,1,0,0,0,0,0,1,1,1,1,0,1,1,0,0,0,1,0,1,1,1,0,1,0
0,0,1,0,0,0,1,0,1,0,0,1,1,1,0,0,0,0,0,0,0,0,2,1,0,1
1,0,0,0,0,0,0,0,1,0,0,0,0,0,0,0,0,0,0,0,1,0,1,-1,1,0
0,0,0,1,0,0,0,0,1,0,1,0,0,1,1,0,0,0,1,0,0,1,1,0,0,0
0,1,1,0,0,0,0,0,1,0,0,1,1,1,0,0,0,0,0,0,0,0,1,0,0,1
0,0,1,1,0,0,0,1,0,0,0,1,0,0,0,0,0,1,0,0,1,0,1,0,2,0
0,0,1,0,0,0,0,0,1,1,0,1,0,0,1,0,0,0,1,0,0,0,1,-2,0,0
0,0,0,0,0,0,0,0,1,1,0,0,0,1,0,0,0,0,1,0,0,1,1,1,0,0
0,1,1,0,0,1,1,0,1,0,0,1,0,1,1,0,0,0,0,0,0,0,3,0,0,1
0,0,0,0,0,0,0,0,1,0,0,1,0,1,1,0,0,1,0,0,0,1,1,0,1,0
0,0,0,1,1,0,0,0,0,0,0,1,0,1,1,0,0,1,1,0,1,1,0,1,3,0
0,1,1,0,0,0,0,0,1,1,1,1,0,1,1,0,0,0,1,0,1,0,1,1,1,0
0,0,1,0,0,0,0,0,1,0,0,1,0,1,1,0,0,0,1,0,0,0,1,1,0,0
0,0,0,0,0,0,0,0,1,0,0,0,0,1,0,0,0,0,1,1,0,0,1,1,1,0
1,0,1,0,0,0,0,0,1,1,1,1,0,1,0,0,0,0,1,0,0,1,1,0,0,0
0,0,1,0,0,1,0,0,1,0,0,0,0,0,0,0,0,1,0,0,1,1,2,0,2,1
0,0,0,0,0,0,0,0,0,1,1,1,0,1,1,0,0,0,1,0,1,1,0,1,1,0
0,0,0,0,0,0,0,0,1,1,1,1,0,1,0,0,0,0,1,0,1,0,1,0,1,0
0,0,0,0,0,0,0,0,1,1,0,0,0,1,1,0,0,0,1,0,1,1,1,0,1,0
0,0,0,0,0,0,0,0,0,1,1,0,0,1,1,0,0,0,1,0,0,0,0,1,0,0
1,0,1,0,0,0,0,0,1,0,0,1,0,1,0,0,0,0,1,0,0,0,1,1,0,0
1,0,1,0,0,0,0,0,0,0,0,1,0,0,0,0,0,0,1,0,0,1,0,-1,0,0
0,0,1,0,0,0,0,0,1,1,1,0,0,0,0,0,0,0,1,0,1,1,1,-1,1,0
0,1,1,0,0,0,0,0,0,0,0,1,0,1,0,0,0,0,1,0,0,1,0,0,0,0
0,0,0,0,1,0,0,0,1,1,1,1,0,1,0,0,0,0,1,0,1,1,1,1,2,0
0,1,1,0,0,1,0,0,1,0,0,1,0,1,1,1,0,0,0,0,0,1,2,0,0,2
0,0,1,1,0,0,0,0,0,0,0,1,0,1,0,0,0,1,1,0,0,1,0,0,1,0
0,0,0,1,1,0,0,0,1,1,1,0,0,0,0,0,0,0,1,0,1,1,1,-1,2,0
0,0,0,0,0,0,0,0,1,1,1,0,0,1,1,0,0,0,1,0,0,1,1,-1,0,0
0,0,0,0,0,0,0,0,0,1,1,0,0,0,1,0,0,0,1,0,1,1,0,-1,1,0
0,1,1,0,0,0,0,0,1,0,0,1,0,1,1,0,0,0,1,0,0,1,1,0,0,0
0,1,0,0,0,0,0,0,1,1,1,1,0,1,1,0,0,0,1,0,0,1,1,0,0,0
0,0,1,0,0,0,0,0,1,1,1,0,0,1,1,0,0,0,1,0,1,1,1,1,1,0
0,0,1,0,1,0,0,0,1,0,1,0,0,0,0,0,0,1,1,1,0,1,1,-1,3,0
0,0,1,0,0,0,0,0,1,1,1,1,0,1,1,0,0,0,1,0,0,1,1,0,0,0
0,0,0,0,0,0,0,0,1,1,0,1,0,1,1,0,0,0,1,0,0,0,1,1,0,0
1,0,0,0,0,0,0,0,1,0,0,0,0,0,1,0,0,0,1,0,0,0,1,-1,0,0
0,0,1,0,0,1,0,0,1,0,0,1,1,1,1,0,0,0,0,0,0,0,2,1,0,2
0,0,1,0,0,1,0,0,1,0,0,1,1,1,1,0,0,0,0,0,0,0,2,1,0,2
0,0,1,0,0,0,0,0,1,1,1,0,0,0,0,0,0,0,1,0,1,0,1,0,1,0
0,1,1,0,0,1,0,0,1,0,0,1,0,1,1,0,0,0,0,0,0,0,2,0,0,1
1,1,0,0,0,0,0,0,1,0,0,1,0,1,0,0,0,0,1,0,0,0,1,1,0,0
0,1,1,0,0,1,0,0,1,0,0,0,0,0,1,0,0,0,0,0,0,0,2,-1,0,1
0,0,0,0,0,0,0,0,0,1,1,1,0,1,0,0,0,0,1,0,1,1,0,1,1,0
0,0,1,1,1,0,0,0,1,0,0,0,0,0,0,0,0,1,1,0,1,1,1,0,3,0
0,0,1,0,0,1,0,0,0,0,0,0,0,0,1,0,0,1,0,0,1,1,1,0,2,1
0,0,1,0,0,0,0,0,0,0,0,0,0,0,1,0,0,0,1,0,0,1,0,0,0,0
0,1,0,0,0,0,0,0,1,0,0,1,0,1,0,0,0,0,1,0,0,1,1,0,0,0
0,1,0,0,0,1,0,0,1,0,0,1,0,1,0,0,0,0,0,0,0,0,2,1,0,1
0,0,1,0,0,0,0,0,1,0,0,1,1,1,1,0,0,0,0,0,0,1,1,0,0,1
0,1,1,0,0,0,0,0,1,1,1,1,0,1,1,0,0,0,1,0,1,1,1,1,1,0
0,0,0,0,0,0,0,0,0,0,0,1,0,1,1,0,0,0,1,0,1,1,0,0,1,0
0,0,1,0,0,0,0,0,1,0,0,1,0,1,1,1,0,0,0,0,0,0,1,0,0,0
0,1,1,0,0,0,0,0,1,0,0,1,0,1,1,0,0,0,0,0,0,0,1,0,0,0
0,1,0,0,0,0,0,0,1,0,0,1,0,1,0,0,0,0,1,0,1,0,1,0,1,0
0,0,0,0,0,0,0,0,1,0,1,0,0,0,1,0,0,0,1,0,0,1,1,0,0,0
0,0,1,0,0,0,0,0,1,0,0,0,0,1,0,1,0,0,1,0,0,0,1,0,0,0
0,1,0,1,1,0,0,1,0,1,1,0,0,0,0,0,0,1,1,0,1,1,1,0,3,0
0,1,1,0,0,0,0,0,1,0,0,1,0,1,1,0,0,0,1,0,0,0,1,1,0,0
0,1,1,0,0,1,0,0,1,0,0,0,0,0,0,0,0,0,0,0,0,0,2,-1,0,1
0,0,0,0,0,0,0,0,0,1,1,0,0,0,0,0,0,1,1,0,0,1,0,-2,1,0
0,0,1,0,0,0,0,0,1,0,0,1,1,1,0,0,1,0,0,0,0,0,1,1,0,2
0,0,1,0,0,0,0,0,1,0,1,1,0,1,0,0,0,0,1,0,1,1,1,1,1,0
0,0,1,0,0,0,0,0,0,0,0,0,0,1,1,0,0,0,0,0,0,0,0,0,0,0
0,0,0,0,0,1,0,0,1,0,0,0,0,1,0,0,0,0,0,0,1,1,2,1,1,2
0,0,0,1,1,0,0,1,0,0,1,1,0,1,0,0,0,1,1,0,0,1,1,0,2,0
0,1,0,0,0,1,0,0,1,0,0,1,0,1,1,1,0,0,0,0,0,1,2,1,0,1
0,0,1,0,0,0,0,0,1,0,0,1,0,1,1,0,0,0,1,0,0,0,1,-1,0,0
0,0,0,1,1,0,0,0,1,0,0,0,0,0,0,0,0,1,1,0,1,1,1,0,3,0
0,1,0,0,0,1,0,0,1,0,0,1,0,1,1,1,0,0,0,0,0,0,2,0,0,1
0,0,0,0,0,0,0,0,1,1,1,1,0,0,1,0,0,0,1,0,0,0,1,-2,0,0
1,0,1,0,0,1,0,0,1,0,0,1,1,1,1,0,0,0,0,0,0,0,2,0,0,2
0,0,1,0,0,1,0,0,1,0,0,0,0,0,0,0,0,0,0,0,0,1,2,-1,0,1
0,1,1,0,0,0,0,0,1,0,0,1,1,1,1,0,0,0,1,0,0,0,1,0,0,1
0,1,1,0,0,0,0,0,1,0,0,1,0,1,1,0,0,0,1,0,0,0,1,1,0,0
0,0,0,0,0,1,0,0,1,0,0,1,1,1,1,1,1,0,0,0,0,0,2,0,0,2
0,0,0,0,0,0,0,0,1,0,0,0,0,1,1,0,0,0,1,0,0,1,1,1,0,1
0,0,1,0,1,1,0,0,0,0,1,0,0,1,1,0,0,0,0,0,0,1,1,0,1,1
0,1,0,0,0,0,0,0,1,0,0,1,0,1,1,0,0,0,0,0,0,1,1,0,0,1
0,0,1,1,1,0,0,0,1,0,0,1,0,0,0,0,0,0,1,0,0,1,1,-1,1,0
0,0,0,0,0,1,0,0,1,0,0,1,0,1,1,0,0,0,0,0,0,1,2,0,0,2
0,0,1,0,0,0,0,1,0,0,0,1,0,1,1,0,0,0,1,0,0,1,1,0,0,0
0,0,0,0,1,0,0,0,1,0,1,1,0,1,1,0,0,0,1,0,0,1,1,0,1,0
0,0,1,0,0,0,0,0,1,1,1,1,0,1,1,0,0,0,1,0,0,0,1,0,0,0
0,0,1,0,1,0,0,0,1,0,0,1,0,1,1,0,0,0,1,0,0,0,1,0,1,0
0,1,1,0,0,0,0,0,1,0,0,1,0,0,1,0,0,0,1,0,0,0,1,0,0,0
0,0,0,0,1,0,0,0,1,0,0,0,0,0,0,0,0,0,1,0,0,1,1,-2,1,0
0,0,0,0,0,1,0,0,1,0,0,1,1,1,1,1,0,0,0,0,0,0,2,0,0,2
0,0,1,0,0,0,0,1,0,0,0,1,0,1,1,0,0,1,1,0,1,1,1,1,2,0
0,0,1,0,0,0,0,0,0,0,0,1,0,1,1,0,0,0,1,0,0,0,0,0,0,0
0,0,1,0,0,1,0,0,1,1,1,0,0,1,1,0,0,0,1,0,0,1,2,1,0,1
0,1,0,0,0,0,0,0,1,0,0,0,0,0,0,0,0,0,1,0,1,0,1,0,1,0
0,0,0,0,0,0,1,0,1,0,0,1,0,1,1,0,0,0,1,0,0,1,2,0,0,0
0,0,0,0,0,0,0,0,0,1,1,0,0,0,0,0,0,1,1,0,1,1,0,0,2,1
0,0,0,0,0,0,0,0,1,0,0,0,0,0,0,0,0,0,0,0,0,1,1,0,0,0
0,0,1,0,0,0,0,0,1,1,1,0,0,0,1,1,0,0,1,1,1,1,1,0,2,0
0,1,0,0,0,0,0,0,1,0,1,1,0,1,1,0,0,0,1,0,0,0,1,0,0,0
0,1,1,0,0,0,1,0,1,0,0,1,1,1,1,0,0,0,0,0,0,0,2,0,0,1
0,0,0,0,1,0,0,0,1,1,0,0,0,1,1,0,0,0,1,0,0,1,1,0,1,0
1,0,0,0,0,0,0,0,0,0,0,0,0,0,0,0,0,0,1,0,0,1,0,-2,0,0
0,1,0,0,0,1,1,0,1,0,0,0,0,1,1,0,0,0,0,0,0,0,3,0,0,1
0,0,1,1,0,0,0,0,0,0,0,1,0,1,0,0,0,0,1,0,0,1,0,0,0,0
0,0,0,0,0,1,0,0,1,0,0,1,1,1,0,0,0,0,0,0,0,0,2,1,0,2
0,1,1,0,0,0,0,0,1,0,0,1,1,1,1,1,0,0,0,0,0,0,1,1,0,1
0,1,0,0,0,0,0,0,1,0,0,0,0,0,1,1,0,0,1,0,0,0,1,0,0,0
0,0,0,0,0,0,0,0,1,1,1,1,0,0,0,0,0,0,1,0,1,1,1,0,1,0
0,0,1,0,1,0,0,1,0,1,1,0,0,0,0,0,0,1,1,0,1,1,1,-1,3,0
0,0,0,0,0,0,0,1,0,0,0,1,0,1,0,0,0,1,1,0,1,0,1,0,2,0
1,0,1,0,0,0,0,0,1,0,0,1,0,1,0,0,0,0,1,0,0,0,1,1,0,0
0,0,0,0,0,0,0,0,1,0,0,1,0,1,0,0,0,0,1,0,0,0,1,-1,0,0
0,0,1,0,0,0,0,0,1,0,0,0,0,0,1,0,0,0,0,0,0,0,1,-1,0,0
0,1,1,0,0,0,0,0,1,0,0,1,0,1,1,0,0,0,1,0,0,0,1,0,0,0
0,0,1,0,0,0,0,0,1,0,0,0,0,1,1,0,0,0,1,0,0,0,1,0,0,0
0,1,0,0,0,0,0,0,1,1,1,1,0,1,1,0,0,0,1,0,0,0,1,0,0,0
0,0,1,0,0,1,0,0,1,0,0,0,1,1,1,0,0,0,0,0,0,0,2,1,0,2
1,0,0,0,0,1,0,0,1,0,0,0,1,0,0,0,0,0,0,0,0,0,2,-1,0,2
1,0,0,1,0,0,0,0,0,0,0,0,0,0,0,0,0,0,0,0,0,1,0,-1,0,0
0,0,1,1,0,0,0,1,0,0,1,1,0,1,0,0,0,1,1,0,1,1,1,1,2,0
0,0,1,0,0,0,0,1,0,1,1,0,0,0,0,0,0,1,1,0,1,1,1,-1,2,0
0,0,1,0,0,0,0,0,0,0,0,0,1,1,0,0,0,0,0,0,0,0,0,0,0,1
0,0,1,0,0,0,0,0,0,1,1,1,0,1,1,0,0,0,1,0,1,1,0,1,1,0
0,0,0,0,0,0,0,0,1,0,1,0,0,0,0,0,0,0,1,0,0,0,1,-1,0,0
0,0,0,0,0,0,0,1,0,0,0,1,0,1,0,0,0,1,1,0,1,1,1,1,2,0
0,0,1,0,0,0,0,0,1,0,0,1,1,1,1,1,0,0,0,0,0,0,1,-1,0,1
0,0,0,1,1,0,0,0,1,0,1,0,0,1,1,0,0,0,1,0,0,1,1,0,1,0
0,0,0,0,0,0,0,0,0,0,0,1,0,1,0,0,0,0,0,0,0,0,0,1,0,0
0,1,1,0,0,0,0,0,1,0,0,1,0,0,1,1,0,0,0,0,1,0,1,0,1,0
0,1,0,0,0,1,0,0,1,0,0,1,0,1,1,1,0,0,0,0,0,0,2,0,0,1
0,0,0,0,0,0,0,0,0,0,0,0,0,0,1,0,0,0,1,0,1,1,0,-1,1,0
1,0,1,0,0,0,0,1,0,0,0,0,0,0,0,0,0,1,1,1,1,0,1,0,3,0
0,0,1,0,0,1,0,0,1,0,0,0,0,1,0,1,0,0,0,0,0,0,2,-1,0,1
0,0,1,0,0,0,0,0,1,0,0,0,0,0,1,0,0,0,1,0,1,1,1,0,1,0
0,0,1,0,0,0,0,0,1,1,1,0,0,0,1,0,0,0,1,0,0,1,1,-1,0,0
0,0,0,0,1,0,0,0,1,0,0,0,0,0,1,0,0,0,1,0,0,1,1,-1,1,0
0,0,1,0,1,0,0,0,1,0,0,1,0,1,1,0,0,0,1,0,0,0,1,0,1,0
0,0,0,0,0,0,0,0,1,1,0,1,0,1,1,0,0,0,1,0,0,1,1,-1,0,0
0,1,0,0,0,0,0,0,0,0,0,0,0,0,0,0,0,0,1,0,1,0,0,0,1,0
0,1,0,0,0,0,1,0,0,0,0,1,0,1,1,1,0,0,1,0,0,0,1,0,0,0
0,1,1,0,0,0,0,0,1,1,1,1,0,1,1,0,0,0,1,0,0,1,1,-1,0,0
1,0,0,0,0,0,0,0,1,1,1,0,0,0,0,0,0,1,1,0,1,1,1,-1,2,0
0,0,1,0,0,0,0,0,1,1,1,1,0,0,1,0,0,0,1,0,0,0,1,-2,0,0
0,0,0,0,0,0,0,0,1,1,1,1,0,0,0,0,0,0,1,0,0,0,1,-1,0,0
0,0,1,1,1,0,0,0,1,1,1,1,0,1,1,0,0,0,1,0,1,0,1,0,2,0
0,1,1,0,0,0,1,0,1,1,1,1,0,0,1,0,0,0,1,0,0,1,2,-2,0,0
0,0,1,0,1,0,0,0,1,0,0,1,0,0,1,0,0,0,1,0,0,1,1,-2,1,0
0,0,0,0,0,0,0,0,0,0,1,1,0,0,0,0,0,1,1,0,1,1,0,0,2,0
0,0,0,0,0,0,0,0,1,1,1,1,0,1,0,0,0,0,1,0,0,1,1,0,0,0
0,0,0,1,1,0,0,0,0,1,1,0,0,1,1,0,0,0,1,0,1,1,0,0,2,0
0,0,1,0,0,1,0,0,0,0,0,1,1,1,0,1,0,0,0,0,0,0,1,1,0,2
0,0,1,1,0,0,0,1,0,0,0,1,0,1,1,0,0,1,1,0,0,1,1,0,1,0
0,0,0,0,0,0,0,0,1,0,1,0,0,1,1,0,0,0,1,0,0,1,1,0,0,0
0,0,0,0,0,0,0,0,1,1,1,0,0,1,0,0,0,0,1,0,0,1,1,1,0,0
1,0,1,0,0,0,0,0,1,0,0,1,0,1,1,0,0,0,1,0,0,1,1,0,0,0
0,0,0,0,0,0,0,0,0,0,0,1,0,1,0,0,0,0,0,0,1,0,0,1,1,0
0,0,0,0,0,0,0,0,1,0,0,1,0,1,1,1,0,0,1,0,0,1,1,-1,0,1
0,0,1,0,0,0,0,0,1,0,0,1,0,1,1,0,0,0,1,0,0,1,1,1,0,0
0,0,0,0,0,0,0,0,1,0,0,0,0,0,0,0,0,0,1,0,1,0,1,0,1,0
1,0,1,0,0,1,0,0,1,0,0,0,0,1,0,0,0,0,0,0,0,0,2,0,0,1
0,1,1,0,0,1,0,0,1,0,0,1,1,1,1,1,0,0,0,0,0,0,2,1,0,2
0,0,1,0,0,0,0,0,1,1,1,0,0,1,1,0,0,0,1,0,0,1,1,-1,0,0
0,0,1,0,0,0,0,0,1,0,0,1,0,1,0,0,0,0,1,0,0,0,1,0,0,0
0,0,0,0,1,0,0,0,0,1,1,0,0,0,0,0,0,1,1,0,1,1,0,-1,3,0
0,1,1,0,0,0,0,0,1,0,0,1,0,1,1,0,0,0,1,0,0,1,1,0,0,0
0,0,0,1,1,0,0,1,0,0,0,0,0,0,1,0,0,1,1,0,0,1,1,-1,2,0
0,0,0,0,0,0,0,1,0,0,1,0,0,0,1,0,0,1,1,0,1,1,1,-1,2,0
0,1,1,0,0,0,0,0,1,0,0,1,0,0,1,0,0,0,1,0,0,0,1,0,0,0
0,0,0,0,0,0,0,0,1,1,1,1,1,1,1,0,0,0,1,0,0,0,1,1,0,1
0,0,1,0,1,0,0,0,1,1,1,0,0,1,1,0,0,0,1,0,0,1,1,-1,1,0
0,0,1,0,0,0,0,0,0,0,0,1,0,1,1,0,0,0,1,0,0,1,0,-1,0,0
0,1,0,0,0,0,0,0,1,0,0,1,0,1,1,0,0,0,1,0,0,1,1,1,0,0
0,0,1,0,0,0,0,1,0,1,1,1,0,1,0,0,0,1,1,0,1,1,1,1,2,0
0,0,1,0,0,0,0,0,1,0,1,0,0,1,0,0,0,0,1,0,0,1,1,0,0,0
0,0,0,0,0,1,0,0,1,0,0,1,0,0,0,1,0,0,0,0,0,0,2,0,0,2
0,0,1,0,0,0,0,0,1,1,1,1,1,1,1,0,0,0,1,0,0,0,1,-1,0,1
1,0,0,0,0,0,0,0,1,0,0,0,0,0,1,0,0,0,1,0,1,1,1,0,1,0
0,0,0,1,0,0,0,0,0,0,1,0,0,0,0,0,0,1,1,0,1,1,0,0,2,0
1,0,0,0,0,0,0,0,1,0,1,0,0,0,0,0,0,0,1,0,1,1,1,-1,1,0
0,0,0,0,0,0,0,0,1,1,0,0,0,0,0,0,0,0,1,0,1,1,1,-1,1,0
0,0,1,0,0,1,0,0,1,0,0,1,1,1,1,1,0,0,0,0,0,0,2,1,0,2
0,0,1,0,0,0,0,0,1,0,1,1,0,1,0,0,1,0,1,0,0,1,1,0,0,0
0,0,1,0,0,1,0,0,1,0,0,1,1,1,0,0,0,0,0,0,0,0,2,1,0,2
0,1,1,0,0,1,0,0,1,0,0,1,1,1,1,0,1,0,0,0,0,0,2,0,0,2
1,0,1,0,0,0,0,0,1,0,0,1,0,0,1,0,0,0,0,0,0,0,1,0,0,0
0,0,0,0,0,0,0,0,1,1,1,1,0,1,1,0,0,0,1,0,1,0,1,0,1,0
0,0,1,0,0,1,0,0,1,0,0,1,0,0,0,0,0,0,1,0,1,0,2,0,1,1
0,0,0,1,0,0,0,0,0,0,0,1,0,0,0,0,0,1,1,0,1,1,0,-1,2,0
0,0,1,0,0,0,1,0,1,1,0,1,0,1,1,0,0,0,1,0,0,0,2,0,0,0
0,0,0,0,0,0,0,0,1,1,1,0,0,0,1,0,0,0,1,0,0,0,1,-2,0,0
0,0,0,0,0,1,0,0,1,0,0,1,1,1,1,0,0,0,0,0,0,0,2,0,0,3
0,0,1,0,0,1,0,0,1,0,0,1,1,1,0,1,1,0,0,0,0,0,2,0,0,2
0,1,0,0,0,0,0,0,1,0,0,1,0,1,0,0,1,0,1,0,1,0,1,0,1,0
0,1,0,0,0,0,0,0,0,0,0,1,0,1,0,0,0,0,0,0,1,0,0,0,1,0
0,0,0,0,0,0,0,0,1,1,1,1,0,1,1,0,0,0,1,0,1,1,1,1,1,0
0,1,1,0,0,1,0,0,1,0,0,1,1,1,0,0,1,0,0,0,0,0,2,-1,0,2
0,1,1,0,0,0,0,0,1,0,0,1,0,1,0,0,0,0,1,0,0,0,1,0,0,0
0,0,0,0,0,0,0,0,1,0,0,1,0,1,0,0,0,0,1,0,1,0,1,1,1,0
0,0,1,0,0,0,0,0,1,0,0,0,0,0,0,0,0,0,1,0,0,0,1,0,0,0
0,0,1,0,0,0,0,0,1,0,0,0,0,1,0,0,0,0,1,1,0,1,1,0,1,0
0,0,1,0,0,0,0,0,1,1,1,1,0,1,1,0,0,0,1,0,0,0,1,-1,0,0
0,0,1,0,0,0,0,0,1,0,0,0,0,1,1,0,0,0,1,0,0,0,1,0,0,0
0,0,0,0,0,0,0,1,0,1,1,0,0,0,0,0,0,1,1,0,1,1,1,-1,2,0
0,1,0,0,0,0,0,0,1,1,0,1,0,1,1,1,0,0,1,0,0,0,1,0,0,0
0,0,1,0,0,0,0,0,0,0,0,0,0,1,0,1,0,0,0,0,0,0,0,1,0,0
0,0,1,0,0,0,0,0,1,0,0,1,0,1,1,1,0,0,0,0,0,1,1,0,0,0
0,0,0,0,0,0,0,0,1,1,1,0,0,0,1,0,0,0,1,0,1,1,1,-1,1,0
0,0,1,0,0,0,0,0,1,0,0,1,0,1,1,0,0,0,0,0,0,0,1,1,0,1
0,1,0,0,0,1,0,0,1,0,0,1,1,1,1,0,1,0,0,0,0,0,2,1,0,2
0,0,1,1,0,1,0,0,1,0,0,1,1,0,0,0,0,0,0,0,1,0,2,0,1,2
0,0,1,1,1,0,0,0,1,0,1,0,0,1,0,0,0,1,1,0,1,1,1,0,3,0
0,0,1,0,0,0,1,0,1,1,1,1,1,1,1,0,0,0,1,1,0,1,2,-1,1,1
0,0,1,0,0,0,0,0,1,1,1,1,0,1,0,0,0,0,1,0,0,1,1,1,0,0
0,1,1,0,0,0,0,0,1,1,1,0,0,1,1,0,0,0,1,0,0,0,1,0,0,0
0,0,0,0,0,0,0,0,0,1,1,0,0,0,1,0,0,0,1,0,0,1,0,0,0,0
0,1,1,0,0,1,0,0,1,0,0,1,1,1,1,1,1,0,0,0,0,0,2,-1,0,3
0,1,1,0,0,1,0,0,1,0,0,1,1,1,0,1,0,0,0,0,0,0,2,0,0,2
0,1,0,0,0,0,0,0,1,1,1,1,0,1,0,0,0,0,1,0,0,0,1,0,0,0
0,1,0,0,1,0,0,0,1,0,0,1,0,0,0,0,0,0,1,0,0,0,1,-1,1,0
0,0,0,0,0,0,0,0,0,0,0,0,0,0,0,0,0,0,1,0,1,1,0,0,1,0
0,0,1,0,1,0,0,1,0,1,1,0,0,0,1,0,0,0,1,0,1,1,1,-1,2,0
0,0,0,0,0,0,0,0,1,1,1,1,0,0,1,0,0,0,1,0,1,0,1,0,1,0
0,0,1,0,0,0,0,0,1,0,1,0,0,1,1,0,0,0,1,0,1,0,1,1,1,0
1,0,0,0,0,0,0,0,1,0,0,1,0,0,0,0,0,0,1,0,0,1,1,-2,0,0
0,0,0,0,0,0,0,0,1,1,1,1,0,1,1,1,0,0,1,0,0,0,1,-1,0,0
1,0,0,0,0,0,0,0,0,0,0,0,0,0,0,0,0,0,1,0,0,0,0,0,0,0
0,0,0,0,0,0,0,0,1,0,0,1,1,1,0,0,0,0,0,0,0,0,1,0,0,1
0,0,0,0,0,0,0,0,1,1,0,1,0,1,1,0,0,0,1,0,0,1,1,0,0,0
0,0,1,1,0,0,0,0,1,1,1,0,0,0,0,0,0,0,1,0,1,1,1,-1,1,0
0,0,0,0,0,0,0,0,0,0,0,0,0,1,0,0,0,0,1,0,0,0,0,0,0,0
0,1,0,0,0,1,0,0,1,0,0,1,0,1,1,0,0,0,0,0,1,1,2,1,1,2
0,0,0,0,0,0,0,0,1,1,1,1,0,1,1,0,0,0,1,0,0,1,1,0,0,0
0,1,0,0,0,0,0,0,1,1,0,1,0,1,0,0,0,0,1,0,0,0,1,1,0,0
1,0,0,0,0,0,0,1,0,1,1,0,0,0,0,0,0,0,1,0,1,1,1,-1,1,0
0,0,1,0,0,0,0,0,0,0,0,0,0,0,0,0,0,0,1,0,1,1,0,0,1,0
0,0,1,1,1,0,0,1,0,0,0,1,0,1,0,0,0,1,1,0,1,1,1,1,3,0
0,0,0,0,0,0,0,0,1,0,0,0,0,0,1,1,0,0,1,0,0,0,1,-2,0,0
0,1,1,0,0,0,0,0,1,0,0,1,0,0,1,0,0,0,1,0,0,1,1,0,0,0
0,0,1,0,0,1,0,0,1,0,0,0,1,1,1,0,0,0,0,0,0,0,2,1,0,2
0,0,1,0,0,1,0,0,1,0,0,0,0,1,0,0,0,1,0,0,1,0,2,1,2,1
0,0,0,0,0,0,0,0,1,0,0,0,0,1,0,0,0,0,1,0,0,0,1,0,0,0
0,1,0,0,0,0,0,0,1,0,0,1,1,1,1,1,0,0,1,0,0,0,1,1,0,1
0,0,0,1,1,0,0,1,0,0,1,0,0,0,0,0,0,0,1,0,0,0,1,-1,1,0
0,1,0,0,0,0,0,0,1,1,0,1,0,1,1,0,0,0,1,0,0,0,1,1,0,0
1,0,1,0,0,0,0,0,1,0,0,1,0,1,0,0,0,0,1,0,0,0,1,0,0,0
0,0,0,0,0,0,0,0,1,0,1,1,0,1,1,0,0,0,1,0,0,0,1,1,0,0
0,0,1,0,0,1,0,0,1,0,0,1,0,1,1,1,0,0,0,0,0,1,2,0,0,1
0,0,0,0,0,0,0,0,0,1,1,1,0,1,0,0,0,0,1,0,0,0,0,1,0,0
0,0,1,0,0,0,0,1,0,0,1,0,0,0,0,0,0,1,1,0,1,1,1,0,2,0
0,0,1,0,0,0,0,0,1,0,0,0,0,0,0,0,0,0,1,0,0,0,1,0,0,0
0,1,0,0,0,0,0,0,1,1,0,1,0,1,1,0,0,0,1,0,0,0,1,-1,0,0
0,1,1,0,0,0,0,0,0,1,1,1,0,1,1,0,0,0,1,0,0,1,0,1,0,0
0,0,1,1,0,0,0,0,0,1,1,1,0,1,1,0,0,0,1,0,1,1,0,1,1,0
0,0,1,0,0,0,0,0,1,0,0,0,0,1,1,0,0,0,1,0,0,0,1,-1,0,0
0,0,0,0,1,0,0,0,1,0,0,0,0,0,0,0,0,0,0,0,0,1,1,-1,1,0
1,0,1,0,0,0,0,0,1,0,0,1,0,1,0,0,0,0,0,0,0,1,1,0,0,0
0,0,1,0,0,0,0,0,1,0,0,0,1,1,0,0,0,0,0,0,0,0,1,1,0,1
0,1,0,0,0,0,0,0,0,0,0,0,0,0,1,0,0,0,1,0,1,0,0,0,1,0
1,0,0,0,0,0,0,0,0,1,0,0,0,0,1,0,0,0,1,0,1,0,0,0,1,0
0,1,1,0,0,1,0,0,1,0,0,0,0,0,1,0,0,0,0,0,0,0,2,-1,0,1
0,1,0,0,0,0,0,0,1,0,0,1,1,1,1,1,1,0,0,0,0,0,1,0,0,1
0,1,1,0,0,1,0,0,1,0,0,1,1,1,1,0,1,0,0,0,0,0,2,-1,0,2
1,0,0,0,0,1,0,0,0,0,0,0,1,1,0,0,0,0,0,0,0,0,1,1,0,2
0,1,0,0,0,0,1,0,1,0,0,1,0,1,0,0,0,0,1,0,1,1,2,1,1,0
0,0,1,0,0,0,0,0,1,0,0,1,0,1,0,0,0,0,1,0,0,1,1,-1,0,0
0,1,0,1,1,0,0,0,1,0,0,0,0,0,0,0,0,0,1,0,1,0,1,0,2,0
0,0,0,0,0,0,0,0,1,0,0,0,0,1,1,0,0,0,1,0,0,0,1,-1,0,0
0,0,1,0,0,1,0,0,1,0,0,0,1,1,0,0,1,0,0,0,1,0,2,1,1,2
0,0,0,0,0,0,0,0,1,0,0,0,0,1,0,0,0,0,1,0,0,0,1,1,0,0
0,0,0,0,1,0,0,0,1,1,1,0,0,0,1,0,0,0,1,0,0,0,1,-1,1,1
0,0,1,0,0,0,0,0,1,1,0,0,0,1,1,0,0,0,1,0,0,0,1,0,0,0
1,0,0,0,0,0,0,0,1,0,0,0,0,0,0,0,0,1,0,0,1,0,1,0,2,1
0,0,0,0,1,0,0,0,1,0,0,0,0,0,0,0,0,0,0,1,0,0,1,-1,2,1
0,1,0,0,0,0,0,0,1,0,0,1,0,1,0,0,0,0,1,0,0,0,1,0,0,0
0,1,0,0,0,1,0,0,1,0,0,0,1,1,1,0,0,0,0,0,0,0,2,1,0,2
0,0,1,0,0,1,0,0,1,0,0,1,1,1,1,0,0,0,0,0,0,0,2,0,0,2
1,0,0,0,1,0,0,0,1,0,0,0,0,0,0,0,0,0,0,0,1,1,1,0,2,0
0,1,1,0,0,0,0,0,1,1,1,1,0,1,1,0,0,0,1,0,0,1,1,-1,0,0
0,0,0,0,1,0,0,0,1,0,0,0,0,1,0,0,0,0,1,0,0,1,1,0,1,0
0,1,0,0,0,0,0,0,1,0,0,0,0,0,1,0,0,0,1,0,0,0,1,0,0,0
0,0,1,1,0,0,0,0,1,1,1,1,0,0,1,0,0,0,1,0,0,1,1,-2,0,0
0,0,0,0,0,0,0,0,1,1,1,0,0,0,0,0,0,0,1,0,1,1,1,0,1,0
1,0,0,0,0,0,0,1,0,0,0,0,0,0,0,0,0,0,0,0,0,1,1,-1,0,0
0,0,1,0,0,0,0,0,1,0,0,1,0,1,0,0,0,0,1,0,0,1,1,1,0,0
0,0,0,0,0,1,0,0,1,0,0,1,1,1,1,1,0,0,0,0,0,0,2,0,0,3
0,1,1,0,0,0,0,0,1,0,0,1,1,1,0,1,1,0,0,0,0,0,1,1,0,2
0,0,1,1,1,0,0,1,0,0,0,1,0,1,0,0,0,1,1,0,0,1,1,1,2,0
0,0,1,0,0,0,0,0,1,0,0,1,1,1,1,1,0,0,0,0,0,0,1,0,0,1
0,1,1,0,0,1,0,0,1,0,0,1,1,1,1,1,0,0,0,0,0,0,2,-1,0,3
0,0,0,0,0,0,0,0,1,0,0,0,0,0,1,1,0,0,0,0,1,0,1,-1,1,0
0,0,1,1,1,0,0,0,0,1,1,1,0,1,0,0,0,1,1,0,1,1,0,0,3,0
0,1,1,0,0,0,0,0,0,0,0,1,0,1,0,1,0,0,1,0,0,0,0,1,0,0
0,1,1,0,0,0,0,0,0,0,0,0,0,0,1,0,0,0,1,0,0,0,0,-1,0,0
0,0,0,0,0,0,0,0,1,0,1,1,0,1,1,0,0,0,1,0,0,0,1,1,0,0
0,0,0,0,0,0,0,0,1,1,1,0,0,1,1,0,0,0,1,0,1,0,1,0,1,0
0,0,0,0,0,0,0,0,1,0,0,1,0,1,0,0,0,0,1,0,0,1,1,1,0,0
0,0,0,0,0,0,0,0,1,0,0,1,0,1,0,1,0,0,1,0,0,1,1,0,0,0
0,0,0,0,0,0,0,0,0,0,0,0,0,0,0,0,0,0,0,0,0,0,0,-1,0,0
0,0,1,0,1,0,0,0,0,0,0,1,0,1,1,0,0,0,1,0,0,1,0,0,1,0
0,0,0,1,0,0,0,0,1,1,1,0,0,0,0,0,0,0,1,0,1,1,1,-1,1,0
0,0,0,0,0,1,0,0,1,0,0,0,0,0,0,0,0,0,0,0,1,0,2,-1,1,1
0,0,1,0,0,1,1,0,1,0,0,1,0,1,1,0,0,0,0,0,0,0,3,0,0,1
0,1,0,0,0,0,0,1,0,1,1,1,0,1,0,0,0,1,1,0,0,1,1,1,1,0
1,0,0,0,0,0,0,0,0,0,1,0,0,0,0,0,0,0,1,0,0,0,0,0,0,0
0,0,0,1,1,0,0,0,0,0,1,0,0,0,1,0,0,0,1,1,0,1,0,-2,2,0
1,1,0,0,0,0,0,0,0,0,0,0,0,0,0,0,0,0,1,0,0,1,0,-1,0,0
0,0,1,0,0,0,0,1,0,1,1,1,0,0,0,0,0,1,1,0,1,1,1,0,2,0
0,1,1,0,0,1,0,0,1,0,0,1,1,1,0,0,1,0,0,0,0,0,2,1,0,3
0,1,0,1,1,0,0,0,0,0,0,0,0,1,0,0,0,0,1,0,0,0,0,0,1,0
0,0,0,0,0,0,0,0,1,1,1,0,0,0,1,0,0,0,1,0,0,1,1,0,0,0
0,0,1,0,0,0,0,0,1,0,0,0,0,1,0,0,0,0,0,0,0,1,1,0,0,0
0,0,1,0,1,0,0,0,1,0,0,1,0,0,0,0,0,0,1,0,0,1,1,-1,1,0
0,0,1,0,0,0,0,0,0,1,1,1,0,1,0,0,0,0,1,0,1,1,0,0,1,0
1,0,0,0,1,0,0,0,0,0,1,0,0,0,0,0,0,1,1,0,1,0,0,-1,3,0
0,0,0,0,0,0,0,0,1,0,1,1,0,1,0,0,0,0,1,0,0,0,1,-1,0,0
0,0,0,0,0,1,0,0,0,0,0,1,1,1,1,1,0,0,0,0,0,0,1,1,0,2
1,0,1,0,0,0,0,0,1,0,0,0,0,0,0,0,0,1,0,0,1,0,1,-1,2,1
0,0,0,0,0,0,0,0,1,0,0,0,0,0,1,0,0,0,1,0,0,1,1,0,0,0
0,1,1,0,0,1,0,0,0,0,0,1,1,1,1,1,0,0,0,0,0,0,1,0,0,2
0,0,0,0,0,1,0,0,1,0,0,1,1,1,1,1,1,0,0,0,0,0,2,1,0,2
0,0,1,0,0,1,0,0,1,0,0,1,0,1,1,0,1,0,1,0,0,1,2,0,0,1
1,1,0,0,0,0,0,0,0,1,1,0,0,0,1,0,0,0,1,0,0,0,0,0,0,0
0,0,1,0,0,0,0,0,1,0,0,1,0,0,1,0,0,0,1,0,0,0,1,-2,0,0
0,0,1,0,0,0,0,0,1,0,0,0,0,0,1,0,0,0,1,0,0,0,1,-2,0,0
0,0,0,0,0,1,0,0,1,0,0,0,0,0,0,0,0,0,0,0,0,0,2,-1,0,2
0,0,0,0,0,1,0,1,0,0,0,1,0,0,0,0,0,1,0,0,1,1,2,0,2,1
0,0,0,0,0,0,0,0,1,0,0,0,0,1,1,0,0,0,1,0,0,1,1,1,0,0
0,1,0,0,0,0,0,0,1,1,1,0,0,1,1,1,0,0,1,0,0,1,1,0,0,0
0,0,0,0,0,0,0,1,0,0,1,0,0,0,0,0,0,0,1,0,1,1,1,-1,1,0
0,0,0,0,0,0,0,0,0,0,0,0,0,0,0,0,0,0,0,0,0,0,0,-2,0,1
0,0,1,1,1,0,0,1,0,0,1,1,0,1,1,0,0,0,1,0,1,1,1,0,2,0
0,0,0,0,0,0,0,0,1,0,1,0,0,1,1,0,0,0,1,1,0,1,1,0,1,1
0,1,1,0,0,1,0,0,1,0,0,1,1,1,1,1,0,0,0,0,0,0,2,1,0,3
0,0,0,0,0,1,0,0,1,0,0,1,1,1,1,1,0,0,0,0,0,0,2,0,0,2
0,0,0,0,0,1,0,0,1,0,0,1,1,1,0,0,0,0,0,0,0,0,2,1,0,2
0,1,0,0,1,0,0,0,1,0,0,1,0,1,1,0,0,0,1,0,0,0,1,1,1,0
1,0,1,0,0,0,0,0,1,0,0,0,0,0,0,0,0,0,1,0,0,0,1,-1,0,0
0,0,1,0,0,1,0,0,1,0,0,1,1,1,1,1,0,0,0,0,0,1,2,-1,0,2
0,0,1,0,1,0,0,0,1,1,1,1,0,1,1,0,0,0,1,0,0,1,1,-1,1,0
0,1,1,0,0,0,0,1,0,0,0,0,0,0,0,0,0,1,0,0,1,1,1,0,2,1
0,1,1,0,0,0,0,0,1,0,0,0,0,1,0,0,0,0,0,0,0,0,1,1,0,0
0,1,1,0,0,1,0,0,1,0,0,1,0,1,0,0,0,0,0,0,0,0,2,1,0,1
0,0,1,1,1,0,0,0,0,0,0,1,0,1,0,0,0,1,1,0,1,1,0,1,3,0
0,1,0,0,0,1,0,0,1,0,0,1,0,1,0,0,0,0,1,0,0,0,2,1,0,1
0,0,1,1,0,0,0,0,1,0,0,1,0,1,1,0,0,0,1,0,0,1,1,-1,0,0
0,1,0,0,0,0,0,0,1,1,1,1,0,1,1,0,1,0,1,0,0,0,1,-1,0,0
0,0,1,0,0,0,0,0,1,1,1,1,0,1,1,0,0,0,1,0,0,0,1,-1,0,0
0,0,1,0,0,0,0,0,1,0,0,1,0,1,0,0,0,0,1,1,0,0,1,0,1,0
0,1,0,0,0,1,0,0,1,0,0,1,0,1,1,1,0,0,0,0,0,1,2,1,0,1
0,0,0,0,1,0,0,1,0,0,0,1,0,1,1,0,0,1,1,0,1,1,1,1,3,0
1,0,1,0,0,0,0,0,1,0,0,0,0,0,1,0,0,0,0,0,1,1,1,0,1,0
1,0,0,1,0,0,0,1,0,0,0,0,0,0,0,0,0,1,1,0,1,1,1,0,2,0
0,0,0,0,0,1,0,0,1,0,0,0,0,0,0,0,0,0,0,0,1,0,2,0,1,1
0,1,0,0,0,0,0,0,1,1,1,1,0,1,1,0,0,0,1,0,0,0,1,-1,0,0
0,1,0,0,0,0,0,0,1,0,1,1,0,1,1,1,0,0,1,0,0,0,1,0,0,0
0,0,1,0,0,0,0,0,1,0,0,1,1,1,1,0,0,0,0,0,0,0,1,-1,0,1
0,0,0,1,1,0,0,0,1,0,0,1,0,1,1,0,0,0,1,1,0,1,1,1,2,0
0,0,0,0,0,0,0,0,1,0,0,0,0,1,0,0,0,0,0,0,0,0,1,0,0,0
0,0,0,0,0,0,0,0,1,1,1,1,0,1,1,0,0,0,1,0,0,1,1,0,0,0
0,0,0,1,0,0,0,0,1,1,1,1,0,1,1,0,0,0,1,0,1,0,1,1,1,0
1,0,0,0,0,0,0,0,0,0,0,0,0,0,0,0,0,1,0,0,0,0,0,0,1,1
0,0,0,1,1,0,0,1,0,1,1,0,0,0,1,0,0,1,1,0,1,1,1,0,3,0
0,0,0,0,0,0,0,0,1,1,1,0,0,1,0,0,0,0,1,0,1,0,1,1,1,0
0,0,0,0,0,0,0,0,0,0,0,1,0,1,0,0,0,0,1,1,0,1,0,1,1,0
0,1,0,0,0,0,0,0,1,0,0,1,0,0,0,0,0,0,0,0,1,0,1,0,1,0
0,0,0,0,0,1,0,0,1,1,1,0,0,1,0,0,0,0,1,0,0,1,2,0,0,1
0,1,1,0,0,1,0,0,1,0,0,1,0,1,0,0,0,0,0,0,0,0,2,0,0,1
0,0,0,0,0,0,0,0,0,0,0,1,0,0,0,0,0,0,1,0,1,0,0,0,1,0
0,0,1,0,0,1,0,0,1,0,0,1,0,1,0,0,0,0,0,0,0,0,2,0,0,1
0,0,1,0,0,0,0,1,0,0,0,1,0,1,1,0,0,0,1,0,0,1,1,-1,0,0
0,0,0,0,0,0,0,0,1,1,1,0,0,0,1,0,0,0,1,0,0,1,1,-2,0,0
0,0,1,0,1,0,0,0,1,0,0,1,0,1,0,0,0,0,1,0,0,0,1,1,1,0
0,0,0,0,0,0,0,0,1,0,1,0,0,0,0,0,0,0,1,0,0,0,1,0,0,0
0,0,0,0,0,0,0,1,0,0,0,0,0,0,0,0,0,1,1,0,1,1,1,-1,2,0
0,1,0,0,0,1,0,0,1,0,0,1,1,1,0,1,0,0,0,0,0,0,2,1,0,3
0,1,0,1,1,0,0,1,0,1,1,0,0,0,0,0,0,1,1,0,1,1,1,-1,3,0
0,0,0,0,0,0,0,0,1,0,1,1,0,1,0,0,0,0,1,0,0,0,1,0,0,0
0,0,1,0,0,0,0,0,1,1,1,1,0,0,1,0,0,0,1,0,0,1,1,-1,0,0
0,0,0,0,1,0,0,0,1,0,1,0,0,1,0,0,0,0,1,0,0,1,1,1,1,0
0,0,0,1,1,0,0,1,0,0,1,1,0,1,0,0,0,1,1,0,0,1,1,0,2,0
1,1,0,0,0,0,0,0,0,0,0,0,0,0,0,0,0,0,1,0,0,0,0,0,0,1
0,1,0,0,0,0,0,0,1,1,0,0,0,0,0,0,0,0,1,0,0,0,1,-1,0,0
0,0,1,0,0,0,0,0,1,0,0,1,1,1,0,0,0,0,0,0,0,0,1,1,0,2
0,0,1,0,0,0,0,0,1,1,1,0,1,1,1,0,0,0,1,0,0,1,1,-1,0,1
0,0,0,0,0,1,0,0,1,0,0,0,0,1,1,1,0,0,0,0,0,0,2,1,0,1
0,0,0,0,0,1,0,0,0,0,0,1,1,1,1,1,0,0,0,0,0,0,1,1,0,2
0,0,1,0,0,0,0,0,0,0,0,0,0,0,0,0,0,0,0,0,1,1,0,-1,1,0
0,0,0,0,0,1,0,0,1,0,0,1,1,1,0,1,0,0,0,0,0,0,2,1,0,2
0,1,1,0,0,0,0,0,1,0,0,0,1,1,0,0,1,0,0,0,0,0,1,1,0,1
0,0,0,0,1,0,0,0,0,0,0,0,0,0,1,0,0,0,1,0,1,1,0,0,2,0
0,0,1,0,0,0,0,0,1,0,1,1,0,0,1,0,0,1,1,0,1,1,1,0,2,0
0,0,0,0,0,1,0,0,1,0,0,1,1,0,1,0,0,0,0,0,0,0,2,0,0,2
0,0,1,0,0,0,0,0,1,0,0,1,0,1,0,0,0,1,0,0,1,1,1,1,2,0
0,0,1,0,0,0,0,1,0,1,1,0,0,0,1,0,0,0,1,0,1,1,1,0,1,0
0,0,1,0,0,0,0,0,1,1,1,1,0,1,1,0,0,0,1,0,0,0,1,0,0,0
0,0,1,0,0,0,1,0,1,0,0,0,0,1,0,0,0,0,1,0,0,0,2,-1,0,0
0,1,1,0,0,0,0,0,1,0,0,1,0,1,0,0,0,0,1,0,0,1,1,1,0,0
0,0,0,0,0,0,0,0,1,1,0,1,0,1,1,0,0,0,1,0,0,0,1,0,0,0
0,0,0,1,0,0,0,0,0,0,1,1,0,1,0,0,0,0,1,0,0,0,0,0,0,0
0,0,1,0,0,0,0,0,1,0,0,0,0,1,0,0,0,0,0,0,0,0,1,0,0,0
0,1,1,0,0,0,0,0,1,0,0,0,0,1,0,1,0,0,0,0,0,0,1,1,0,0
0,0,0,0,0,0,0,0,1,1,1,0,0,1,1,0,0,0,1,1,0,1,1,0,1,0
0,1,1,0,0,0,0,0,1,0,0,1,0,1,0,1,0,0,1,0,0,0,1,0,0,0
0,1,0,0,0,1,0,0,1,0,0,1,0,1,1,1,0,0,0,0,0,0,2,1,0,1
0,0,0,0,0,0,0,0,1,0,0,1,0,0,0,0,0,0,1,0,0,0,1,-1,0,0
0,0,1,0,0,0,0,0,1,0,0,0,0,0,0,0,0,0,0,0,0,0,1,0,0,0
0,0,1,1,0,0,0,0,1,0,0,1,0,1,1,0,0,0,1,0,0,0,1,-1,0,0
0,0,1,0,1,0,0,0,1,1,1,0,0,1,1,0,0,0,1,0,0,1,1,-1,1,0
0,1,0,0,0,0,0,0,1,0,0,0,0,1,1,0,0,0,0,0,1,0,1,1,1,0
0,0,1,0,0,0,0,0,1,0,1,1,0,1,1,0,0,0,1,0,0,0,1,1,0,0
0,0,0,0,0,0,0,0,1,0,0,0,0,1,1,1,0,0,0,0,0,0,1,0,0,0
0,0,0,1,1,0,0,1,0,1,1,0,0,0,0,0,0,1,1,0,1,1,1,-1,3,0
0,0,1,0,0,0,0,1,0,0,0,1,0,0,1,0,0,1,1,0,1,1,1,0,2,0
0,0,0,0,0,0,0,1,0,0,0,0,0,0,0,0,0,1,1,0,0,1,1,-1,1,0
0,0,1,0,0,0,0,0,1,0,0,0,0,0,0,0,0,0,1,0,1,1,1,-1,1,0
0,0,1,0,0,1,0,0,1,0,0,1,1,1,1,1,1,0,0,0,0,0,2,1,0,2
0,0,1,0,0,0,0,0,1,1,1,0,0,0,1,0,0,0,1,0,0,1,1,-2,0,0
0,0,1,0,0,0,0,0,1,0,0,1,0,1,1,0,0,0,1,0,0,1,1,1,0,0
0,0,1,0,0,1,0,0,1,0,0,1,1,1,1,1,0,0,0,0,0,0,2,0,0,2
0,0,1,0,0,0,0,0,1,1,1,1,0,1,1,0,0,0,1,0,0,1,1,-1,0,0
0,0,0,0,0,0,0,0,1,0,1,0,0,0,1,0,0,0,1,0,0,1,1,-1,0,0
1,0,0,0,0,0,0,0,1,0,0,1,0,0,0,0,0,0,1,0,1,1,1,0,1,0
0,0,0,0,1,0,0,0,1,0,0,0,0,0,0,0,0,0,1,0,1,1,1,0,2,0
0,0,1,0,0,0,0,0,1,0,0,0,1,1,1,0,1,0,0,0,0,0,1,1,0,1
0,0,0,0,0,0,0,0,1,1,1,0,0,1,1,0,0,0,1,0,1,1,1,1,1,0
1,0,0,0,0,0,0,0,1,1,1,1,0,1,0,0,0,0,1,0,1,0,1,0,1,0
0,0,0,0,0,1,0,0,1,0,0,0,0,0,1,0,0,0,0,0,1,0,2,0,1,1
0,0,0,0,0,0,0,0,1,0,1,0,0,0,1,1,0,0,1,0,1,1,1,-1,1,0
1,0,0,0,0,0,0,0,1,0,0,1,0,0,0,0,0,0,1,0,1,0,1,-1,1,0
0,1,1,0,0,0,0,0,1,0,0,1,0,1,0,0,0,0,1,0,0,1,1,0,0,0
0,0,1,0,1,0,0,1,0,0,0,0,0,1,0,0,0,0,1,0,1,1,1,1,2,0
1,0,1,0,0,0,0,0,1,1,1,1,0,1,1,0,0,0,1,0,0,1,1,0,0,0
0,0,1,0,0,0,0,1,0,0,0,1,0,1,0,0,0,1,1,0,0,1,1,0,1,0
0,1,0,0,0,0,0,0,1,1,1,1,0,1,0,0,0,0,1,0,0,1,1,1,0,0
0,0,0,0,0,0,0,0,1,1,0,1,0,1,0,1,0,0,1,0,0,0,1,-1,0,0
0,1,1,0,0,0,0,0,1,0,0,0,0,0,1,0,1,0,0,0,0,0,1,0,0,0
1,0,1,0,0,0,0,0,1,0,0,1,1,1,0,0,0,0,0,1,0,1,1,0,1,1
0,0,0,0,0,0,0,0,1,1,1,1,0,1,1,0,0,0,1,0,1,1,1,0,1,0
0,0,0,0,0,0,0,0,0,0,0,1,0,1,0,1,0,0,0,0,0,0,0,1,0,0
0,0,0,0,0,0,0,0,1,0,0,1,0,1,0,0,0,0,0,0,0,0,1,1,0,1
0,0,0,0,0,0,0,0,1,1,1,1,0,1,1,1,0,0,1,0,0,0,1,0,0,0
0,0,1,1,0,0,0,0,0,0,0,1,0,1,0,0,0,0,1,0,0,1,0,1,0,0
1,1,1,0,0,0,0,0,1,1,1,1,0,1,0,0,0,0,1,0,1,0,1,1,1,0
0,0,1,0,0,0,0,0,1,0,0,1,0,0,0,0,0,1,1,0,0,1,1,0,1,0
0,0,1,0,1,0,0,0,0,1,1,0,0,1,1,1,0,0,1,0,0,1,0,-1,1,0
0,0,1,0,0,0,0,0,1,0,0,1,1,1,1,0,0,0,0,0,0,1,1,0,0,2
0,0,0,1,0,0,0,0,1,0,1,1,0,0,1,0,0,0,1,0,0,1,1,-2,0,0
0,0,1,0,1,0,0,0,1,0,1,0,0,1,1,0,0,0,1,0,0,1,1,0,1,0
0,0,0,0,0,0,0,0,1,1,1,0,0,1,1,0,0,0,1,0,0,1,1,-1,0,0
1,1,1,0,0,0,0,0,1,0,0,1,1,1,0,0,0,0,0,0,0,0,1,1,0,1
0,0,0,0,1,0,0,0,1,1,1,0,0,1,1,0,0,0,1,0,1,1,1,1,2,0
0,0,1,0,0,0,0,0,1,1,1,0,0,1,1,0,1,0,1,0,0,0,1,1,0,0
0,0,0,0,0,0,0,0,1,1,1,1,0,1,0,0,0,0,1,0,0,1,1,0,0,0
0,1,0,0,0,0,0,0,1,0,0,1,0,1,1,0,0,0,1,0,0,0,1,0,0,0
0,0,1,0,0,1,0,0,1,0,0,1,1,1,1,0,1,0,0,0,0,0,2,1,0,2
0,0,0,1,1,0,0,0,1,0,1,0,0,0,0,0,0,1,1,0,1,1,1,0,3,1
0,0,1,0,0,0,0,0,1,0,0,0,0,0,0,0,0,0,1,1,1,1,1,0,2,0
0,1,1,0,0,1,0,0,1,0,0,0,0,1,0,0,0,0,1,0,1,1,2,1,1,1
0,1,0,0,0,1,0,0,1,0,0,0,1,0,0,0,0,0,0,0,0,0,2,-1,0,2
0,0,0,0,0,1,0,0,1,0,0,1,0,1,0,0,0,0,0,0,0,0,2,1,0,1
0,0,1,0,0,0,0,0,1,0,0,1,1,1,1,0,0,0,0,0,0,0,1,0,0,1
0,0,0,1,0,0,0,0,1,1,1,0,0,1,1,0,0,0,1,0,1,1,1,1,1,0
0,0,0,0,0,0,0,0,0,0,0,1,0,1,0,0,0,0,1,0,1,0,0,1,1,0
0,0,0,0,0,0,0,0,1,0,0,1,1,1,1,0,0,0,1,0,0,0,1,-1,0,1
0,0,1,0,0,0,0,0,1,0,0,0,0,0,1,0,0,0,1,0,0,0,1,-2,0,0
0,1,0,0,0,0,0,0,1,0,0,1,0,1,1,0,0,0,1,0,1,1,1,1,1,0
0,1,0,0,0,0,0,0,1,0,0,0,0,0,0,0,0,0,1,0,1,0,1,0,1,0
0,0,1,0,0,0,0,0,1,1,1,1,0,1,1,0,0,0,1,0,0,0,1,0,0,0
0,1,1,0,0,0,0,0,1,1,0,1,0,1,1,0,0,0,1,0,0,0,1,-1,0,0
0,0,1,0,0,0,0,0,1,1,1,0,0,1,0,0,0,0,1,0,0,1,1,-1,0,0
0,0,1,0,0,0,0,0,1,1,1,0,0,0,0,0,0,0,1,1,1,1,1,0,2,0
0,1,0,0,0,0,0,0,1,0,0,1,0,1,0,0,0,0,1,0,0,0,1,0,0,0
0,1,1,0,0,0,0,0,1,0,0,1,0,1,0,0,0,0,1,0,1,1,1,1,1,0
0,0,0,0,0,0,0,0,0,0,1,0,0,0,0,0,0,0,1,0,1,1,0,-1,1,0
0,0,1,0,0,0,0,0,1,0,0,1,0,1,1,0,0,0,1,0,0,1,1,0,0,0
0,0,1,1,0,0,0,1,0,0,0,1,0,1,0,0,0,1,1,0,1,1,1,1,2,0
0,0,1,0,0,0,0,0,1,1,1,0,0,0,0,0,0,0,1,0,0,1,1,0,0,0
0,0,0,0,0,1,0,0,0,1,1,0,0,1,1,0,0,0,1,0,1,1,1,1,1,1
0,0,1,0,0,1,0,0,0,0,0,1,0,1,1,1,0,0,0,0,0,1,1,1,0,1
0,0,0,0,0,1,0,0,1,0,0,1,1,1,1,1,0,0,0,0,0,0,2,0,0,2
0,0,1,0,0,0,0,0,0,1,1,1,0,1,1,0,0,0,1,0,0,1,0,-1,0,0
0,0,0,0,0,0,0,1,0,0,0,1,0,0,0,0,0,0,1,0,1,1,1,0,1,0
0,1,1,0,0,0,0,0,1,0,0,1,1,1,1,0,0,0,1,0,0,0,1,0,0,1
0,0,0,0,0,0,0,0,1,0,1,0,0,0,1,0,0,0,1,0,0,0,1,-1,0,0
0,0,0,0,0,0,0,0,1,0,0,0,0,0,1,0,0,0,1,0,0,0,1,0,0,0
0,0,1,0,1,0,0,0,0,0,1,0,0,0,0,0,0,1,1,0,1,1,0,0,3,0
1,0,0,0,1,0,0,1,0,0,0,0,0,0,0,0,0,1,1,0,1,1,1,-1,3,0
0,0,0,0,0,0,0,0,1,0,0,1,0,0,1,1,0,0,1,0,0,1,1,0,0,0
0,0,1,0,0,0,0,0,0,0,0,0,0,0,0,0,0,0,0,0,1,1,0,-1,1,1
0,1,1,0,0,0,0,0,1,0,0,1,0,1,1,1,0,0,0,0,0,0,1,-1,0,0
0,1,1,0,0,0,0,0,1,0,0,1,1,1,1,1,1,0,0,0,0,0,1,0,0,1
0,0,0,0,0,0,0,0,1,0,0,1,0,1,0,0,0,0,1,0,0,1,1,0,0,0
0,1,0,0,0,1,0,0,1,0,0,1,1,1,1,1,0,0,0,0,0,0,2,-1,0,2
0,0,1,0,0,0,0,0,0,1,1,0,0,0,1,0,0,0,1,0,1,1,0,-1,1,0
0,0,0,0,0,1,0,0,1,0,0,1,0,1,1,1,0,0,0,0,0,0,2,0,0,1
0,0,1,1,0,0,0,1,0,0,0,0,0,0,0,0,0,1,1,0,1,1,1,-1,2,0
0,0,1,0,0,0,0,0,1,0,0,1,0,0,1,0,0,0,1,0,0,0,1,-2,0,0
0,1,1,0,0,0,0,0,1,1,1,1,1,1,1,0,0,0,1,0,0,1,1,-1,0,1
0,0,0,0,0,0,0,0,1,1,1,0,0,1,1,0,0,0,1,0,0,1,1,-1,0,1
0,1,1,0,0,0,0,0,1,1,1,1,0,1,1,0,0,0,1,0,0,0,1,0,0,0
0,0,1,0,0,0,0,0,1,0,0,1,0,1,1,0,0,0,1,0,1,0,1,1,1,0
0,0,1,0,1,0,0,0,1,0,1,1,0,1,0,0,0,1,1,0,1,1,1,1,3,0
0,0,0,1,1,0,0,1,0,0,0,1,0,1,0,0,0,1,1,0,1,1,1,0,3,0
0,0,0,0,0,0,0,0,1,1,1,1,0,1,0,0,0,0,1,0,0,1,1,0,0,0
0,0,0,0,0,0,0,0,1,1,1,1,0,1,0,0,0,0,1,0,0,0,1,0,0,0
0,0,1,0,1,0,0,0,1,1,1,0,0,1,0,0,0,0,1,0,0,1,1,1,1,0
0,0,0,0,0,0,0,0,0,0,1,0,0,0,0,0,0,0,1,0,1,1,0,0,1,0
0,0,1,0,1,0,0,0,1,0,0,1,0,1,1,1,0,0,1,0,0,1,1,1,1,0
0,0,1,0,0,1,0,0,1,0,0,0,1,1,0,0,1,0,0,0,0,0,2,0,0,2
0,1,1,0,0,0,0,0,1,0,0,1,0,1,0,0,0,0,1,0,1,1,1,-1,1,0
0,0,1,0,0,0,0,0,0,1,0,1,0,1,0,0,0,0,1,0,1,0,0,1,1,0
0,0,1,0,0,0,0,0,1,0,0,0,0,1,1,0,0,0,1,0,0,0,1,0,0,0
1,0,1,1,0,0,0,0,0,1,1,0,0,0,0,0,0,1,1,1,1,1,0,0,3,0
0,0,0,0,0,0,0,0,1,1,1,0,0,1,1,0,0,0,1,0,0,1,1,0,0,0
0,0,0,0,0,0,0,1,0,1,1,0,0,0,1,0,0,1,1,0,1,0,1,-1,2,0
0,0,1,0,0,0,0,0,1,0,0,1,0,1,1,0,0,0,1,0,0,1,1,0,0,0
0,0,0,0,0,0,0,0,1,1,0,0,0,0,1,0,0,0,1,0,0,1,1,-2,0,0
0,1,0,0,1,0,0,0,1,0,1,0,0,0,0,0,0,0,1,0,0,1,1,-1,1,0
0,0,0,1,0,0,0,0,0,0,0,1,0,1,1,0,0,0,1,0,1,1,0,-1,1,0
0,0,1,0,0,1,0,0,0,0,0,1,1,1,0,0,0,0,0,0,0,0,1,1,0,2
0,1,0,0,0,0,0,0,1,0,0,1,0,0,1,1,0,0,1,0,0,0,1,-1,0,1
1,0,1,0,0,0,0,0,1,0,1,1,0,0,0,0,0,0,1,0,1,1,1,0,1,0
0,0,1,0,0,0,0,0,1,1,1,1,0,1,1,0,0,0,1,0,0,0,1,1,0,0
0,0,1,1,0,0,0,0,0,1,1,0,0,1,1,0,0,0,1,0,0,1,0,-1,0,0
0,0,1,0,0,1,0,0,1,0,0,1,0,1,0,0,0,0,0,0,0,0,2,1,0,1
0,0,1,0,0,1,0,0,1,0,0,0,1,1,0,0,0,0,0,0,0,0,2,1,0,2
0,0,1,0,1,0,0,0,1,0,0,1,0,0,0,0,0,1,1,0,1,1,1,0,3,0
0,0,1,0,1,0,0,0,0,0,0,1,0,1,1,0,0,0,1,0,0,1,0,0,1,0
0,0,0,0,0,0,0,0,1,0,0,1,1,1,1,0,0,0,1,0,0,1,1,1,0,1
1,0,0,0,0,0,0,0,0,0,0,0,0,1,0,0,0,0,0,0,0,0,0,1,0,0
0,0,1,0,0,0,0,0,1,0,0,1,0,1,1,0,1,0,1,0,0,1,1,-1,0,0
0,1,1,0,0,0,0,0,1,1,1,1,1,1,1,0,0,0,1,0,0,0,1,0,0,1
0,1,0,0,0,0,0,0,1,0,0,1,0,1,0,1,0,0,1,0,0,0,1,0,0,0
0,0,0,1,0,0,0,1,0,0,1,0,0,0,0,0,0,1,1,0,1,1,1,0,2,0
0,0,1,0,0,1,0,0,1,0,0,1,1,1,1,0,0,0,0,0,0,1,2,0,0,3
1,0,1,0,0,1,0,0,1,0,0,1,1,1,0,0,0,0,0,0,0,0,2,-1,0,2
0,0,1,0,0,0,0,0,1,0,0,1,1,1,1,0,0,0,0,0,0,1,1,0,0,1
0,0,0,0,0,0,0,0,1,1,1,1,0,1,1,0,0,0,1,0,1,0,1,0,1,0
0,0,0,0,0,0,0,0,1,0,0,1,1,1,1,0,0,0,1,0,0,0,1,1,0,1
0,1,1,0,0,0,0,0,1,1,1,1,0,1,1,0,0,0,1,0,0,0,1,0,0,0
0,0,0,0,0,0,0,0,0,0,1,1,0,0,0,0,0,1,1,0,1,1,0,0,2,0
0,0,1,0,0,0,0,0,1,1,1,0,0,1,1,0,0,0,1,0,0,0,1,0,0,0
0,0,0,0,0,0,0,0,1,0,0,1,0,1,0,0,0,0,1,0,0,0,1,0,0,0
0,0,1,0,0,0,0,1,0,0,1,0,0,1,1,0,0,1,1,0,1,1,1,0,2,0
1,0,1,1,0,0,0,0,1,0,1,0,0,0,0,0,0,0,1,0,0,1,1,-1,0,0
0,0,1,1,0,0,0,0,1,0,0,1,0,1,0,0,0,0,1,0,0,0,1,0,0,0
0,1,1,0,0,1,0,0,0,0,0,1,0,1,0,1,0,0,0,0,0,0,1,0,0,1
0,1,1,0,0,1,0,0,1,0,0,1,0,0,0,0,1,0,0,0,1,0,2,-1,1,1
0,0,1,1,0,0,0,0,0,1,1,0,0,1,1,0,0,0,1,0,0,0,0,0,0,0
0,0,1,0,0,1,0,0,1,0,0,0,0,1,0,0,0,0,0,0,0,0,2,1,0,1
0,0,0,0,0,0,0,0,1,0,0,0,0,0,0,1,0,0,1,0,0,1,1,-1,0,0
0,0,0,0,0,0,0,0,0,0,0,1,1,1,0,0,0,0,0,0,1,0,0,1,1,1
0,0,1,0,0,0,0,0,1,1,1,0,0,0,1,0,0,0,1,0,1,1,1,0,1,0
0,0,1,0,0,0,0,0,0,1,1,1,0,1,1,0,0,0,1,0,1,0,0,1,1,0
1,1,1,0,0,0,0,0,1,0,0,0,1,1,1,0,1,0,0,0,0,0,1,1,0,1
0,1,1,0,0,0,0,0,1,1,1,0,0,1,1,0,0,0,1,0,0,1,1,-1,0,0
0,0,1,1,1,0,0,0,1,0,1,1,0,1,1,0,0,0,1,0,0,1,1,-1,1,0
0,0,0,0,0,0,0,0,1,0,0,1,0,0,1,0,0,0,1,0,0,1,1,-2,0,0
0,0,0,0,1,0,0,0,1,0,0,1,0,1,1,0,0,0,1,0,0,1,1,1,1,0
0,0,1,0,0,1,0,0,1,0,0,0,0,1,1,0,0,0,1,0,1,0,2,1,1,1
0,0,1,0,0,0,0,0,1,0,0,0,0,1,0,0,1,0,0,0,0,0,1,0,0,0
0,0,0,0,1,0,0,1,0,1,1,0,0,1,0,0,0,1,1,0,1,1,1,0,3,0
0,0,0,0,0,1,0,1,0,0,0,0,0,0,0,0,0,1,0,1,1,1,2,-1,3,2
0,0,0,0,1,0,0,0,1,0,0,0,0,0,0,0,0,0,1,0,1,0,1,0,2,0
0,1,1,1,1,0,0,1,0,1,1,1,0,0,0,0,0,1,1,0,1,1,1,-1,3,0
0,0,1,0,0,0,0,0,1,0,0,0,0,0,0,0,0,1,0,0,0,1,1,-1,1,0
0,0,0,0,0,0,0,0,1,0,0,1,0,0,0,0,0,0,1,0,0,1,1,-2,0,0
0,0,1,1,0,0,0,0,0,1,1,0,0,0,0,0,0,0,1,0,1,1,0,0,1,0
0,0,0,0,0,0,0,0,1,1,1,1,0,1,0,0,0,0,1,0,0,1,1,0,0,0
0,0,0,0,0,0,0,0,0,1,1,0,0,0,1,0,0,0,1,0,0,1,0,-2,0,0
0,0,1,0,0,0,0,0,1,1,1,1,0,1,0,0,0,0,1,0,0,0,1,1,0,0
0,0,1,0,0,0,0,0,1,1,1,0,0,0,1,0,0,0,1,0,0,0,1,-1,0,0
0,0,1,0,1,0,0,0,1,1,1,0,0,0,0,0,0,0,1,0,1,1,1,-1,2,0
0,1,0,0,0,0,0,0,1,1,1,1,0,1,0,0,0,0,1,0,0,0,1,0,0,0
0,0,0,0,0,0,0,0,0,0,1,0,0,0,0,0,0,1,1,0,1,1,0,-1,2,0
0,1,0,0,0,0,0,0,1,0,0,1,0,0,0,0,0,0,1,0,1,0,1,0,1,0
0,0,1,0,0,0,0,0,0,1,0,1,0,1,0,0,0,0,1,0,1,1,0,1,1,0
0,0,0,0,0,0,0,0,0,1,1,0,0,0,0,0,0,1,1,0,1,1,0,0,2,0
0,1,1,0,0,0,0,0,1,1,1,0,0,1,1,0,0,0,1,0,0,1,1,-1,0,0
0,0,0,0,0,0,0,0,0,1,1,1,0,1,0,0,0,0,1,0,0,0,0,-1,0,0
1,0,1,0,1,0,0,1,0,0,0,1,0,1,0,0,0,1,1,0,1,1,1,1,3,0
0,0,0,0,0,0,0,0,1,0,0,1,0,0,1,0,0,0,1,0,0,1,1,0,0,0
1,0,1,0,0,0,0,0,1,1,1,0,0,0,0,0,0,0,1,0,1,1,1,0,1,0
0,0,0,1,0,1,0,1,0,0,0,0,0,0,0,0,0,1,0,0,1,1,2,0,2,2
0,0,1,0,0,0,0,0,1,0,0,1,0,1,0,0,0,0,1,0,0,1,1,0,0,0
0,1,0,0,0,0,0,0,1,0,0,0,0,0,1,0,0,0,1,0,0,0,1,-1,0,0
0,0,0,0,0,1,0,0,1,1,1,0,0,0,0,0,0,0,1,0,0,1,2,-1,0,1
0,0,0,0,0,0,0,0,1,0,0,1,0,1,1,0,0,0,0,0,0,0,1,1,0,0
0,1,0,0,0,1,0,0,1,0,0,1,0,1,1,0,0,0,0,0,0,0,2,1,0,2
0,0,1,0,0,1,0,0,0,0,0,1,0,0,0,0,0,1,0,0,1,0,1,0,2,2
0,0,1,0,0,0,0,0,1,0,0,0,0,0,1,1,0,0,1,0,0,0,1,-1,0,0
0,1,0,0,0,0,0,0,1,1,1,0,0,1,1,0,1,0,1,0,0,0,1,-1,0,0
0,1,0,1,0,0,0,0,0,0,0,0,0,0,0,0,0,0,1,0,0,1,0,0,0,0
0,0,0,0,0,0,0,0,1,1,1,0,0,1,1,0,0,0,1,0,0,0,1,0,0,0
0,0,0,0,0,0,0,0,1,1,1,0,0,0,0,0,0,0,1,0,0,1,1,-2,0,0
1,0,0,0,0,0,0,0,0,1,1,0,0,0,0,0,0,0,1,0,1,1,0,0,1,0
0,0,0,0,0,1,0,0,1,0,0,0,1,1,1,0,0,0,0,0,0,0,2,1,0,2
0,0,0,1,1,0,0,0,0,0,1,1,0,1,0,0,0,1,1,0,1,1,0,0,3,0
0,0,1,0,0,0,0,0,1,1,1,0,0,0,1,0,0,0,1,0,0,0,1,-1,0,0
0,0,0,0,0,1,0,0,0,0,0,1,1,1,0,0,0,0,0,0,0,1,1,1,0,3
0,0,0,0,0,0,0,0,1,1,1,1,0,1,1,0,0,0,1,0,1,1,1,0,1,0
0,0,0,0,0,0,0,0,1,0,1,1,0,1,1,0,0,0,1,0,1,1,1,1,1,0
0,0,0,1,1,0,0,0,1,0,1,0,0,1,0,0,0,1,1,0,1,1,1,1,3,0
0,0,0,0,0,0,0,0,1,0,0,0,0,1,1,0,0,0,1,0,0,0,1,0,0,0
0,0,1,0,0,1,0,1,0,0,0,1,0,1,0,0,0,1,0,0,1,1,2,1,2,2
0,0,1,0,0,0,0,0,0,0,0,0,0,0,1,0,0,0,1,0,0,0,0,-1,0,0
0,1,1,0,0,0,0,0,1,0,0,1,0,0,1,0,0,0,1,0,0,0,1,-1,0,0
0,0,1,0,1,0,0,0,1,0,0,1,0,1,0,0,0,0,0,0,1,1,1,1,2,0
0,0,0,0,0,0,0,0,0,1,1,0,0,0,0,0,0,1,1,0,1,1,0,-1,2,0
0,0,0,0,0,0,0,0,1,0,0,1,0,0,0,0,0,0,1,0,0,1,1,-1,0,0
0,1,1,0,0,0,0,0,1,0,0,1,0,1,0,0,0,0,0,0,1,0,1,1,1,0
0,1,1,0,0,0,0,0,1,1,1,1,0,1,1,0,0,0,1,0,0,1,1,0,0,0
0,0,1,0,0,0,0,0,1,1,1,0,0,1,0,0,0,0,1,0,1,1,1,1,1,0
1,1,0,0,0,0,0,0,0,0,0,0,0,0,0,0,0,1,1,0,1,0,0,0,2,0
0,0,0,0,0,0,0,0,1,0,0,1,1,1,0,0,1,0,0,0,0,0,1,1,0,1
0,0,1,0,0,0,0,0,0,0,0,1,0,1,1,0,0,0,1,0,0,1,0,-1,0,0
0,0,0,0,0,1,0,0,1,0,0,1,1,1,1,0,0,0,0,0,0,0,2,1,0,2
1,0,1,0,0,0,0,0,0,0,0,0,0,0,0,0,0,0,1,0,1,0,0,0,1,0
0,0,0,0,0,0,0,0,1,1,1,0,0,0,1,0,0,0,1,0,1,0,1,-1,1,0
0,0,1,0,0,0,0,0,1,0,0,1,1,1,1,1,0,0,0,0,0,0,1,0,0,1
0,1,0,0,0,0,0,0,1,0,0,1,0,1,1,0,0,0,1,0,0,0,1,1,0,1
0,0,1,1,1,0,0,0,1,0,1,0,0,0,0,0,0,1,1,0,0,1,1,0,2,0
0,1,0,0,0,1,0,0,1,0,0,1,1,1,0,1,0,0,0,0,0,0,2,1,0,3
0,0,1,0,1,0,0,0,1,0,0,1,0,1,1,0,0,0,1,0,1,1,1,1,2,0
0,0,1,1,1,0,0,1,0,1,1,0,0,0,0,0,0,1,1,0,1,1,1,-1,3,0
0,0,0,0,0,1,0,0,1,0,0,0,0,0,0,0,0,0,0,0,0,0,2,0,0,1
0,0,0,0,0,0,0,0,1,1,1,1,0,0,1,0,0,0,1,0,0,1,1,-2,0,0
0,0,1,0,1,0,0,0,1,1,1,1,0,1,1,0,0,0,1,0,0,1,1,-1,1,0
0,0,1,0,0,0,0,0,1,0,0,1,1,0,1,0,0,0,0,0,0,0,1,-1,0,1
0,0,1,0,1,0,0,1,0,0,0,1,0,1,0,0,0,1,1,0,1,1,1,1,3,0
0,0,0,0,0,0,0,0,1,1,0,1,0,1,1,0,0,0,1,0,0,0,1,1,0,1
0,0,0,0,0,1,0,0,1,0,0,1,0,0,1,1,0,0,0,0,0,0,2,-1,0,1
1,0,1,0,1,0,0,0,1,0,1,0,0,0,0,0,0,1,1,0,0,0,1,0,2,0
0,1,0,0,0,1,0,0,1,0,0,1,1,1,1,1,0,0,0,0,0,0,2,0,0,3
0,0,1,0,0,0,0,0,0,0,0,1,0,1,1,0,0,0,1,0,0,0,0,0,0,0
0,1,0,1,0,0,0,0,1,0,0,1,0,1,1,0,0,0,1,0,0,1,1,0,0,0
0,0,1,0,0,1,0,0,1,0,0,1,1,1,1,1,1,0,0,0,0,0,2,-1,0,2
0,0,0,0,0,0,0,1,0,1,1,1,0,1,1,0,0,1,1,0,1,1,1,1,2,0
0,0,1,0,0,0,0,0,0,0,0,1,0,1,1,0,0,0,1,0,0,0,0,0,0,0
0,0,0,0,0,1,0,0,1,0,0,1,1,1,0,1,0,0,0,0,0,0,2,0,0,2
0,0,0,0,0,0,0,0,1,0,0,1,0,1,0,0,0,0,1,0,0,0,1,1,0,0
0,0,1,0,0,1,0,0,1,0,0,0,0,1,1,0,0,0,0,0,0,0,2,0,0,1
0,0,1,0,0,1,0,0,1,0,0,1,0,1,1,1,0,0,0,0,0,0,2,1,0,1
0,0,0,0,0,0,0,0,1,1,1,1,0,1,1,0,0,0,1,0,1,0,1,1,1,0
0,0,0,0,0,0,0,0,1,0,0,1,0,1,1,0,0,0,1,0,0,0,1,0,0,0
0,0,1,0,1,0,0,0,1,0,0,0,0,1,0,0,1,1,1,0,0,0,1,0,2,0
0,0,1,0,1,0,0,0,1,1,1,0,0,1,1,0,0,0,1,0,1,1,1,1,2,1
0,0,1,0,0,1,0,0,1,0,0,1,0,1,0,0,0,0,0,0,1,1,2,1,1,1
0,1,0,0,0,0,0,0,0,0,0,1,0,1,0,0,0,0,1,0,0,0,0,0,0,0
0,0,0,0,0,0,0,0,0,0,0,0,0,0,0,0,0,0,0,0,0,1,0,0,0,0
0,1,0,0,0,0,0,0,1,0,0,0,0,0,1,0,0,0,1,0,1,0,1,0,1,0
0,1,0,0,0,0,0,0,1,1,1,0,0,0,0,0,0,0,1,0,0,0,1,-2,0,0
0,1,0,0,0,0,0,0,1,1,1,1,0,1,1,1,1,0,1,0,0,0,1,0,0,0
1,0,0,0,0,0,0,0,0,0,0,0,0,0,0,0,0,0,0,0,0,1,0,-1,0,0
0,0,0,0,0,0,0,0,1,0,0,0,0,0,0,0,0,0,1,0,0,0,1,-1,0,0
0,1,0,0,0,1,0,0,1,0,0,1,0,1,1,0,0,0,0,0,0,0,2,1,0,1
0,0,1,0,0,0,0,0,0,0,0,0,0,1,1,0,0,1,0,0,1,0,0,1,2,0
0,0,1,0,0,0,0,0,0,1,1,0,0,0,0,0,0,1,1,0,1,1,0,-1,2,0
0,0,1,1,0,0,0,0,1,0,0,1,0,1,0,0,0,0,1,0,1,1,1,1,1,0
0,0,0,1,0,0,0,1,0,0,0,0,0,0,0,0,0,1,1,0,1,1,1,-1,2,0
0,0,0,0,0,0,0,1,0,0,1,1,0,1,1,0,0,1,1,0,1,1,1,0,2,0
0,1,1,0,0,1,0,0,1,0,0,1,1,1,0,1,0,0,0,0,0,0,2,1,0,2
1,0,0,0,1,0,0,0,1,0,1,0,0,0,0,0,0,0,1,0,1,0,1,-1,2,0
0,0,0,0,0,1,0,0,1,0,0,1,0,1,1,1,0,0,0,0,0,1,2,0,0,1
0,0,1,0,0,0,0,0,0,1,1,0,0,0,0,0,0,0,1,0,1,1,0,-1,1,0
1,0,1,0,0,1,0,0,0,0,0,0,0,0,0,0,0,1,0,0,1,0,1,0,2,1
0,1,1,1,1,1,0,0,0,0,0,0,0,0,0,0,0,1,0,0,1,1,1,-1,3,1
0,0,0,0,1,0,0,1,0,0,0,0,0,1,1,0,0,0,1,0,0,1,1,-1,1,0
0,0,0,0,1,0,0,1,0,0,1,1,0,1,1,0,0,1,1,0,1,1,1,1,3,0
0,0,0,0,0,0,0,0,1,1,0,0,0,1,1,0,0,0,1,0,0,0,1,1,0,0
0,0,0,0,0,0,0,0,1,0,0,1,0,1,0,0,0,0,1,0,1,0,1,1,1,0
0,0,1,0,0,0,0,0,1,1,1,0,0,1,1,0,0,0,1,0,0,0,1,-1,0,0
0,1,1,0,0,0,0,0,1,0,0,1,0,1,1,0,0,0,0,0,0,0,1,0,0,0
0,0,0,0,0,0,0,1,0,1,1,1,0,1,1,0,0,1,1,0,1,1,1,0,2,0
0,0,0,0,0,1,0,0,1,0,0,0,0,1,0,0,0,0,0,0,0,0,2,0,0,2
0,0,0,0,0,0,0,0,1,1,1,1,0,0,0,0,0,0,1,0,0,0,1,-1,0,0
0,1,0,0,0,0,0,0,1,0,0,0,0,1,0,0,0,0,1,0,0,0,1,0,0,0
1,0,0,0,0,0,0,0,1,0,0,0,0,0,0,0,0,0,1,0,1,1,1,-1,1,0
0,0,0,0,0,0,0,0,1,0,1,0,0,0,1,0,0,0,1,0,1,1,1,0,1,0
0,0,0,0,0,0,0,0,1,1,1,0,0,0,1,0,0,0,1,0,1,1,1,-1,1,0
0,0,0,0,0,0,0,0,1,1,1,0,0,1,1,0,0,1,1,0,0,1,1,0,1,0
1,0,0,1,0,0,0,0,0,0,0,0,0,0,0,0,0,1,1,0,1,1,0,0,2,0
0,0,1,0,0,1,0,0,1,0,0,1,0,1,1,0,0,0,0,0,0,0,2,-1,0,1
0,0,0,0,0,0,0,0,1,0,0,1,0,0,0,0,0,0,1,0,1,0,1,0,1,0
0,0,0,0,0,0,0,0,0,0,0,1,0,1,1,0,0,0,1,0,0,1,0,1,0,0
0,0,0,0,0,0,0,0,1,1,1,1,0,1,1,0,0,0,1,0,0,0,1,-1,0,0
1,0,1,0,0,0,1,0,1,0,0,0,0,0,0,0,0,0,1,0,1,1,2,-1,1,0
0,0,0,0,1,0,0,0,1,0,1,0,0,0,1,0,0,0,1,0,0,0,1,-2,1,0
0,1,1,0,0,0,0,0,1,1,1,1,0,1,0,0,0,0,1,0,0,0,1,0,0,0
0,1,0,0,0,1,0,0,1,0,0,1,1,1,1,0,0,0,0,0,0,0,2,1,0,2
0,0,0,0,0,1,0,0,0,0,0,0,1,1,1,0,0,0,0,0,0,0,1,1,0,2
0,0,1,1,0,0,0,0,1,0,1,1,0,0,1,0,0,0,1,1,0,1,1,-2,1,0
0,1,0,0,0,0,0,0,1,0,0,1,0,0,1,0,0,0,1,0,0,0,1,-1,0,0
0,0,0,0,0,0,0,0,1,0,0,1,1,1,1,0,0,0,0,0,0,0,1,1,0,1
1,1,1,0,0,1,0,0,1,0,0,1,1,1,0,0,0,0,0,0,0,0,2,1,0,3
0,0,1,0,0,0,0,0,1,1,0,1,0,1,1,0,0,0,1,0,0,0,1,1,0,0
0,0,0,0,0,0,0,0,1,1,1,0,0,0,0,0,0,0,1,0,0,1,1,-1,0,0
1,1,0,0,0,0,0,0,0,1,1,0,0,0,1,0,0,0,1,0,0,1,0,-1,0,0
0,1,0,0,0,0,0,0,1,1,1,0,0,1,0,0,0,0,1,0,0,1,1,1,0,0
0,0,1,0,0,0,0,0,1,0,1,0,0,0,0,0,0,0,1,0,0,1,1,-2,0,0
0,1,0,0,0,0,0,0,1,1,1,0,0,1,1,0,0,0,1,0,0,0,1,1,0,1
0,1,1,0,0,0,0,0,1,0,0,1,0,1,1,0,0,0,0,1,1,1,1,1,2,0
0,0,0,1,0,0,0,1,0,0,0,1,0,1,0,0,0,1,1,1,0,1,1,1,2,0
0,0,0,0,0,0,0,0,1,0,1,1,0,1,1,0,0,0,1,1,0,1,1,1,1,0
0,1,0,0,0,0,0,0,1,1,1,1,0,1,1,0,0,0,1,0,0,0,1,1,0,0
0,0,0,0,0,0,0,0,0,0,1,0,0,0,1,0,0,0,1,0,0,0,0,-1,0,0
0,1,0,1,1,0,0,0,1,1,1,0,0,1,1,0,0,0,1,0,0,1,1,-1,1,0
0,0,1,1,0,0,0,0,1,1,1,1,0,1,1,0,0,0,1,0,0,0,1,-1,0,0
0,0,0,0,0,0,0,0,1,0,0,0,0,0,1,0,0,0,1,0,0,0,1,-1,0,0
0,0,0,0,0,0,0,1,1,1,1,0,0,0,0,0,0,0,1,0,1,1,2,-1,1,0
0,0,1,0,0,1,0,0,1,0,0,0,0,1,0,0,0,0,0,0,0,0,2,1,0,1
0,0,0,0,0,1,0,0,1,0,0,1,1,1,1,1,0,0,0,0,0,0,2,0,0,2
0,1,1,0,0,0,0,0,1,0,0,1,0,1,0,0,0,0,1,0,0,1,1,0,0,0
0,0,0,0,0,1,0,0,1,0,0,0,1,1,1,1,0,0,0,0,0,0,2,1,0,2
0,0,1,0,0,0,0,0,0,0,0,1,0,1,0,0,0,1,0,0,0,0,0,0,1,1
0,1,1,0,0,0,0,0,1,0,0,1,1,1,1,0,0,0,1,0,0,0,1,0,0,1
0,0,1,0,0,0,0,1,0,0,0,0,0,0,0,0,0,1,1,0,1,1,1,0,2,0
0,1,1,0,0,0,0,0,1,1,1,1,0,1,1,0,0,0,1,0,0,0,1,0,0,0
0,0,0,0,0,0,0,0,1,1,1,0,0,0,1,0,0,0,1,0,0,1,1,-2,0,0
0,1,0,0,0,0,0,0,1,0,0,1,0,1,1,1,0,0,1,0,0,1,1,-1,0,0
1,0,1,0,0,0,0,0,1,0,1,0,0,0,0,0,0,0,1,0,0,1,1,-1,0,0
0,1,0,0,0,0,0,0,1,0,0,1,0,1,1,1,0,0,0,0,0,0,1,0,0,0
0,0,1,0,0,1,0,0,1,0,0,0,0,1,0,0,0,0,0,0,0,1,2,0,0,1
0,1,0,0,0,1,0,0,1,0,0,1,1,1,1,1,1,0,0,0,0,0,2,1,0,2
0,0,0,0,0,0,0,0,1,1,1,1,0,1,0,0,0,0,1,0,0,1,1,0,0,0
0,0,0,0,0,0,0,0,1,1,1,1,0,1,1,0,0,0,1,0,0,0,1,1,0,0
0,0,1,0,0,0,0,0,0,0,1,0,0,0,0,0,0,1,1,0,1,1,0,-1,2,0
0,1,0,0,0,0,0,0,1,0,1,1,0,1,1,0,0,0,1,0,0,0,1,1,0,0
0,0,1,0,0,0,0,0,1,0,0,0,0,0,1,0,0,0,0,0,0,1,1,-1,0,1
0,1,0,0,0,0,0,0,1,0,0,1,0,1,1,1,0,0,1,0,0,0,1,0,0,0
0,1,0,0,0,0,0,0,1,0,0,0,0,0,0,0,0,0,0,0,1,1,1,-1,1,0
0,1,0,0,0,1,0,0,1,0,0,1,0,1,1,0,0,0,0,0,0,0,2,0,0,1
0,0,1,0,0,0,0,0,1,1,1,1,0,1,1,0,0,0,1,0,1,0,1,1,1,0
0,0,0,0,0,1,0,0,1,0,0,1,0,1,0,0,0,0,0,0,0,1,2,1,0,1
0,0,1,0,0,0,0,0,1,1,1,1,0,1,0,0,0,0,1,0,0,0,1,-1,0,0
0,1,0,0,0,0,0,0,1,1,1,1,0,1,1,0,0,0,1,0,0,0,1,-1,0,0
0,0,0,0,0,0,0,0,0,0,0,0,0,0,0,0,0,0,1,0,0,1,0,-1,0,0
0,0,1,0,0,0,0,0,1,0,0,0,0,0,0,0,0,0,1,0,0,0,1,-2,0,0
1,0,0,0,0,0,0,0,1,0,0,0,1,0,0,0,0,0,0,0,0,0,1,-1,0,1
0,0,1,0,0,0,0,0,1,0,0,1,0,1,0,1,0,0,1,0,0,0,1,1,0,0
0,0,1,0,0,0,0,1,0,1,1,0,0,0,0,0,0,1,1,0,1,0,1,-1,2,0
0,0,0,0,0,0,0,0,1,1,1,1,0,1,1,0,0,0,1,0,0,1,1,0,0,0
0,0,0,0,0,0,0,0,1,1,1,1,0,1,1,0,0,0,1,0,1,1,1,1,1,0
0,0,1,0,0,0,0,0,1,0,0,1,0,1,1,1,0,0,1,0,0,0,1,0,0,0
1,0,0,0,0,0,0,0,1,1,1,0,0,0,0,0,0,0,1,0,1,1,1,-1,1,0
0,0,0,0,1,0,0,0,1,0,0,1,0,0,1,0,0,0,1,0,0,1,1,-1,1,0
0,0,0,0,0,1,0,0,1,0,0,0,1,1,1,1,1,0,0,0,0,0,2,0,0,2
0,1,0,0,0,0,0,0,1,0,1,0,0,0,1,1,0,0,1,1,0,1,1,-1,1,0
0,1,1,0,0,0,0,0,1,0,1,0,0,0,1,0,0,0,1,0,0,1,1,-1,0,0
0,0,1,0,1,0,0,0,1,1,1,0,0,0,1,0,0,0,1,0,1,1,1,0,2,1
0,0,1,0,0,0,0,0,0,1,1,1,0,1,1,0,0,0,1,0,0,1,0,0,0,0
0,0,1,0,0,1,0,0,1,0,0,1,1,1,1,1,1,0,0,0,0,0,2,1,0,2
0,1,1,0,0,0,0,0,1,0,0,1,0,1,1,0,0,0,1,0,0,0,1,1,0,0
0,1,0,0,0,1,0,0,1,0,0,1,0,1,1,0,0,0,1,0,1,0,2,1,1,1
1,1,0,0,0,0,0,0,1,0,0,1,0,1,0,0,0,0,1,0,0,0,1,1,0,0
0,1,0,0,0,0,0,0,1,1,1,1,0,1,0,0,0,0,1,0,0,0,1,0,0,0
1,0,0,0,0,0,0,0,1,0,0,1,0,0,0,0,0,0,1,0,1,1,1,0,1,0
0,0,0,0,0,0,1,0,1,1,1,1,0,1,0,0,0,0,1,0,1,1,2,1,1,0
0,0,0,1,1,0,0,1,0,1,1,0,0,0,0,0,0,0,1,0,1,1,1,-1,2,0
0,0,0,0,0,1,0,0,0,0,0,1,1,1,1,0,0,0,0,0,0,0,1,1,0,2
0,0,0,0,0,1,0,0,1,0,0,1,1,1,1,1,1,0,0,0,0,0,2,1,0,2
0,0,0,0,0,0,0,0,1,0,0,0,0,0,0,0,0,0,0,0,0,0,1,-1,0,0
0,1,0,0,0,0,0,0,1,1,1,1,0,1,0,0,0,0,1,0,0,0,1,-1,0,0
0,1,1,0,0,1,0,0,1,0,0,0,0,1,1,1,0,0,0,0,0,0,2,0,0,1
0,0,0,0,0,0,0,0,1,0,0,0,0,0,0,0,0,0,0,0,1,0,1,-1,1,0
0,0,0,0,0,0,0,0,1,0,0,1,0,1,1,1,0,0,1,0,0,1,1,0,0,0
0,1,0,0,0,1,0,0,0,0,0,1,0,1,0,1,0,0,0,0,0,0,1,0,0,2
0,0,0,0,0,0,0,0,1,0,0,0,0,0,0,0,0,1,0,0,1,1,1,-1,2,0
0,0,1,0,0,0,0,0,1,1,0,1,0,0,1,0,0,0,1,0,1,0,1,-1,1,0
0,0,1,0,0,0,0,1,0,1,1,0,0,1,1,0,0,0,1,0,0,1,1,1,0,0
0,0,0,0,0,1,0,0,1,0,0,1,1,1,0,1,0,0,0,0,0,0,2,1,0,2
0,0,1,0,0,0,0,0,1,0,0,1,0,1,1,0,0,0,1,0,0,0,1,0,0,0
0,0,1,0,0,1,0,0,1,0,0,0,1,1,0,0,0,1,0,0,0,1,2,0,1,2
0,1,1,0,0,0,0,0,1,1,1,1,0,1,1,0,0,0,1,0,0,0,1,0,0,0
0,1,0,0,0,0,0,0,1,1,0,1,0,1,0,0,0,0,1,0,1,0,1,1,1,0
0,0,1,0,0,0,0,0,1,0,0,1,1,1,1,0,0,0,0,0,0,0,1,1,0,2
0,1,1,0,0,0,0,0,1,1,1,1,0,1,1,0,0,0,1,0,0,1,1,-1,0,0
0,0,1,0,0,0,0,1,0,1,1,0,0,0,1,0,0,0,1,0,1,1,1,0,1,0
0,0,0,0,0,0,0,0,0,0,0,1,0,0,1,0,0,1,0,0,1,0,0,0,2,0
0,0,0,0,0,0,0,0,1,1,1,0,0,1,1,0,0,0,1,0,0,0,1,0,0,0
0,1,1,0,0,1,0,0,1,0,0,1,1,1,0,1,1,0,0,0,0,0,2,0,0,2
1,0,0,0,0,0,0,0,0,0,1,0,0,0,0,0,0,0,1,0,1,0,0,0,1,0
0,0,0,0,1,0,0,0,0,0,1,1,0,1,1,0,0,0,1,0,1,1,0,1,2,0
0,0,1,0,0,0,0,0,1,0,0,1,0,1,1,0,0,0,0,1,0,1,1,-1,1,0
0,0,1,0,0,1,0,0,1,0,0,1,1,1,1,0,1,0,0,0,0,0,2,0,0,2
0,1,1,1,1,0,0,0,0,0,1,1,0,1,0,0,0,0,1,0,0,1,0,1,1,0
0,0,0,0,0,0,0,0,1,0,0,1,0,1,1,0,0,0,1,0,1,0,1,1,1,0
0,0,1,0,1,0,0,1,0,1,1,0,0,0,1,0,0,0,1,0,1,1,1,0,2,0
0,0,1,0,0,0,0,0,0,1,1,1,0,1,1,0,0,0,1,0,1,1,0,0,1,0
0,0,0,0,0,0,0,0,1,0,0,1,0,1,0,0,0,0,1,0,0,0,1,-1,0,0
0,0,1,0,0,0,0,0,1,0,0,1,0,1,0,0,1,0,1,0,0,1,1,-1,0,0
0,0,0,0,0,0,0,0,0,1,1,1,0,1,0,0,0,0,1,0,1,0,0,1,1,0
0,0,0,0,0,0,0,0,1,1,0,1,0,0,1,0,0,0,1,0,0,0,1,-1,0,0
0,0,0,0,0,0,0,0,0,0,0,0,0,0,0,0,0,0,1,0,0,0,0,-1,0,0
0,0,0,0,1,0,0,0,1,0,1,0,0,0,1,0,0,0,1,0,0,1,1,-1,1,0
0,0,0,0,0,1,0,1,0,0,0,0,0,0,0,0,0,1,0,0,1,1,2,0,2,1
0,1,0,0,0,0,0,0,1,0,0,0,0,0,0,0,0,0,0,0,0,0,1,-1,0,0
1,0,0,0,1,0,0,0,1,0,0,0,0,1,0,0,0,0,1,0,0,0,1,1,1,0
0,0,1,0,0,0,0,0,1,1,0,0,0,1,1,0,0,0,1,0,0,0,1,-1,0,0
0,0,0,1,1,0,0,0,1,1,1,0,0,1,0,0,0,1,1,0,1,1,1,0,3,0
0,0,1,0,0,0,0,0,1,0,0,1,0,1,0,0,0,0,1,0,1,0,1,1,1,0
0,1,1,0,0,0,0,0,1,0,0,1,0,1,0,0,0,0,1,0,0,1,1,-1,0,0
0,0,0,0,0,0,0,0,0,1,1,1,0,1,0,0,0,0,1,0,1,0,0,1,1,0
1,1,0,0,0,0,0,0,1,1,1,0,0,0,0,0,0,0,1,0,0,0,1,-1,0,0
1,0,0,0,0,0,0,0,1,0,1,0,0,0,0,0,0,0,1,0,1,0,1,-1,1,0
1,0,1,0,0,0,0,0,0,0,1,0,0,0,0,0,0,1,1,0,1,0,0,-1,2,0
0,0,0,0,0,0,0,0,1,0,0,0,0,0,1,0,0,0,0,1,0,1,1,0,1,0
0,0,0,0,0,0,0,0,1,1,1,0,0,0,0,0,0,0,1,0,1,0,1,0,1,0
0,1,1,0,0,1,0,0,1,0,0,1,1,1,1,1,0,0,0,0,0,0,2,1,0,2
0,0,0,0,0,0,0,0,1,1,1,0,0,1,1,1,0,0,1,0,0,0,1,-1,0,0
0,1,0,0,0,0,0,0,1,0,0,1,0,1,1,0,0,0,1,0,0,0,1,0,0,0
0,0,0,0,1,0,0,0,1,0,1,0,0,0,1,0,0,0,1,1,0,1,1,-1,2,0
0,0,0,0,0,0,0,0,1,1,0,1,0,1,1,1,0,0,1,0,0,1,1,-1,0,0
0,0,0,0,0,0,0,0,1,1,1,0,0,0,0,0,0,0,1,0,0,0,1,-1,0,0
0,1,0,0,0,0,0,0,1,1,1,1,0,1,0,0,0,0,1,0,0,0,1,1,0,0
0,1,1,0,0,1,0,0,1,0,0,1,1,1,1,0,1,0,0,0,0,0,2,0,0,2
0,0,0,0,0,0,0,0,0,0,0,1,0,1,1,0,0,0,1,0,1,0,0,1,1,0
0,1,0,0,0,0,0,0,1,0,0,1,0,1,1,1,0,0,1,0,0,0,1,0,0,0
0,0,1,0,0,0,0,0,1,0,0,1,0,1,0,0,0,0,0,0,1,0,1,0,1,0
0,0,1,0,0,0,0,0,1,1,1,0,0,1,0,0,0,0,1,0,0,1,1,0,0,0
1,0,0,0,1,0,0,1,0,1,1,0,0,0,1,0,0,1,1,0,1,1,1,0,3,0
0,0,1,0,0,0,0,0,0,0,1,1,0,1,1,0,0,0,1,0,1,1,0,0,1,0
0,1,1,0,0,0,0,0,0,0,1,1,0,1,0,0,0,0,1,0,0,1,0,0,0,0
0,0,1,0,0,0,0,0,1,0,1,0,0,1,1,0,0,0,1,0,0,1,1,0,0,0
0,0,1,0,1,0,0,0,1,0,1,0,0,0,1,0,0,0,1,0,1,1,1,-1,2,0
0,0,1,0,0,0,0,0,1,1,1,0,0,1,1,1,0,0,1,0,0,1,1,0,0,0
0,0,0,0,1,0,0,1,0,1,1,0,0,0,1,0,0,1,1,0,1,1,1,-1,3,1
0,0,0,1,0,0,0,0,0,0,0,1,0,1,1,0,0,0,1,0,0,0,0,0,0,0
0,0,1,1,0,0,0,0,1,0,0,0,0,0,1,0,0,0,0,0,0,1,1,0,0,0
0,1,0,0,0,1,0,0,1,0,0,1,1,1,1,0,0,0,0,0,0,0,2,1,0,3
0,0,1,0,0,1,0,0,1,0,0,0,0,0,0,1,0,0,0,0,0,0,2,-1,0,2
0,0,0,0,1,0,0,0,1,0,0,1,0,1,0,0,0,0,1,0,1,1,1,1,2,0
0,1,1,0,0,0,0,0,1,1,1,1,0,1,1,0,0,0,1,0,0,1,1,1,0,0
0,0,0,0,0,1,0,0,1,0,0,0,0,1,1,1,1,0,0,0,0,0,2,0,0,1
0,0,0,0,0,0,0,0,1,1,1,0,0,1,1,1,0,0,1,0,0,1,1,0,0,1
0,0,1,1,0,0,0,0,0,1,1,0,0,1,1,0,0,0,1,0,0,1,0,-1,0,0
0,1,0,0,0,0,0,0,0,1,1,0,0,1,1,1,0,0,1,0,0,0,0,0,0,0
0,1,1,0,0,0,0,0,1,1,1,1,0,1,1,0,0,0,1,0,0,0,1,0,0,0
0,0,0,1,0,0,0,0,1,0,1,1,0,1,0,0,0,0,1,0,1,0,1,1,1,0
0,0,0,0,0,0,0,0,1,0,1,1,0,0,0,0,0,0,1,0,0,0,1,-1,0,0
0,0,0,0,1,0,0,0,1,1,1,1,0,1,1,0,0,0,1,0,0,1,1,-1,1,0
0,1,0,0,0,0,0,0,0,1,1,0,0,1,0,0,0,0,1,0,0,1,0,0,0,0
0,0,1,0,0,0,0,0,1,0,0,0,0,1,0,0,0,0,1,0,0,0,1,1,0,0
0,1,1,0,0,1,0,0,1,0,0,1,0,1,1,0,0,0,0,0,0,0,2,0,0,1
0,1,1,0,0,1,0,0,1,0,0,1,0,1,0,0,0,0,0,0,0,0,2,-1,0,1
1,0,1,0,0,0,0,0,1,0,0,0,0,0,0,0,0,0,0,0,0,0,1,-1,0,0
0,0,0,0,0,1,0,0,1,0,0,0,0,1,0,0,0,0,0,0,1,1,2,1,1,1
0,0,1,1,0,0,0,0,1,0,0,1,0,1,0,0,0,0,1,0,0,1,1,1,0,0
0,0,0,0,0,0,0,0,1,0,0,0,0,0,1,0,0,0,1,0,0,0,1,-1,0,0
0,0,0,0,0,0,0,0,1,1,1,0,0,1,0,0,0,0,1,0,0,0,1,0,0,0
0,0,1,0,0,0,0,0,1,0,0,1,1,1,1,0,0,0,0,0,0,0,1,1,0,1
0,0,0,0,0,0,0,0,1,0,0,0,1,1,0,0,0,0,0,0,0,0,1,0,0,1
0,0,0,0,0,0,0,0,1,0,0,1,0,1,0,0,0,0,0,0,0,0,1,1,0,0
0,0,0,0,0,0,0,0,0,1,1,1,0,1,0,0,0,0,1,0,1,1,0,0,1,0
0,1,1,0,0,1,0,0,1,0,0,1,1,1,1,0,0,0,0,0,0,0,2,1,0,2
0,1,0,0,0,1,0,0,1,0,0,1,0,1,0,1,0,0,0,0,0,0,2,0,0,1
0,0,1,0,0,0,0,0,0,1,1,0,0,0,1,0,0,0,1,0,0,1,0,-2,0,0
0,1,1,0,1,0,0,0,1,0,0,0,0,0,0,0,0,0,1,0,0,0,1,-2,1,0
0,0,0,0,0,0,0,0,0,0,0,1,0,1,1,0,0,0,1,0,1,0,0,1,1,0
0,0,0,0,0,0,0,0,1,0,0,1,0,0,0,0,0,0,1,0,0,1,1,-1,0,0
0,0,0,0,0,0,0,0,1,0,1,0,0,1,1,1,0,0,1,0,0,0,1,0,0,1
0,1,0,0,0,0,0,0,1,0,0,1,0,1,1,1,0,0,1,0,0,0,1,1,0,1
0,0,0,0,0,1,0,0,1,0,0,1,0,1,1,1,0,0,0,0,0,1,2,-1,0,1
1,0,0,0,0,0,0,0,0,0,0,0,0,0,0,0,0,0,1,0,1,0,0,0,1,0
0,0,1,0,0,0,0,0,0,0,0,0,0,0,0,0,0,1,0,0,1,1,0,-1,2,1
0,0,1,0,0,0,0,0,1,0,0,0,0,1,0,0,0,0,0,0,0,0,1,1,0,0
0,1,1,0,0,1,0,0,1,0,0,0,0,1,0,0,0,0,0,0,0,0,2,-1,0,2
0,0,1,0,0,0,0,0,1,0,0,1,0,1,1,1,0,0,1,0,0,1,1,1,0,0
0,0,0,0,0,0,0,0,1,1,1,0,0,0,1,0,0,0,1,0,0,0,1,-2,0,0
1,1,0,0,0,0,0,0,1,0,1,1,0,0,0,0,0,0,1,0,1,0,1,-1,1,0
0,1,1,0,0,1,0,0,1,0,0,1,1,1,0,0,0,0,0,0,0,0,2,0,0,2
0,1,0,0,0,0,0,0,0,1,1,0,0,0,1,0,0,0,1,0,0,1,0,0,0,0
0,0,0,0,0,1,0,0,1,0,0,0,1,0,0,0,0,1,0,0,1,1,2,0,2,2
0,0,1,0,1,0,0,0,1,1,1,1,0,1,1,0,0,0,1,0,0,0,1,0,1,0
0,0,1,0,0,0,0,0,1,1,1,0,0,0,1,1,0,0,1,0,0,1,1,-1,0,0
0,1,0,0,0,0,0,0,1,0,1,1,0,1,1,0,1,0,1,0,0,0,1,-1,0,0
0,0,1,0,0,0,0,0,1,1,1,0,0,0,1,0,0,0,1,0,0,0,1,0,0,0
0,1,0,0,0,0,0,0,0,0,0,1,0,1,0,0,0,1,0,0,1,1,0,0,2,0
0,0,1,0,0,0,0,0,0,0,0,0,0,0,1,0,0,0,1,0,1,1,0,0,1,0
0,0,0,0,1,0,0,0,1,0,1,1,0,1,1,0,0,0,1,0,0,0,1,0,1,0
0,0,1,0,0,0,0,0,0,0,1,0,0,1,0,0,0,0,1,0,1,1,0,1,1,0
0,0,1,0,0,0,0,1,0,0,0,0,0,0,0,0,0,1,1,0,0,1,1,-1,1,0
0,0,0,1,1,0,0,1,0,0,0,0,0,0,1,0,0,1,1,0,1,1,1,0,3,0
0,0,1,0,0,0,0,0,0,1,1,0,0,1,1,0,0,0,1,0,0,0,0,1,0,0
0,0,1,0,0,0,0,0,1,0,0,0,0,1,1,0,0,1,0,0,0,1,1,0,1,2
0,1,0,0,0,0,0,0,1,0,1,1,0,1,0,0,0,0,1,0,1,0,1,1,1,0
0,0,0,0,0,0,0,1,0,0,0,1,0,1,0,0,0,1,1,0,0,1,1,0,1,0
0,0,1,0,0,0,0,0,1,1,1,1,0,1,0,0,0,0,1,0,0,1,1,0,0,0
0,0,0,0,0,0,0,0,1,0,0,0,0,0,0,0,0,0,1,1,0,1,1,-1,1,0
0,0,1,0,0,0,0,0,1,0,0,1,1,1,1,1,0,1,0,0,0,1,1,1,1,1
0,0,0,0,0,0,0,0,1,0,1,1,0,1,0,0,0,0,1,0,0,1,1,1,0,0
0,0,1,0,0,1,0,0,1,0,0,1,1,1,1,1,1,0,0,0,0,0,2,-1,0,2
0,1,1,0,0,0,0,0,1,1,0,1,0,1,1,0,0,0,1,0,0,0,1,-1,0,0
0,0,0,1,0,0,0,0,1,0,0,0,0,1,0,0,0,1,0,0,1,1,1,1,2,0
0,0,0,0,0,1,0,0,1,0,0,1,1,1,1,0,0,0,0,0,0,0,2,0,0,3
0,0,0,0,0,1,0,0,1,0,0,1,1,1,1,1,0,0,0,0,0,0,2,1,0,2
1,1,0,0,0,0,0,0,1,1,1,0,0,0,1,0,0,0,1,0,1,0,1,-1,1,0
1,0,1,0,0,0,0,0,1,0,0,0,0,0,0,0,0,0,1,0,1,0,1,-1,1,0
0,0,1,0,0,0,0,0,1,1,1,1,0,1,0,0,0,0,1,0,0,1,1,-1,0,0
0,0,0,0,0,1,0,0,1,0,0,1,1,1,1,0,0,0,0,0,0,0,2,1,0,2
0,0,0,0,0,0,0,0,1,1,1,1,0,1,1,0,0,0,1,0,1,0,1,1,1,0
0,0,0,0,0,0,0,0,1,1,1,0,0,1,1,0,0,0,1,0,0,1,1,0,0,0
0,0,1,0,0,0,0,0,1,0,0,0,0,0,0,1,0,0,1,0,1,0,1,0,1,0
0,0,0,0,0,0,0,0,1,0,1,0,0,0,0,0,0,0,1,0,0,0,1,-2,0,0
0,0,1,0,0,1,0,0,1,0,0,1,0,1,1,0,0,0,0,0,0,0,2,0,0,1
0,1,0,0,0,1,0,0,1,0,0,1,1,1,0,0,0,0,0,0,0,0,2,0,0,2
0,0,0,0,0,0,0,0,1,0,0,0,0,1,1,0,0,0,1,0,1,1,1,1,1,0
0,0,0,0,0,0,0,0,0,1,0,0,0,0,0,0,0,0,1,0,1,0,0,0,1,0
0,0,0,0,0,0,0,0,0,1,1,1,0,1,1,1,0,0,1,0,0,0,0,0,0,0
0,1,1,0,0,1,0,0,1,0,0,1,1,1,0,0,1,0,0,0,0,0,2,0,0,2
0,1,1,0,0,1,0,0,1,0,0,1,1,1,0,1,0,0,0,0,0,0,2,1,0,2
0,0,1,0,0,0,0,0,1,0,0,1,0,1,0,0,0,0,1,0,0,1,1,0,0,0
0,1,1,0,0,0,0,0,1,1,1,1,0,1,1,0,0,0,1,0,0,1,1,0,0,0
1,0,0,0,0,0,0,1,0,0,0,0,0,0,0,0,0,0,1,0,1,1,1,0,1,0
0,0,1,0,0,1,0,0,1,0,0,0,0,1,1,1,0,0,0,0,0,0,2,0,0,1
0,0,0,0,0,0,0,0,1,1,1,1,0,1,0,0,0,0,1,0,0,1,1,-1,0,0
0,0,0,0,0,1,0,0,1,0,0,1,1,1,1,1,0,0,0,0,0,1,2,0,0,3
0,0,0,0,0,0,0,0,1,0,0,0,0,0,1,0,0,0,1,0,0,1,1,-1,0,0
0,0,1,0,0,0,0,0,0,0,0,1,0,1,1,0,0,0,1,0,0,1,0,1,0,0
0,0,1,0,0,0,0,0,1,0,0,1,0,1,1,0,0,0,1,0,1,0,1,1,1,0
0,0,1,0,0,0,0,0,1,0,1,0,0,0,1,0,0,0,1,0,0,1,1,0,0,0
1,1,0,0,0,0,0,0,1,0,0,0,0,0,0,0,0,0,0,0,0,1,1,0,0,0
0,1,0,0,0,0,0,0,1,0,0,0,0,1,1,1,0,0,1,0,0,0,1,1,0,0
0,0,0,0,0,0,0,0,1,0,0,1,1,1,1,1,0,0,0,0,0,0,1,0,0,1
0,0,1,1,0,0,0,0,0,0,0,1,0,1,1,0,0,0,1,0,0,1,0,1,0,0
0,1,1,0,0,0,0,0,1,1,1,1,0,1,1,0,0,0,1,0,0,1,1,0,0,0
0,0,0,0,0,0,0,0,1,1,1,0,0,0,0,0,0,0,1,0,1,1,1,-1,1,0
0,0,0,0,0,0,0,0,1,0,0,1,1,1,1,0,1,0,0,0,0,0,1,0,0,1
0,1,0,0,0,1,0,0,1,0,0,1,1,1,1,1,0,0,0,0,0,0,2,1,0,3
0,0,0,0,0,0,0,0,1,1,1,0,0,1,1,0,0,0,1,0,1,0,1,1,1,0
0,0,1,0,0,0,0,0,1,0,0,1,0,1,1,1,0,0,0,0,0,0,1,0,0,0
0,0,1,0,0,1,0,0,1,0,0,1,0,0,1,0,0,0,0,0,0,0,2,-1,0,1
0,0,0,0,0,0,0,1,0,0,0,1,0,1,1,0,0,0,1,1,0,1,1,0,1,0
0,0,1,0,0,0,0,1,0,0,1,0,0,1,0,0,0,1,1,0,0,1,1,1,1,0
0,1,0,0,0,0,0,0,1,1,1,1,0,1,1,0,0,0,1,0,0,0,1,1,0,0
0,0,1,0,0,1,0,0,1,0,0,0,1,1,0,0,0,0,0,0,0,0,2,1,0,2
1,0,0,0,1,0,0,0,1,0,1,0,0,0,0,0,0,0,1,0,0,0,1,-1,1,0
0,0,0,1,1,0,0,0,1,0,1,0,0,0,1,0,0,0,1,0,0,0,1,-1,1,1
0,0,1,0,0,0,0,0,1,1,1,1,0,1,0,0,0,0,1,0,0,0,1,0,0,0
0,0,1,1,1,0,0,1,0,1,1,0,0,1,0,0,0,1,1,0,1,1,1,0,3,0
0,0,1,0,0,0,0,0,0,0,1,1,0,0,0,0,0,0,1,0,1,1,0,0,1,0
0,0,0,0,0,0,0,0,1,1,1,1,0,1,0,0,0,0,1,0,0,1,1,1,0,0
0,0,0,0,0,0,0,0,1,1,1,0,0,0,1,0,0,0,1,0,0,1,1,-1,0,0
1,0,0,0,1,0,0,0,0,1,1,0,0,0,0,0,0,0,1,0,1,0,0,0,2,0
0,0,0,0,0,0,0,0,1,1,1,0,0,0,0,0,0,0,1,0,0,1,1,-1,0,0
0,0,1,0,0,0,0,0,1,1,1,1,0,1,1,0,0,0,1,0,0,1,1,-1,0,0
0,0,1,0,0,0,0,0,1,1,1,1,0,1,1,0,0,0,1,0,0,1,1,0,0,0
0,0,1,0,0,1,0,0,1,0,0,1,1,1,0,1,1,0,0,0,0,0,2,1,0,2
0,1,0,0,0,1,0,0,1,0,0,0,0,0,0,1,0,0,0,0,0,0,2,-1,0,1
0,0,0,0,1,0,0,0,1,0,1,1,0,0,1,0,0,0,1,0,1,1,1,0,2,0
0,0,0,0,0,0,0,1,1,0,1,1,0,0,1,1,0,0,1,1,0,1,2,-1,1,0
0,1,0,0,0,0,0,0,1,0,0,1,0,1,0,0,0,0,0,0,1,0,1,0,1,0
0,0,1,0,0,1,0,0,1,0,0,0,0,1,0,1,0,0,0,0,0,1,2,0,0,1
0,1,1,0,0,0,0,0,1,0,0,1,0,1,1,1,0,0,0,0,0,0,1,0,0,0
0,0,0,0,0,0,0,1,0,0,1,0,0,0,1,0,0,1,1,0,1,1,1,0,2,0
0,1,0,0,0,0,0,0,1,0,1,1,0,0,0,0,0,0,1,0,0,1,1,-2,0,0
0,1,1,0,0,0,0,1,0,1,1,0,0,0,0,0,0,1,1,0,1,1,1,-1,2,0
0,0,0,0,0,0,0,0,1,0,0,0,0,1,1,1,0,0,1,0,0,1,1,0,0,0
0,1,1,0,0,0,0,0,1,0,0,0,0,0,1,1,0,0,1,0,0,0,1,-2,0,0
0,0,0,0,0,0,0,0,0,1,0,0,0,0,0,0,0,0,1,0,1,1,0,-1,1,0
0,0,1,0,0,0,0,0,0,1,1,0,0,0,0,0,0,0,1,0,1,1,0,0,1,0
0,0,0,0,0,0,0,0,1,0,1,0,0,0,1,0,0,0,1,0,1,0,1,0,1,0
0,0,1,0,0,0,0,0,1,1,1,1,0,1,1,0,0,0,1,0,0,1,1,0,0,1
0,0,1,0,0,0,0,0,0,0,0,1,0,0,0,0,0,1,1,0,1,1,0,0,2,0
0,0,1,0,0,1,0,0,1,0,0,1,1,1,1,1,0,0,0,0,0,0,2,-1,0,2
0,1,1,0,0,0,0,0,1,0,0,1,0,1,0,0,0,0,1,0,1,0,1,1,1,0
0,0,1,0,0,1,0,0,1,0,0,0,0,0,1,0,0,0,0,0,0,0,2,-1,0,2
0,0,1,1,1,0,0,0,1,0,0,1,0,1,0,0,0,1,1,0,0,1,1,1,2,0
0,0,0,0,0,0,1,0,1,1,1,0,0,1,0,0,0,0,1,0,1,1,2,1,1,0
0,0,0,0,0,0,0,0,0,1,0,0,0,0,0,0,0,1,1,0,1,0,0,-1,2,0
1,0,0,0,1,0,0,0,0,1,1,0,0,0,0,0,0,0,1,0,0,0,0,-1,1,0
0,1,0,0,0,0,0,0,1,1,0,1,0,1,1,0,0,0,1,0,0,0,1,-1,0,0
1,0,0,0,0,0,0,0,1,0,0,0,1,0,0,0,0,0,0,0,1,0,1,0,1,2
0,0,0,0,0,0,0,1,0,1,1,0,0,0,0,0,0,1,1,0,1,1,1,-1,2,0
0,0,1,0,0,0,0,0,1,0,0,1,0,1,1,0,0,0,1,0,0,1,1,1,0,0
0,0,0,0,1,0,0,0,1,1,1,1,0,1,0,0,0,0,1,0,0,1,1,1,1,0
1,0,0,0,0,0,0,0,1,0,1,0,0,0,0,0,0,0,1,0,1,1,1,-1,1,0
0,1,1,0,0,0,0,0,1,0,0,1,0,1,1,0,0,0,1,0,0,1,1,1,0,0
0,0,1,1,0,0,0,1,0,1,1,1,0,0,0,0,0,1,1,0,1,1,1,-1,2,0
0,0,1,0,0,1,0,0,1,0,0,0,0,0,0,0,0,1,0,0,0,0,2,-1,1,2
0,0,1,0,0,0,0,0,1,0,0,0,0,0,1,0,0,0,1,0,0,0,1,-1,0,0
0,0,0,0,0,1,0,0,1,0,0,1,1,1,1,0,1,0,0,0,0,0,2,-1,0,2
0,0,1,1,1,0,0,0,1,0,1,0,0,0,0,0,0,0,1,0,1,1,1,0,2,0
0,0,1,0,0,0,0,0,1,0,0,0,0,1,1,0,0,0,1,0,1,0,1,1,1,0
0,0,0,0,0,0,0,0,0,0,0,0,0,0,0,0,0,0,0,0,1,1,0,-1,1,1
0,0,0,0,0,1,0,0,1,0,0,1,1,1,1,1,0,0,0,0,0,0,2,0,0,3
1,0,1,0,0,0,0,0,1,0,0,1,0,1,0,0,0,0,1,0,0,0,1,-1,0,0
0,0,1,0,0,0,0,0,1,0,0,0,0,0,0,0,0,0,0,0,0,1,1,-1,0,1
0,0,1,0,0,0,0,0,1,0,0,1,0,1,1,0,0,0,1,0,0,1,1,-1,0,0
0,0,0,0,0,0,0,0,1,1,0,0,0,1,0,0,0,0,1,0,1,0,1,1,1,0
0,1,1,0,0,1,0,0,1,0,0,1,1,1,0,1,0,1,0,0,0,0,2,-1,1,2
0,0,0,0,0,0,0,1,0,1,1,0,0,0,1,0,0,0,1,0,1,1,1,0,1,0
0,1,1,0,0,0,0,1,0,1,1,0,0,0,0,0,0,1,1,0,1,1,1,0,2,0
0,0,1,0,0,0,0,0,1,0,0,1,1,1,1,0,0,0,0,0,0,1,1,0,0,1
0,1,1,0,0,0,0,0,1,0,0,1,0,1,0,0,0,0,1,0,0,1,1,0,0,0
0,1,0,0,0,1,0,0,1,0,0,1,1,1,1,1,1,0,0,0,0,0,2,-1,0,3
0,0,1,0,0,0,0,0,1,0,0,0,0,1,1,0,0,0,1,0,1,0,1,1,1,0
0,0,0,0,0,0,0,0,1,0,0,1,0,1,1,0,0,0,1,0,0,1,1,1,0,1
0,0,1,0,0,0,0,0,1,0,0,1,0,1,0,1,0,0,1,0,0,1,1,0,0,0
0,0,1,1,1,0,0,0,0,1,1,0,0,0,0,0,0,0,1,0,0,1,0,-1,1,0
1,0,0,0,0,0,0,0,1,1,1,0,0,0,0,0,0,0,1,0,1,0,1,0,1,0
0,0,0,0,0,0,0,0,1,0,0,0,0,1,1,0,0,0,1,0,0,1,1,-1,0,0
0,0,0,0,0,1,0,0,1,0,0,0,0,0,0,0,0,0,0,0,1,1,2,0,1,2
0,0,1,0,0,0,0,0,1,1,1,1,0,0,1,0,0,0,1,0,0,1,1,-2,0,0
0,0,1,0,0,1,0,0,1,0,0,1,1,1,1,1,1,0,0,0,0,0,2,0,0,2
0,0,0,0,0,0,0,0,1,0,0,1,0,1,1,1,0,0,1,0,0,0,1,1,0,0
0,0,1,0,0,0,0,0,1,0,0,1,0,0,1,0,0,0,1,0,0,1,1,0,0,0
0,0,1,0,0,0,0,0,1,1,1,1,0,1,1,0,0,0,1,0,0,1,1,1,0,0
0,1,1,0,0,0,0,0,1,0,0,0,1,1,1,0,0,0,0,0,0,0,1,0,0,1
0,0,0,0,0,1,0,0,1,0,0,1,1,1,0,0,0,0,0,0,0,0,2,0,0,2
0,0,0,0,0,1,0,0,1,0,0,1,1,1,1,1,0,0,0,0,0,0,2,0,0,2
0,0,1,0,0,0,0,0,1,1,1,1,0,1,0,0,0,0,1,0,1,1,1,0,1,0
1,0,1,0,0,0,0,0,1,0,1,1,0,0,0,0,0,0,1,0,1,1,1,0,1,0
0,0,1,0,0,1,0,0,1,0,0,1,1,1,0,0,1,0,0,0,1,0,2,0,1,2
0,1,0,0,0,0,0,0,1,0,0,1,0,1,1,1,0,0,1,0,0,1,1,0,0,0
0,0,0,1,1,0,0,0,0,0,1,1,0,0,0,0,0,1,1,0,1,1,0,-1,3,0
0,1,1,0,0,0,0,0,1,0,0,0,0,1,1,0,0,0,1,0,0,0,1,0,0,0
0,0,1,0,0,0,0,0,1,0,0,1,0,1,1,1,0,0,1,0,0,0,1,0,0,0
1,1,0,0,0,0,0,0,1,0,0,0,0,0,0,0,0,0,0,0,1,0,1,0,1,1
0,1,0,0,0,0,0,0,1,0,0,1,0,1,1,1,0,0,0,0,1,0,1,1,1,0
0,0,1,0,0,0,0,0,1,0,0,1,0,1,1,0,0,0,1,0,0,1,1,1,0,0
0,0,1,0,0,0,0,0,1,0,0,1,1,1,1,1,0,0,1,0,0,0,1,-1,0,1
0,0,1,0,0,0,0,0,1,0,0,1,0,1,1,0,0,0,0,0,0,0,1,-1,0,0
0,0,1,0,0,0,0,0,1,0,0,1,1,1,0,0,0,0,0,0,0,1,1,-1,0,1
0,1,0,0,0,1,0,0,1,0,0,1,1,1,0,1,0,0,0,0,0,0,2,0,0,2
0,0,0,0,0,1,0,0,1,0,0,0,1,1,0,0,0,0,0,0,0,0,2,1,0,2
0,1,1,0,0,0,0,0,0,0,0,1,0,1,0,1,0,0,0,0,0,0,0,1,0,0
0,0,1,0,0,1,0,0,0,0,0,1,1,1,1,0,0,0,0,0,0,1,1,1,0,2
0,0,1,0,0,1,0,0,1,0,0,1,1,1,1,0,1,0,0,0,0,0,2,0,0,2
0,0,0,0,0,0,0,0,1,1,1,0,0,0,0,0,0,0,1,0,1,0,1,-2,1,0
1,0,0,0,0,0,0,1,0,0,0,0,0,0,0,0,0,1,1,0,1,1,1,-1,2,0
0,1,1,0,0,1,0,0,1,0,0,1,1,1,0,0,0,0,0,0,0,0,2,0,0,3
0,0,1,0,0,0,0,0,1,0,0,1,0,0,1,0,0,0,0,0,0,0,1,-2,0,0
1,0,0,0,0,0,0,0,1,0,0,0,0,0,0,0,0,0,1,0,1,0,1,-1,1,0
0,0,0,0,0,1,0,0,1,0,0,0,0,0,0,0,0,0,1,0,1,1,2,0,1,1
0,0,0,0,0,0,0,0,1,1,1,1,0,1,1,1,0,0,1,0,0,0,1,-1,0,0
0,0,1,0,0,0,0,0,1,1,1,1,0,1,1,0,0,0,1,0,0,0,1,-1,0,0
1,0,0,0,1,0,0,0,1,1,1,0,0,0,0,0,0,1,1,0,0,1,1,-1,2,0
0,0,0,0,0,1,0,0,1,0,0,1,1,1,1,1,1,0,0,0,0,0,2,-1,0,2
0,0,1,1,1,0,0,1,0,0,1,0,0,0,0,0,0,1,1,0,1,1,1,-1,3,0
0,0,0,0,0,0,0,0,0,0,0,0,0,0,0,0,0,0,0,0,1,1,0,0,1,0
0,0,1,0,0,0,0,0,1,0,0,1,0,0,0,0,0,0,1,0,1,0,1,0,1,0
0,0,1,0,0,0,0,0,1,1,1,1,0,1,1,0,0,0,1,0,0,1,1,0,0,0
0,0,1,0,1,0,0,0,1,0,0,0,0,0,1,0,0,0,1,0,0,1,1,-1,1,0
0,0,1,0,0,0,0,0,1,1,1,1,0,1,0,0,0,0,1,0,0,1,1,0,0,0
0,1,1,0,0,0,0,0,1,0,0,1,0,1,1,0,0,0,1,0,0,0,1,1,0,0
0,0,0,0,0,1,0,0,1,0,0,1,1,1,1,1,0,0,0,0,0,0,2,1,0,3
0,0,1,0,1,0,0,0,1,1,1,0,0,1,1,0,0,0,1,0,1,1,1,0,2,1
0,0,0,0,0,0,0,0,1,1,1,0,0,1,1,0,0,0,1,0,0,1,1,-1,0,0
0,1,0,0,0,0,0,0,1,0,0,1,0,1,1,0,0,0,1,0,0,0,1,-1,0,0
0,0,1,0,0,0,0,0,1,0,0,1,0,0,1,0,0,0,1,0,1,0,1,0,1,0
0,1,1,0,0,1,0,0,1,1,0,1,0,1,1,0,0,0,1,0,0,0,2,-1,0,1
0,0,0,0,0,1,0,0,1,0,0,1,0,1,0,1,0,0,0,0,0,0,2,-1,0,1
0,1,1,0,0,0,0,0,1,0,0,1,0,1,1,0,0,0,1,0,0,0,1,0,0,0
0,1,0,0,1,0,0,0,1,1,0,0,0,1,1,0,0,0,1,0,0,1,1,0,1,0
0,0,1,0,0,0,0,0,1,0,0,1,0,1,0,0,0,0,1,0,0,1,1,0,0,0
0,1,1,0,0,1,1,0,1,0,0,1,0,1,0,0,0,0,0,0,0,0,3,0,0,1
0,0,1,0,0,0,0,0,1,0,0,1,0,1,1,0,0,0,1,0,0,0,1,1,0,0
0,0,0,0,0,1,0,0,1,0,0,1,0,1,1,0,0,0,0,0,0,1,2,-1,0,2
0,0,1,0,0,0,0,0,1,1,1,1,0,1,1,0,0,0,1,0,0,1,1,0,0,0
0,0,0,0,0,0,0,0,1,0,1,0,0,1,1,0,0,0,1,0,1,0,1,1,1,0
0,0,0,0,1,0,0,0,1,0,0,0,0,0,1,0,0,0,1,0,0,1,1,-1,1,0
0,0,1,0,0,0,0,0,1,1,1,1,1,1,0,0,0,0,1,0,1,1,1,1,1,1
0,0,1,0,1,0,0,1,0,1,1,0,0,0,0,0,0,0,1,0,1,1,1,-1,2,0
0,0,0,0,0,0,0,0,0,1,1,0,0,0,0,0,0,1,1,0,1,1,0,-1,2,0
0,0,0,1,1,0,0,1,0,0,0,0,0,1,0,0,0,0,1,0,0,1,1,0,1,0
0,1,0,0,0,0,0,0,1,1,1,1,0,1,1,0,0,0,1,0,0,0,1,0,0,0
0,0,0,0,0,0,0,0,0,1,1,0,0,0,0,0,0,1,1,0,1,1,0,-1,2,0
0,0,1,0,0,1,0,0,1,0,0,1,1,1,1,1,1,0,0,0,0,0,2,0,0,3
0,1,1,0,0,0,0,0,1,0,0,0,0,0,0,0,0,1,0,0,0,0,1,-2,1,0
0,0,1,0,0,1,0,0,1,0,0,1,1,1,0,0,0,0,0,0,0,0,2,1,0,2
0,0,1,1,1,0,0,0,0,0,1,1,0,1,0,0,0,1,1,0,0,1,0,1,2,0
0,0,0,0,0,0,0,0,0,0,0,1,0,1,0,0,0,0,1,0,0,1,0,0,0,0
0,1,0,0,0,0,0,0,1,1,1,1,0,1,1,0,0,0,1,0,0,0,1,1,0,0
1,0,0,0,0,0,0,0,0,0,0,1,0,0,0,0,0,0,0,0,1,0,0,-1,1,1
0,0,1,1,0,0,0,0,0,1,1,0,0,1,0,0,0,0,1,0,1,1,0,0,1,0
0,0,1,0,0,0,0,0,1,0,0,1,0,1,1,0,0,0,1,0,0,1,1,-1,0,0
0,0,0,0,0,0,0,0,1,0,1,0,0,1,1,1,0,0,1,0,0,1,1,1,0,0
0,0,1,1,1,0,0,1,0,0,0,0,0,1,1,0,0,1,1,0,1,1,1,1,3,0
0,0,0,0,0,0,0,0,1,0,0,0,0,1,0,1,0,0,0,0,0,0,1,0,0,0
0,0,0,0,0,0,0,0,0,1,1,0,0,0,0,0,0,0,1,0,0,1,0,-1,0,0
0,0,1,0,0,0,0,1,0,0,0,0,0,0,0,0,0,0,1,0,1,1,1,0,1,0
0,1,1,0,0,0,0,0,1,0,1,1,0,1,1,0,1,0,1,0,0,0,1,-1,0,0
0,1,1,0,0,1,0,0,1,0,0,1,0,1,0,0,0,0,0,0,0,1,2,1,0,1
0,0,0,0,0,0,0,0,1,0,0,0,0,1,0,0,0,0,1,0,0,1,1,-1,0,0
0,0,0,0,0,0,0,0,0,0,1,1,0,1,0,0,0,0,1,0,1,1,0,1,1,0
0,0,1,0,1,0,0,0,0,0,1,0,0,0,0,0,0,1,1,0,0,1,0,-2,2,0
1,0,0,0,1,0,0,0,1,1,1,0,0,0,0,0,0,0,1,0,0,1,1,0,1,0
0,0,0,0,0,0,0,1,0,1,1,0,0,0,0,0,0,0,1,0,0,1,1,0,0,0
0,0,1,0,0,0,1,0,1,0,0,1,0,1,1,0,0,0,1,0,0,1,2,0,0,0
0,0,0,0,0,0,0,0,1,0,0,1,0,1,1,0,0,0,1,0,0,0,1,0,0,0
0,0,1,1,1,0,0,0,1,0,0,1,0,1,0,0,0,0,1,0,1,1,1,0,2,0
0,0,0,0,0,0,0,0,1,1,1,0,0,0,0,0,0,0,1,0,1,0,1,-1,1,0
0,0,0,0,0,0,0,0,1,0,0,1,0,1,0,0,0,0,1,1,1,0,1,1,2,0
0,0,1,0,0,0,0,0,1,1,1,0,0,0,0,0,0,0,1,0,0,1,1,-1,0,0
0,0,0,0,0,0,0,0,1,1,1,1,0,1,0,0,0,0,1,0,1,1,1,1,1,0
1,0,1,0,0,0,0,0,1,0,0,1,0,1,0,0,0,0,0,0,0,0,1,-1,0,0
0,0,0,0,0,0,0,1,0,0,0,0,0,0,0,0,0,0,1,0,0,1,1,-2,0,0
0,0,1,0,0,0,0,0,0,1,1,1,0,1,0,0,0,0,1,0,1,0,0,1,1,0
0,0,0,0,0,0,0,1,0,0,0,1,0,1,0,0,0,1,1,0,1,1,1,1,2,0
0,1,1,0,0,0,0,0,1,0,1,1,0,1,1,0,0,0,1,0,0,0,1,0,0,0
0,1,1,0,0,0,0,0,1,1,1,1,0,1,1,0,0,0,1,0,0,0,1,0,0,0
1,0,1,0,1,0,0,0,1,0,0,0,0,0,0,0,0,0,0,0,1,0,1,0,2,0
0,0,0,0,0,1,0,0,1,0,0,1,0,1,0,0,0,0,1,0,0,0,2,0,0,1
0,0,1,1,0,0,0,0,1,0,0,0,0,0,1,0,0,0,1,0,0,1,1,-1,0,0
0,0,1,0,0,1,0,0,1,0,0,1,0,1,1,0,0,0,0,0,0,0,2,0,0,1
0,0,0,0,0,0,0,0,1,0,1,0,0,1,1,0,0,0,1,0,0,0,1,0,0,0
0,0,0,0,0,0,0,0,1,0,1,0,0,1,1,1,0,0,1,0,0,1,1,0,0,1
0,0,1,0,0,0,0,0,1,1,1,0,0,1,1,0,0,0,1,0,0,0,1,1,0,0
0,0,0,0,0,0,0,0,1,1,1,1,0,1,1,0,0,0,1,0,0,0,1,1,0,1
0,0,0,0,0,0,0,0,1,0,0,1,0,1,0,0,0,0,0,0,1,0,1,1,1,0
0,0,0,0,0,0,0,0,1,0,1,1,0,0,1,1,0,0,1,0,0,1,1,-2,0,0
0,0,0,0,0,0,0,0,1,1,0,0,0,0,0,0,0,0,1,0,0,0,1,-2,0,0
0,0,0,0,0,0,0,0,1,1,1,0,0,0,0,0,0,0,1,0,1,1,1,0,1,0
0,0,1,0,0,0,0,0,1,0,0,1,0,0,1,0,0,0,1,0,1,1,1,-1,1,0
1,0,0,0,0,0,0,0,1,0,0,1,0,0,0,0,0,0,1,0,1,0,1,-1,1,0
0,0,1,1,0,0,0,0,0,0,0,1,0,1,1,0,0,0,1,0,1,1,0,1,1,0
0,0,1,1,0,0,0,0,0,0,1,1,0,1,0,0,0,0,1,0,1,1,0,1,1,0
0,1,1,0,0,1,0,0,1,0,0,1,0,1,1,0,0,0,0,0,0,0,2,1,0,1
0,1,1,0,0,0,0,1,0,1,1,1,0,1,0,0,0,1,1,0,1,1,1,0,2,0
0,0,0,0,0,0,0,0,0,0,0,0,0,1,1,0,0,0,0,0,0,1,0,1,0,1
0,0,0,0,0,0,0,0,1,1,0,1,0,1,1,0,0,0,1,0,0,1,1,-1,0,0
0,0,0,0,1,0,0,1,0,1,1,0,0,0,0,0,0,1,1,0,1,1,1,-1,3,0
0,0,0,0,0,0,0,0,1,0,0,0,0,0,0,0,0,1,0,0,1,1,1,0,2,0
0,0,1,0,0,1,0,0,1,0,0,0,0,0,1,0,1,0,0,0,1,0,2,0,1,1
0,0,0,0,0,0,0,0,0,0,1,1,0,1,0,0,0,0,1,0,1,0,0,1,1,0
0,1,1,0,0,0,0,0,1,0,0,1,0,1,1,0,1,0,1,0,0,0,1,-1,0,0
0,0,0,0,0,1,0,0,1,0,0,0,0,0,1,1,0,0,0,0,0,1,2,0,0,1
0,0,0,0,0,1,0,0,1,0,0,1,1,1,1,1,0,0,0,0,0,0,2,0,0,2
0,0,1,0,0,0,0,0,0,0,0,0,0,1,1,0,0,0,1,0,0,1,0,0,0,0
0,1,0,0,0,0,0,0,1,1,0,0,0,1,0,0,0,0,1,0,0,0,1,1,0,0
0,0,1,0,0,1,0,0,1,0,0,1,1,1,1,1,1,0,0,0,0,0,2,0,0,3
0,0,0,0,1,0,0,0,0,0,0,0,0,0,1,0,0,0,1,0,0,1,0,-2,1,0
0,0,1,1,0,0,0,0,0,0,0,1,0,0,0,0,0,0,1,1,1,1,0,0,2,0
0,0,0,0,1,0,0,0,1,0,0,0,0,1,0,0,0,0,1,0,0,1,1,0,1,0
1,0,0,0,0,0,0,0,1,1,1,0,0,0,0,0,0,0,1,0,0,0,1,0,0,0
1,1,1,0,1,0,0,0,1,0,0,0,0,0,0,0,0,0,1,0,0,0,1,-1,1,0
0,0,1,0,0,1,0,0,0,0,0,0,0,1,0,0,0,0,0,0,0,0,1,1,0,1
0,0,0,0,0,0,0,0,0,1,1,1,0,1,0,0,0,1,1,0,1,1,0,1,2,0
0,0,1,0,0,0,0,0,1,0,0,0,0,0,0,0,0,0,0,0,1,1,1,0,1,0
0,0,0,0,0,1,0,0,0,0,0,1,0,0,1,0,0,0,0,0,0,0,1,-1,0,1
1,0,0,0,0,0,0,0,1,0,0,0,0,0,0,0,0,0,0,0,0,0,1,0,0,0
0,1,0,0,0,0,0,0,1,0,0,0,0,0,0,0,0,0,1,0,1,0,1,0,1,1
1,0,1,1,0,0,0,0,0,0,0,1,0,1,0,0,0,0,1,0,0,1,0,1,0,0
0,0,0,0,0,0,0,0,1,0,0,1,0,1,0,0,0,0,0,0,1,0,1,0,1,0
0,0,0,0,0,0,0,0,1,1,0,1,0,1,0,0,0,0,1,0,0,1,1,0,0,0
0,0,0,0,0,0,0,0,1,0,0,0,0,0,0,0,0,0,1,0,0,0,1,-2,0,0
0,1,0,1,1,0,0,1,0,1,1,1,0,1,0,0,0,1,1,0,1,1,1,0,3,0
0,1,1,0,0,1,0,0,1,0,0,1,0,1,0,0,0,0,0,0,0,0,2,0,0,1
0,0,0,1,0,0,0,0,1,1,1,1,0,1,0,0,0,0,1,0,0,0,1,0,0,0
0,0,1,0,0,0,0,1,0,0,0,1,1,1,0,0,0,1,0,1,0,1,1,1,2,1
0,0,1,0,0,0,0,0,1,0,0,1,1,1,1,0,1,0,0,0,0,0,1,0,0,1
0,0,0,0,0,0,0,0,1,1,0,1,0,1,1,0,0,0,1,0,0,0,1,0,0,0
1,0,1,0,0,0,0,0,1,1,1,0,0,0,0,0,0,0,1,0,1,1,1,0,1,0
0,0,0,0,1,0,0,0,1,0,0,1,0,1,1,0,0,0,1,0,0,0,1,1,1,0
0,0,1,0,0,1,0,0,1,1,1,1,0,1,1,0,0,0,1,0,0,1,2,-1,0,1
0,0,0,0,0,0,0,1,0,0,1,0,0,0,0,0,0,0,1,0,0,1,1,0,0,0
0,0,0,1,0,0,0,0,0,1,1,0,0,1,1,0,0,0,1,0,0,1,0,-1,0,0
0,0,0,0,0,0,0,0,1,1,1,1,0,0,0,0,0,0,1,0,1,0,1,-1,1,0
0,0,1,0,0,0,0,0,1,1,1,1,0,1,1,0,0,0,1,0,0,0,1,0,0,1
0,0,1,0,0,0,0,0,0,1,1,1,0,1,1,0,0,0,1,0,0,0,0,1,0,0
1,0,0,0,0,0,0,0,0,0,0,0,0,0,0,0,0,1,1,0,1,0,0,0,2,0
0,0,0,0,0,0,0,1,0,0,0,0,0,0,0,0,0,0,0,0,1,0,1,0,1,0
0,0,0,0,0,0,0,1,0,1,1,0,0,1,1,0,0,1,1,0,1,1,1,1,2,0
1,1,0,0,0,0,0,0,1,0,0,0,0,0,0,0,0,0,0,0,0,0,1,0,0,0
0,0,0,0,0,0,0,0,1,0,0,1,0,1,1,1,0,0,1,0,0,1,1,1,0,1
0,0,1,0,0,1,0,0,0,0,0,1,0,0,1,0,0,0,0,0,0,0,1,-1,0,1
0,0,1,0,0,0,0,0,1,1,0,0,0,1,1,0,0,0,1,0,1,0,1,0,1,0
0,0,0,1,1,0,0,0,0,1,1,0,0,0,0,0,0,1,1,0,1,1,0,0,3,0
0,0,0,0,0,0,0,0,1,1,1,0,0,1,0,0,0,0,1,0,1,0,1,0,1,0
0,0,0,1,0,0,0,1,0,1,1,0,0,0,0,0,0,1,1,0,1,1,1,-1,2,0
0,1,0,0,0,0,0,0,1,0,1,1,0,1,1,0,0,0,1,0,0,0,1,-1,0,0
0,1,0,0,0,0,0,1,0,0,0,1,0,1,0,0,0,1,1,0,1,0,1,1,2,0
1,0,1,0,0,0,0,0,1,0,0,0,0,0,0,0,0,0,0,0,1,1,1,0,1,0
0,0,1,0,0,0,0,0,1,1,1,1,0,1,1,0,0,0,1,0,0,0,1,-1,0,0
0,0,1,0,0,1,0,0,1,0,0,0,0,0,1,0,0,1,0,0,0,1,2,0,1,1
0,0,0,0,0,0,0,1,0,1,1,0,0,0,0,0,0,0,1,0,1,1,1,0,1,0
0,1,1,0,0,0,0,0,1,1,1,1,0,1,0,0,0,0,1,0,0,1,1,-1,0,0
0,0,0,0,0,0,0,0,1,0,0,0,1,1,1,0,0,0,0,0,0,0,1,0,0,1
0,0,0,0,1,0,0,0,1,0,0,0,0,0,0,1,0,0,1,0,0,1,1,-1,1,0
0,0,0,0,0,1,0,0,1,0,0,0,0,0,0,0,0,0,0,0,1,1,2,0,1,1
0,1,1,0,0,1,1,0,1,0,0,0,0,1,0,0,0,0,1,0,0,0,3,-1,0,1
0,1,1,0,0,1,0,0,1,0,0,1,1,1,0,1,0,0,0,0,0,0,2,1,0,2
0,0,0,1,1,0,0,1,0,0,1,1,0,1,0,0,0,1,1,0,1,1,1,0,3,0
0,1,0,0,0,0,0,0,1,1,1,1,0,1,1,0,0,0,1,0,0,0,1,1,0,0
0,1,1,0,0,0,0,0,1,0,0,1,1,1,0,0,1,0,0,0,0,0,1,0,0,2
0,0,0,0,0,0,0,0,1,0,0,0,0,0,0,0,0,0,1,0,1,0,1,-1,1,0
0,0,1,0,0,0,0,0,1,0,0,1,0,1,0,0,0,0,0,0,0,0,1,1,0,0
0,0,1,0,0,0,0,0,1,0,0,1,0,0,1,0,0,0,1,0,0,0,1,-1,0,0
0,1,0,0,0,0,0,0,1,0,0,1,1,1,1,1,1,0,0,0,0,0,1,0,0,1
0,0,1,1,1,0,0,0,1,0,1,1,0,1,0,0,0,0,1,0,0,1,1,0,1,0
0,1,1,0,0,0,0,0,1,1,1,1,0,1,0,0,0,0,1,0,0,0,1,0,0,0
0,0,0,0,0,0,0,0,1,0,0,0,0,1,1,0,0,0,1,0,0,0,1,0,0,0
0,0,1,1,1,0,0,0,1,0,1,1,0,1,1,0,0,0,1,0,1,1,1,1,2,0
0,0,0,0,0,0,0,0,1,0,0,1,1,1,1,0,0,0,0,0,0,0,1,0,0,2
0,0,1,0,0,0,0,0,1,1,0,0,0,0,0,0,0,0,1,0,1,0,1,0,1,0
0,0,1,1,0,0,0,1,0,0,1,1,0,0,0,0,0,1,1,0,1,1,1,-1,2,0
0,0,0,0,0,0,0,0,1,0,1,0,0,1,0,0,0,0,1,0,1,0,1,1,1,0
0,1,1,0,0,1,0,0,1,0,0,1,1,1,1,0,0,0,0,0,0,0,2,1,0,2
0,1,0,0,0,0,0,0,1,0,1,0,0,0,1,0,0,0,1,0,0,1,1,-1,0,0
0,1,0,0,0,1,0,0,1,0,0,1,1,1,1,0,0,0,0,0,0,0,2,-1,0,2
0,0,1,1,0,0,0,0,0,1,1,1,0,0,1,0,0,0,1,0,0,1,0,-1,0,0
0,1,0,0,0,0,0,0,1,0,1,1,0,1,0,0,0,0,1,0,0,1,1,0,0,0
0,0,1,1,1,0,0,0,0,0,0,1,0,1,0,0,0,0,1,1,0,1,0,0,2,0
0,0,0,0,0,1,0,0,1,1,1,0,0,0,0,0,0,0,1,0,1,1,2,0,1,1
0,0,1,0,0,0,0,0,0,1,1,0,0,1,1,0,0,0,1,0,1,1,0,0,1,0
1,0,0,0,0,0,0,0,1,0,0,1,0,0,0,0,0,0,1,0,0,0,1,0,0,0
0,0,0,1,0,0,0,0,0,1,1,1,0,1,1,0,0,0,1,0,0,1,0,-1,0,1
1,0,0,0,0,0,0,1,0,0,0,0,0,0,0,0,0,1,0,0,1,1,1,0,2,1
0,0,1,0,0,0,0,0,1,1,0,1,0,1,1,0,0,0,1,0,0,0,1,1,0,0
0,0,1,1,1,0,0,1,0,1,1,0,0,0,0,0,0,1,1,0,1,1,1,0,3,0
0,0,0,0,0,0,0,0,1,1,0,1,0,1,1,0,0,0,1,0,0,1,1,0,0,0
0,0,1,0,0,1,0,0,1,0,0,1,0,1,1,0,0,0,0,0,0,0,2,0,0,1
0,0,1,1,0,0,0,0,0,0,1,0,0,1,1,0,0,0,1,0,0,1,0,0,0,0
1,1,1,0,0,0,0,0,1,0,1,1,0,0,0,0,0,0,1,0,0,1,1,-1,0,0
0,0,1,0,0,0,0,0,1,0,0,1,0,1,0,0,0,0,1,0,1,0,1,0,1,0
0,0,1,1,1,0,0,0,0,0,1,1,0,1,1,0,0,0,1,0,0,1,0,0,1,0
0,0,1,0,0,1,0,0,1,0,0,1,1,1,0,1,1,0,0,0,0,0,2,1,0,2
0,1,0,0,0,0,0,0,1,0,0,1,0,1,0,0,0,0,1,0,0,1,1,-1,0,0
0,0,1,0,0,0,0,0,1,0,1,0,0,0,1,0,0,0,1,0,1,0,1,-1,1,0
0,0,1,1,1,0,0,0,1,1,1,1,0,1,0,0,0,0,1,0,1,0,1,1,2,0
0,0,1,0,0,1,0,0,1,0,0,1,0,1,1,1,0,0,0,0,0,0,2,0,0,1
0,0,1,0,0,0,0,0,1,1,1,1,0,1,0,0,0,0,1,0,1,1,1,1,1,0
0,0,1,0,0,0,0,0,1,1,1,0,0,0,0,0,0,0,1,0,0,1,1,-2,0,0
1,0,0,0,0,0,0,0,1,0,0,0,0,0,1,0,0,0,1,0,0,0,1,0,0,0
0,0,0,0,0,0,0,0,0,0,0,0,0,0,1,1,0,1,0,0,0,0,0,-2,1,0
0,0,0,0,0,0,0,0,1,0,0,1,0,1,0,0,0,0,1,0,0,0,1,-1,0,0
0,0,0,0,0,0,0,1,0,0,1,0,0,0,1,1,0,0,1,0,1,1,1,0,1,0
0,0,0,1,1,0,0,0,1,1,1,0,0,0,0,0,0,0,1,0,1,1,1,-1,2,0
0,0,1,0,0,0,0,0,1,0,0,0,0,1,1,0,0,0,0,0,0,0,1,0,0,0
0,0,0,0,1,0,0,0,1,0,1,1,0,1,1,0,0,0,1,0,0,1,1,-1,1,0
0,0,1,0,0,1,0,0,1,0,0,1,0,1,1,1,1,0,0,0,0,0,2,1,0,1
0,0,1,0,0,0,0,0,1,0,0,1,1,1,0,0,0,0,0,0,0,0,1,0,0,2
0,0,0,0,0,1,0,0,1,0,0,1,1,1,1,0,0,0,0,0,0,0,2,1,0,2
0,0,1,0,0,0,0,0,1,0,1,1,0,1,0,0,0,0,1,0,0,1,1,0,0,0
0,0,0,0,0,0,0,1,0,0,0,0,0,0,0,0,0,1,0,0,1,1,1,0,2,0
0,0,0,0,0,0,0,0,0,0,1,1,0,0,1,0,0,0,1,0,0,1,0,-1,0,1
0,0,1,1,1,0,0,1,0,1,1,1,0,1,0,0,0,1,1,0,1,1,1,0,3,0
0,0,0,0,1,0,0,0,1,0,1,0,0,1,1,0,0,0,1,0,0,1,1,0,1,0
0,0,0,0,1,0,0,0,1,0,1,0,0,1,0,0,0,0,1,0,0,1,1,0,1,0
0,0,0,0,0,0,0,0,1,1,1,0,0,0,0,0,0,0,1,0,1,1,1,-1,1,0
0,1,0,0,0,1,0,0,1,0,0,1,1,1,0,0,0,0,0,0,0,0,2,1,0,2
0,0,0,0,1,0,0,0,0,0,0,1,0,0,1,0,0,1,1,0,0,1,0,-1,2,0
1,0,1,0,0,0,0,0,1,0,0,1,0,1,0,0,0,0,0,0,0,0,1,1,0,0
0,0,1,0,0,1,0,0,1,0,0,0,0,0,1,0,0,0,0,0,0,0,2,0,0,1
0,1,1,0,0,1,0,0,1,0,0,1,0,1,0,1,0,0,0,0,0,0,2,0,0,1
0,0,1,0,0,1,0,0,1,0,0,1,1,1,1,0,0,0,0,0,0,0,2,0,0,2
0,1,0,0,0,0,0,0,0,0,0,1,0,1,1,0,0,0,0,0,0,0,0,0,0,0
1,1,0,0,0,0,0,0,0,1,1,0,0,0,1,0,0,0,1,0,1,0,0,-1,1,0
0,0,1,0,0,0,0,0,0,1,1,1,0,1,0,0,0,0,1,0,0,1,0,0,0,0
0,1,1,0,0,0,0,0,1,1,1,1,0,1,1,0,0,0,1,0,0,1,1,0,0,0
0,0,1,0,1,0,0,0,1,0,0,1,0,1,0,0,0,0,1,0,0,0,1,0,1,0
1,1,0,0,0,0,0,1,0,0,0,0,0,0,1,0,0,0,0,0,0,0,1,-1,0,0
0,1,0,0,0,0,0,0,1,1,1,1,0,0,1,0,0,0,1,0,0,0,1,-2,0,0
0,1,0,0,0,0,0,0,1,0,0,0,0,0,0,0,0,1,1,0,1,0,1,0,2,0
1,0,1,0,0,0,0,1,0,0,1,0,0,0,1,0,0,1,1,0,1,0,1,-1,2,0
0,0,0,0,0,0,0,0,1,1,1,0,0,1,1,0,0,0,1,0,1,1,1,0,1,0
0,0,1,0,0,0,0,0,1,1,1,1,0,1,0,0,0,0,1,0,0,0,1,0,0,0
0,0,1,0,0,0,0,0,1,0,0,0,0,0,0,0,0,0,1,0,1,1,1,0,1,0
0,1,0,0,0,0,0,0,0,0,0,1,0,1,0,0,0,0,1,0,0,1,0,1,0,0
0,0,0,0,0,0,0,0,1,1,1,1,0,1,1,0,0,0,1,0,0,1,1,1,0,0
0,0,1,0,0,1,0,0,1,0,0,1,1,1,1,1,0,0,0,0,0,0,2,0,0,2
0,1,1,0,0,0,0,0,1,0,0,1,1,1,1,0,0,0,0,0,0,0,1,-1,0,1
0,0,1,0,0,0,0,0,1,1,1,0,0,0,0,0,0,0,1,0,1,0,1,-1,1,0
0,0,0,0,0,0,0,0,1,0,0,1,0,1,0,0,0,0,1,0,0,1,1,0,0,0
0,0,1,0,0,1,0,0,1,0,0,1,1,1,1,0,1,0,0,0,0,0,2,0,0,2
0,0,0,1,1,0,0,0,1,1,1,0,0,1,1,0,0,0,1,0,0,1,1,-1,1,0
0,0,0,0,0,0,0,0,0,0,1,1,0,1,1,0,0,0,1,0,0,1,0,0,0,0
0,1,0,0,0,1,0,0,1,0,0,0,0,0,1,0,0,0,0,0,0,0,2,-1,0,1
0,0,1,0,0,0,0,0,1,0,0,1,1,1,0,1,1,0,0,0,0,0,1,-1,0,1
0,0,1,0,0,1,0,0,1,0,0,1,0,1,1,1,0,0,0,0,1,1,2,1,1,1
0,0,1,1,0,0,0,0,0,0,0,0,0,1,1,0,0,0,1,0,0,1,0,1,0,0
0,0,1,0,0,0,0,0,1,1,0,1,0,1,1,0,0,0,1,0,0,1,1,0,0,0
0,0,1,1,1,0,0,0,1,0,1,0,0,1,0,0,0,0,1,1,1,1,1,1,3,0
0,0,0,1,1,0,0,0,0,0,0,1,0,1,0,0,0,1,1,0,0,1,0,0,2,0
0,0,1,0,0,0,0,0,1,0,0,0,0,1,1,0,0,0,1,0,0,0,1,-1,0,0
0,0,1,0,0,1,0,0,1,0,0,0,1,0,0,0,0,0,0,0,0,0,2,-1,0,2
0,0,1,0,0,0,0,0,1,1,1,1,0,1,1,0,0,0,1,0,0,1,1,0,0,0
0,1,0,0,0,0,0,0,1,0,1,1,0,1,1,1,0,0,1,0,0,0,1,1,0,0
0,0,1,0,0,0,0,0,1,0,0,0,1,1,0,0,0,0,0,0,0,0,1,1,0,1
0,0,0,0,0,1,0,0,1,0,0,1,1,1,1,1,0,0,0,0,0,0,2,0,0,3
0,0,0,0,0,0,0,0,1,0,1,1,0,1,1,0,0,0,1,0,1,0,1,1,1,0
0,1,0,0,0,0,0,0,1,1,1,1,0,1,1,0,0,0,1,0,1,0,1,0,1,0
0,1,1,0,0,1,0,0,1,0,0,1,1,1,1,1,1,0,0,0,0,0,2,0,0,3
0,0,1,0,0,1,0,0,1,0,0,0,0,1,0,1,0,0,0,0,0,0,2,1,0,1
0,1,1,0,0,0,1,0,1,0,0,1,1,1,1,1,1,0,0,0,0,0,2,-1,0,2
0,0,0,0,0,0,0,0,1,0,0,1,0,1,0,0,0,0,1,0,0,1,1,-1,0,0
0,1,0,0,0,1,0,0,1,0,0,1,0,1,1,1,0,0,0,0,0,0,2,1,0,1
0,1,1,0,0,0,0,0,1,0,0,1,0,1,1,1,0,0,1,0,0,0,1,1,0,0
0,0,1,0,0,0,0,0,1,1,1,1,0,1,1,0,0,0,1,0,1,1,1,0,1,0
0,0,1,0,0,1,0,0,1,0,0,1,1,1,1,0,1,0,0,0,0,0,2,1,0,2
0,1,0,0,0,1,0,0,1,0,0,1,1,1,1,1,0,0,0,0,0,0,2,1,0,2
0,1,0,0,0,1,0,0,1,0,0,1,1,1,1,1,0,0,0,0,0,0,2,0,0,2
0,0,0,0,0,0,0,0,1,0,0,1,0,1,1,0,0,0,1,0,0,1,1,0,0,1
0,0,0,1,0,0,0,0,0,0,0,0,0,0,1,0,0,0,0,0,1,0,0,0,1,0
0,0,1,0,0,0,0,0,1,0,0,1,0,1,1,1,0,0,1,0,0,1,1,1,0,0
0,0,0,0,0,0,0,0,1,0,1,0,0,0,0,0,0,0,1,0,1,1,1,-1,1,0
0,1,0,0,0,0,0,0,1,1,1,1,0,1,0,0,1,0,1,0,0,0,1,-1,0,0
0,0,0,0,0,0,0,0,1,0,0,0,0,1,0,0,0,0,1,0,1,0,1,0,1,0
1,0,1,0,0,0,0,0,0,0,0,0,0,0,0,0,0,0,0,0,1,0,0,0,1,0
0,0,0,0,0,0,0,0,1,0,0,1,0,1,0,0,0,0,1,0,0,1,1,-1,0,0
0,0,0,0,1,0,0,0,1,0,0,0,0,0,0,0,0,1,1,0,1,1,1,-1,3,0
0,1,0,0,0,0,0,0,1,0,0,1,0,0,1,0,0,0,1,0,0,0,1,0,0,0
0,0,0,0,0,0,0,0,0,0,1,0,0,0,0,0,0,0,1,0,1,1,0,-1,1,0
0,0,1,0,0,1,0,0,1,0,0,1,1,1,1,1,0,0,0,0,0,0,2,1,0,2
0,0,1,0,0,0,0,0,1,0,0,1,0,1,0,0,0,0,0,0,0,0,1,-1,0,0
0,0,1,0,0,1,0,0,1,0,0,1,1,1,0,1,1,0,0,0,0,0,2,0,0,2
0,0,0,0,0,0,0,0,1,0,0,1,0,1,0,1,0,0,0,0,0,1,1,0,0,0
0,0,0,0,0,0,1,0,1,1,1,0,0,1,1,0,0,0,1,0,0,0,2,1,0,0
0,0,0,0,0,0,0,0,1,1,1,0,0,0,1,1,0,0,1,0,1,0,1,0,1,0
0,0,0,0,0,0,0,1,0,0,0,1,0,0,0,0,0,1,1,0,1,1,1,-1,2,0
0,0,1,0,0,0,0,0,1,0,0,1,1,1,1,0,1,0,0,0,0,0,1,-1,0,1
0,0,0,0,0,0,0,0,1,0,0,1,0,1,1,0,0,0,1,0,1,1,1,1,1,0
0,0,0,0,0,0,0,0,1,0,1,1,0,0,1,0,0,1,1,0,0,1,1,-1,1,0
0,0,0,0,0,0,0,1,0,0,1,0,0,1,1,0,0,1,1,0,0,1,1,-1,1,0
0,0,1,0,0,0,0,0,1,1,0,1,0,1,1,0,0,0,1,0,0,1,1,0,0,0
0,1,1,0,1,0,0,0,1,0,0,1,0,1,0,0,0,0,1,0,0,0,1,0,1,0
0,0,1,0,0,0,0,1,0,1,1,1,0,0,0,0,0,1,1,0,1,1,1,-1,2,0
0,0,1,0,0,0,1,0,1,0,0,0,0,1,0,0,0,0,1,0,0,0,2,-1,0,0
0,0,1,0,0,0,0,0,1,0,1,1,0,1,1,1,1,0,1,0,0,0,1,0,0,0
0,0,1,0,0,0,0,0,1,0,0,0,0,0,1,0,0,0,1,0,1,0,1,-1,1,0
0,0,1,0,0,1,0,0,1,0,0,1,1,1,1,1,0,0,0,0,0,0,2,-1,0,3
1,0,0,0,0,0,0,0,1,0,1,1,0,1,0,0,0,0,1,0,1,0,1,1,1,0
0,0,0,0,0,0,0,1,0,0,0,1,0,1,0,1,0,1,1,0,1,1,1,0,2,0
0,0,0,0,0,0,0,0,1,1,1,1,0,1,1,0,0,0,1,0,1,0,1,1,1,0
0,0,0,0,1,0,0,0,1,1,1,1,0,1,1,0,0,0,1,0,0,1,1,-1,1,0
0,0,1,0,0,0,0,0,1,0,1,1,0,1,1,0,0,0,1,0,0,0,1,-1,0,0
0,0,0,0,0,1,0,0,1,0,0,1,0,1,1,0,0,0,0,0,0,0,2,1,0,1
0,1,0,0,0,1,0,0,1,0,0,1,1,1,1,0,0,0,0,0,0,0,2,1,0,3
0,1,1,0,0,0,0,1,0,1,1,1,0,1,1,0,0,1,1,0,1,1,1,0,2,0
0,1,0,0,0,0,0,0,1,1,1,0,0,1,1,0,0,0,1,0,0,0,1,0,0,0
0,0,1,1,0,0,0,0,0,0,0,1,0,0,0,0,0,0,1,0,1,0,0,0,1,0
0,0,1,0,0,0,0,0,1,0,0,1,0,1,1,0,0,0,0,0,0,0,1,0,0,0
1,0,0,0,0,0,0,0,0,1,1,0,0,0,1,0,0,0,1,0,1,0,0,-1,1,0
0,0,1,0,0,1,0,0,1,0,0,1,1,1,1,0,0,0,0,0,0,0,2,1,0,2
0,0,0,0,0,0,0,0,1,1,1,0,0,1,1,0,0,0,1,0,0,1,1,0,0,1
0,0,0,1,1,0,0,1,0,1,1,1,0,1,0,0,0,1,1,0,1,1,1,1,3,0
0,0,1,0,1,0,0,0,1,0,1,0,0,0,1,0,0,1,1,0,0,0,1,-2,2,0
0,0,1,0,0,0,0,0,1,0,0,1,0,1,1,0,0,0,0,0,0,0,1,1,0,0
1,0,1,1,0,0,0,1,0,1,1,0,0,0,0,0,0,0,1,0,0,0,1,-1,0,0
0,0,0,0,0,0,0,0,1,1,1,1,0,1,1,0,0,0,1,0,1,1,1,0,1,0
1,0,0,0,0,0,0,0,0,0,1,0,0,0,0,0,0,0,1,0,0,1,0,-1,0,0
0,1,0,0,0,0,0,0,1,0,0,1,0,1,1,1,0,0,1,0,0,0,1,0,0,0
0,0,0,0,0,0,0,0,1,1,1,0,0,0,0,0,0,0,1,0,1,0,1,-1,1,0
0,0,0,1,0,0,0,0,1,1,1,0,0,0,1,0,0,0,1,0,0,0,1,-2,0,0
0,0,0,0,0,0,0,0,1,0,0,0,0,0,0,0,0,0,0,0,0,0,1,-1,0,0
0,0,1,0,0,1,0,0,1,0,0,0,0,1,0,0,0,0,0,0,1,1,2,1,1,1
0,1,0,0,0,0,0,0,1,1,1,1,0,1,1,0,0,0,1,0,0,1,1,0,0,0
0,0,0,0,0,0,0,0,1,0,1,1,0,0,0,0,0,0,0,0,0,1,1,-1,0,0
0,0,1,0,0,0,0,0,1,0,1,1,0,0,1,0,0,0,1,0,1,1,1,0,1,0
0,0,1,0,0,0,0,0,1,0,0,0,0,1,1,1,0,0,0,1,0,1,1,1,1,0
0,0,1,0,1,0,0,0,1,1,1,0,0,1,1,0,0,0,1,0,1,1,1,0,2,0
0,0,0,0,0,0,0,0,1,0,0,1,0,1,1,1,0,0,1,0,0,1,1,0,0,0
0,1,1,0,0,0,0,0,1,1,1,0,0,0,0,0,0,0,1,0,1,0,1,-1,1,0
0,0,1,0,0,0,0,0,1,1,1,1,0,1,1,0,0,0,1,0,0,0,1,0,0,0
1,1,1,0,0,1,0,0,1,0,0,0,0,1,0,0,0,0,0,0,0,0,2,0,0,1
0,1,1,0,0,0,0,0,1,0,0,1,0,1,1,0,0,0,1,0,0,1,1,0,0,0
1,0,0,0,0,0,0,0,1,0,1,0,0,0,0,0,0,0,1,0,0,0,1,-1,0,0
0,0,1,0,0,1,0,0,1,0,0,1,0,1,0,0,0,0,0,0,1,1,2,1,1,1
0,0,1,0,0,0,0,0,0,0,0,0,0,1,0,0,0,0,0,0,0,0,0,0,0,0
0,0,0,0,0,0,0,1,0,0,1,0,0,0,0,0,0,0,1,0,0,1,1,-1,0,0
0,0,1,0,0,0,0,0,0,0,0,0,0,0,0,0,0,1,0,0,1,1,0,-2,2,1
0,0,0,0,0,1,0,0,1,0,0,1,1,1,1,0,0,0,0,0,0,0,2,1,0,2
0,0,1,0,0,1,0,0,1,0,0,1,0,1,0,0,0,0,0,0,0,1,2,0,0,1
0,0,0,1,1,0,0,0,0,0,1,0,0,1,0,0,0,0,1,0,0,1,0,0,1,0
0,0,1,0,0,1,0,0,1,0,0,1,1,1,1,0,0,0,0,0,0,1,2,0,0,2
0,0,0,1,1,0,0,0,1,0,0,1,0,1,1,0,0,0,1,0,0,1,1,-1,1,0
1,0,1,0,0,1,0,0,1,0,0,1,1,1,1,0,0,0,0,0,0,0,2,0,0,2
0,1,0,0,0,1,0,0,1,1,1,1,0,1,1,1,0,0,1,0,0,0,2,0,0,1
0,0,1,0,0,0,0,0,1,0,0,0,0,0,1,0,0,1,1,0,0,1,1,0,1,0
0,0,1,0,0,0,0,0,1,0,1,0,0,1,1,0,0,0,1,0,0,0,1,0,0,0
0,0,1,0,0,1,0,0,1,0,0,0,0,1,1,1,1,0,0,0,0,0,2,1,0,2
0,0,1,0,0,1,0,0,1,0,0,1,1,1,1,0,0,0,0,0,0,0,2,-1,0,2
0,0,0,0,1,0,0,0,1,1,1,0,0,1,1,0,0,0,1,0,0,1,1,-1,1,0
0,0,0,0,0,0,0,0,1,0,0,0,1,1,1,0,1,0,0,0,0,0,1,1,0,1
0,1,0,0,0,1,0,0,1,0,0,1,1,1,1,0,0,0,0,0,0,0,2,0,0,2
0,0,1,0,0,0,0,0,0,1,1,0,0,0,0,1,0,0,1,0,1,1,0,0,1,0
0,0,0,1,0,0,0,0,1,0,0,1,0,1,1,0,0,1,0,0,0,1,1,1,1,0
0,1,0,0,0,0,0,0,1,0,0,1,0,1,0,0,0,0,0,0,0,0,1,-1,0,0
0,1,0,0,0,1,0,0,1,0,0,1,0,1,1,1,0,0,0,0,1,0,2,1,1,1
1,0,0,0,0,0,0,0,1,0,0,0,0,0,1,0,0,0,1,0,0,0,1,-1,0,0
0,0,1,0,0,1,0,0,0,0,0,1,0,1,0,0,0,0,0,0,0,0,1,0,0,1
0,0,0,0,0,0,0,0,0,0,0,0,0,0,0,0,0,0,0,0,0,0,0,0,0,0
0,1,0,0,0,0,0,0,1,0,0,1,0,1,1,0,0,0,1,0,0,0,1,-1,0,0
0,0,1,0,1,0,0,1,0,0,0,1,0,1,1,0,0,1,0,0,1,1,1,1,3,0
0,1,1,0,0,1,0,0,1,0,0,1,0,1,1,0,0,0,0,0,0,0,2,0,0,1
0,0,1,0,0,0,0,0,1,0,0,1,1,1,0,0,0,0,0,0,0,1,1,1,0,1
0,1,0,0,0,1,0,0,1,0,0,1,0,1,0,0,0,0,0,0,0,1,2,1,0,1
0,0,0,1,0,1,0,1,0,0,0,1,0,1,0,0,0,1,0,0,1,1,2,1,2,1
0,0,1,0,0,0,0,0,1,0,0,1,0,1,1,0,0,0,0,0,0,0,1,1,0,0
0,0,1,0,0,1,0,0,1,0,0,1,1,1,0,1,0,0,0,0,0,0,2,1,0,2
0,0,0,0,0,0,0,0,1,0,0,1,0,1,1,1,0,0,1,0,0,1,1,0,0,0
0,0,0,0,1,0,0,0,1,0,1,0,0,0,0,0,0,1,1,0,1,1,1,0,3,0
0,0,0,0,0,0,0,0,1,1,1,1,0,1,0,0,0,0,1,0,0,0,1,0,0,0
0,0,0,0,0,0,0,1,0,1,0,0,0,1,1,0,0,1,1,0,1,1,1,0,2,0
0,0,1,1,0,0,0,0,1,0,1,1,0,1,1,0,0,0,1,0,0,0,1,-1,0,0
0,1,0,0,0,0,1,0,1,0,0,1,0,1,1,1,0,0,1,0,0,1,2,-1,0,0
0,1,1,0,0,1,0,0,1,0,0,1,1,1,1,1,0,0,0,0,0,0,2,0,0,3
0,0,0,0,0,0,0,0,1,1,1,0,0,1,1,0,0,0,1,0,1,1,1,1,1,0
0,0,0,0,1,0,0,0,0,0,0,1,0,1,0,0,0,0,1,0,1,0,0,1,2,1
0,0,0,0,0,0,0,0,1,0,0,0,0,0,1,0,0,0,0,0,0,1,1,-2,0,0
0,0,1,0,0,0,0,0,1,0,0,0,0,0,1,0,0,0,1,0,0,0,1,-2,0,0
0,0,0,1,1,0,0,0,1,0,0,1,0,0,0,0,0,0,1,0,0,1,1,-1,1,0
0,1,0,0,0,0,1,0,1,0,0,1,0,1,0,0,0,0,1,0,0,0,2,0,0,0
0,0,0,0,0,0,0,0,1,1,1,1,0,0,1,0,0,0,1,0,0,1,1,-1,0,0
0,0,0,0,0,0,0,0,0,0,1,1,0,0,0,0,0,0,1,0,0,1,0,0,0,0
0,0,0,0,0,1,0,0,1,0,0,1,0,1,0,0,0,0,0,0,0,0,2,1,0,1
0,0,0,0,0,1,0,0,1,0,0,1,1,1,1,0,0,0,0,0,0,0,2,0,0,2
0,0,0,0,0,0,0,0,1,0,1,1,0,1,1,0,0,0,1,0,0,0,1,1,0,0
0,0,1,0,0,1,0,0,1,0,0,1,1,1,1,0,0,0,0,0,0,0,2,1,0,2
0,0,1,0,0,0,0,0,0,1,1,0,0,1,0,0,0,0,1,0,1,1,0,1,1,0
1,1,0,0,0,0,0,0,1,0,1,0,0,0,1,0,0,0,1,0,1,1,1,0,1,0
0,0,1,0,0,0,0,0,1,1,1,1,0,1,1,0,0,0,1,0,1,1,1,0,1,0
0,0,1,0,0,0,0,0,1,0,0,0,0,0,0,0,0,0,1,0,0,1,1,-2,0,0
0,0,0,0,0,0,0,0,1,0,0,1,0,1,1,0,0,0,1,0,0,1,1,0,0,0
0,1,1,0,0,0,0,0,1,0,1,1,0,1,1,1,0,0,1,0,0,1,1,0,0,0
0,0,1,0,0,0,0,0,1,0,1,1,0,0,1,0,0,0,1,0,1,1,1,-1,1,0
0,0,1,0,0,0,0,0,0,0,0,1,0,0,0,0,0,1,0,0,1,1,0,0,2,1
0,0,0,0,0,0,0,0,0,0,0,1,0,1,0,0,0,1,1,0,1,1,0,1,2,0
0,1,1,0,0,1,0,0,1,0,0,1,1,1,1,1,1,0,0,0,0,0,2,-1,0,2
0,1,0,0,0,0,0,0,1,1,1,0,0,0,0,1,0,0,1,0,1,0,1,-1,1,0
0,1,1,0,0,0,0,0,1,0,0,1,0,1,1,0,0,0,1,0,0,0,1,1,0,0
0,0,1,0,0,1,0,0,1,0,0,1,0,1,0,0,0,0,0,0,0,0,2,0,0,1
0,0,0,0,0,0,0,0,1,0,0,1,0,0,1,0,0,1,1,0,0,1,1,0,1,0
0,1,1,0,0,0,0,0,1,1,1,1,0,1,1,0,0,0,1,0,0,1,1,0,0,0
0,0,1,0,0,0,0,0,0,0,0,0,0,0,0,0,0,1,0,0,0,0,0,-1,1,1
0,0,1,0,0,0,0,0,1,0,0,1,1,1,1,1,1,0,0,0,0,0,1,0,0,2
0,0,0,0,0,0,0,0,0,0,0,1,0,1,0,1,0,0,1,0,0,1,0,-1,0,0
0,0,0,0,1,0,0,1,0,0,1,0,0,0,1,0,0,1,1,0,0,0,1,0,2,0
0,0,0,0,0,0,0,1,0,0,1,1,0,0,0,0,0,1,1,0,1,1,1,-1,2,0
0,1,0,0,0,0,0,0,1,0,0,0,0,0,0,0,0,0,1,0,0,0,1,-1,0,0
0,0,0,0,0,0,0,0,1,0,0,1,0,0,0,0,0,0,1,0,0,0,1,-1,0,0
0,0,0,0,0,1,0,0,1,0,0,0,0,1,1,0,0,0,0,0,0,0,2,0,0,1
0,1,0,0,0,0,0,0,1,0,0,1,0,1,0,0,0,0,1,0,0,0,1,0,0,0
1,0,0,0,0,0,0,0,0,0,0,0,0,0,0,0,0,1,0,0,0,0,0,0,1,1
0,0,0,0,0,0,0,0,0,1,0,1,0,1,1,0,0,0,1,0,1,1,0,0,1,0
1,0,1,0,0,0,0,0,1,0,0,0,0,0,1,0,0,1,0,0,0,0,1,-1,1,1
0,0,0,0,0,1,0,0,1,0,0,0,0,1,1,0,0,0,0,0,0,1,2,1,0,2
0,0,0,0,0,0,0,0,1,0,0,0,1,0,1,0,0,1,0,0,0,1,1,-1,1,1
0,0,0,0,0,0,0,1,0,1,1,0,0,0,0,1,0,0,1,1,1,0,1,0,2,0
0,0,1,0,0,0,0,0,1,0,0,1,1,1,1,0,0,0,1,0,0,0,1,0,0,1
0,1,1,0,0,0,0,0,1,0,0,1,0,1,1,0,0,0,1,0,0,0,1,-1,0,1
0,0,1,1,0,0,0,0,1,0,0,1,0,1,0,0,0,0,1,0,1,1,1,1,1,0
0,0,0,0,0,0,0,0,1,1,1,0,0,1,1,0,0,0,1,0,0,1,1,-1,0,0
0,0,1,0,0,1,0,0,1,0,0,1,0,1,1,1,0,0,0,0,0,1,2,0,0,1
0,1,0,0,0,0,0,0,1,1,1,1,0,1,1,1,0,0,1,0,0,0,1,0,0,0
1,0,0,0,0,0,0,0,1,0,0,0,0,0,0,0,0,1,1,0,0,0,1,-1,1,0
0,0,1,1,0,0,0,0,1,0,0,1,0,1,1,1,0,0,1,0,0,1,1,0,0,0
0,0,1,0,0,1,0,0,1,0,0,0,0,1,1,0,0,0,0,0,0,0,2,0,0,1
0,0,1,0,0,1,0,0,1,0,0,0,1,1,0,1,0,0,0,0,0,0,2,1,0,2
0,0,0,0,0,0,0,0,1,0,0,0,1,1,1,0,0,0,0,0,0,0,1,1,0,1
0,0,0,0,0,1,0,0,1,0,0,0,0,0,1,0,0,0,0,0,0,1,2,-1,0,1
0,0,1,0,0,1,0,0,1,0,0,0,0,1,0,0,0,0,0,0,0,0,2,1,0,1
1,1,1,0,0,0,0,0,1,0,0,1,0,1,1,0,0,0,1,0,0,1,1,0,0,0
0,0,1,0,0,0,0,0,0,0,0,0,0,1,0,0,0,1,0,0,1,0,0,0,2,0
0,0,0,0,0,1,0,0,1,0,0,0,0,1,1,0,0,0,0,0,0,1,2,1,0,1
0,0,0,0,0,0,0,0,1,1,1,0,0,1,0,0,0,0,1,0,1,1,1,1,1,0
0,0,1,1,1,0,0,0,1,1,1,0,0,1,1,0,0,0,1,0,0,1,1,-1,1,0
0,1,1,0,0,0,0,0,1,0,0,1,1,1,1,1,0,0,0,0,0,0,1,0,0,1
0,1,1,0,0,0,0,0,1,0,0,1,0,1,0,0,0,0,1,0,1,1,1,0,1,0
0,1,0,0,0,0,0,0,1,1,1,1,0,1,0,0,1,0,1,0,0,1,1,-1,0,0
0,0,1,0,0,0,0,0,1,1,1,1,0,0,1,0,0,0,1,0,0,1,1,-1,0,0
0,1,0,0,0,1,0,0,1,0,0,1,1,1,1,0,0,0,0,0,0,0,2,1,0,3
0,0,1,0,0,0,0,1,0,0,0,0,0,1,0,0,0,1,1,0,1,1,1,1,2,0
0,0,0,0,0,1,0,0,1,0,0,1,1,1,1,1,0,0,1,0,0,0,2,0,0,2
0,0,0,0,0,0,0,1,0,1,1,0,0,0,1,0,0,1,1,0,1,1,1,-1,2,0
0,0,0,0,0,0,0,0,1,0,1,1,0,1,1,0,0,0,1,0,0,0,1,-1,0,0
0,1,1,0,0,0,0,0,1,0,1,0,0,1,1,1,0,0,1,0,0,1,1,0,0,0
0,0,1,0,1,0,0,0,1,0,0,1,0,1,0,0,0,0,1,0,0,1,1,1,1,0
0,0,1,0,0,0,0,0,0,0,0,0,0,1,1,0,0,0,1,0,0,1,0,0,0,0
1,1,1,0,0,0,0,0,1,0,0,0,0,0,0,0,0,0,0,0,0,0,1,-1,0,0
0,0,1,0,0,0,0,0,1,1,1,1,0,1,1,0,0,0,1,0,1,1,1,1,1,0
0,0,1,0,0,0,0,0,0,0,0,0,0,0,1,0,0,0,1,0,0,0,0,-2,0,0
0,1,0,0,0,1,0,0,1,0,0,0,0,1,1,0,0,0,0,0,0,0,2,1,0,1
0,0,0,0,0,0,0,0,1,0,1,0,0,1,0,0,0,0,1,1,1,1,1,0,2,0
1,0,1,0,0,0,0,0,1,0,0,0,0,0,0,0,0,0,1,0,1,1,1,-1,1,0
0,0,1,0,0,0,0,0,1,0,0,1,0,0,1,0,0,0,1,0,0,0,1,0,0,0
0,0,1,0,0,0,0,0,1,0,0,1,0,1,0,0,0,0,1,0,0,0,1,1,0,0
0,0,1,0,0,1,0,0,1,0,0,1,0,1,1,0,0,0,0,0,0,0,2,1,0,1
0,1,0,0,1,0,0,0,0,1,0,0,0,1,1,0,0,0,1,0,1,1,0,1,2,0
0,0,0,0,0,0,0,0,1,0,0,1,0,1,1,0,0,0,1,0,0,1,1,0,0,0
0,0,0,0,0,0,0,1,0,0,0,0,0,1,0,0,0,0,1,0,1,0,1,1,1,0
0,0,1,0,0,0,0,0,1,0,0,1,0,1,1,0,0,0,1,0,0,1,1,0,0,0
0,1,0,0,0,0,0,0,1,0,0,1,0,1,0,0,0,0,0,0,1,0,1,1,1,0
0,0,1,0,0,0,0,0,1,0,0,1,0,1,0,0,0,0,1,1,0,1,1,0,1,0
0,0,0,0,1,0,0,0,1,0,1,0,0,0,1,0,0,0,1,0,0,1,1,-2,1,0
0,0,1,0,0,0,0,0,1,1,1,1,0,1,1,0,0,0,1,0,0,1,1,0,0,0
0,0,0,0,0,0,0,0,0,0,0,0,0,0,1,0,0,0,0,0,0,0,0,-1,0,0
0,0,0,0,0,0,0,0,1,0,1,0,0,0,1,0,0,0,1,0,0,1,1,-1,0,1
1,1,0,0,0,0,0,0,0,1,1,0,0,0,1,0,0,0,1,0,0,0,0,-2,0,0
0,0,1,0,0,1,0,0,1,0,0,1,1,1,1,0,0,0,0,0,0,0,2,1,0,2
0,0,0,0,1,0,0,0,1,1,1,1,0,1,0,0,0,0,1,0,1,1,1,1,2,0
0,0,0,0,1,0,0,0,1,0,0,1,0,1,0,0,0,0,1,0,0,1,1,0,1,0
0,0,0,0,1,0,0,0,1,0,0,0,0,1,1,0,0,0,1,0,0,0,1,-1,1,0
0,0,0,0,0,1,0,0,1,0,0,1,0,1,0,0,0,0,0,0,0,0,2,0,0,1
0,0,1,0,0,0,0,0,1,0,0,1,1,1,1,1,0,0,0,0,0,0,1,1,0,1
0,0,0,1,1,0,0,0,1,1,1,0,0,0,0,0,0,0,1,0,1,1,1,-1,2,0
0,0,1,0,0,0,0,1,0,0,0,0,0,1,0,0,0,1,1,0,1,1,1,0,2,0
0,0,1,0,0,0,0,0,0,1,1,0,0,1,0,0,0,0,1,0,0,1,0,-1,0,0
1,0,0,0,0,0,0,0,1,0,0,0,0,0,0,0,0,0,1,0,1,1,1,0,1,0
0,0,1,0,0,0,0,0,1,1,1,0,0,0,1,0,0,0,1,0,0,1,1,0,0,0
0,0,1,0,0,1,0,0,1,0,0,1,1,1,0,1,0,0,0,0,0,0,2,1,0,2
0,0,0,0,0,0,0,0,1,0,0,0,0,0,0,0,0,0,0,0,1,0,1,0,1,0
1,0,0,1,0,0,0,0,0,0,0,1,0,0,0,0,0,0,1,0,1,0,0,0,1,0
0,0,1,0,0,0,0,0,1,0,1,0,0,0,1,0,0,0,1,0,1,1,1,0,1,0
0,0,1,0,0,0,0,0,1,0,1,1,0,1,1,0,0,0,1,0,0,1,1,-1,0,0
0,0,0,0,0,0,0,0,0,1,1,0,0,1,1,0,0,0,1,0,0,1,0,0,0,0
0,0,1,1,0,0,0,0,0,1,1,0,0,0,0,0,0,1,1,0,1,1,0,-1,2,0
0,1,0,0,0,0,0,0,1,0,0,1,0,1,0,0,0,0,1,0,1,0,1,1,1,0
0,0,1,0,0,0,0,0,1,0,0,0,0,1,1,0,0,0,1,0,0,0,1,0,0,0
0,0,0,0,0,0,0,0,1,0,0,1,0,1,0,0,0,0,0,0,1,0,1,1,1,0
0,1,0,0,0,1,0,0,1,0,0,1,0,1,1,0,0,0,0,0,0,1,2,1,0,1
0,0,0,0,0,0,0,0,0,0,1,0,0,0,0,0,0,0,1,0,1,0,0,-1,1,0
0,0,1,0,0,1,0,0,1,1,1,0,0,1,0,0,0,0,1,0,1,0,2,1,1,1
0,1,0,0,0,1,0,0,0,0,0,1,0,1,0,0,0,0,0,0,0,1,1,1,0,1
0,0,0,0,0,1,0,1,0,0,0,0,0,0,0,0,0,0,0,0,1,0,2,0,1,1
0,0,0,0,0,0,0,1,0,1,1,0,0,0,0,1,0,0,1,0,1,0,1,0,1,0
0,0,0,0,0,0,0,0,1,0,0,1,0,1,0,0,0,0,0,0,1,0,1,1,1,0
0,0,0,0,0,1,0,1,0,0,0,1,0,0,0,0,0,1,0,0,1,1,2,0,2,1
0,0,1,0,0,1,0,0,1,0,0,1,1,1,1,0,0,0,0,0,0,0,2,-1,0,3
0,0,0,0,0,0,0,0,1,0,0,1,0,1,0,0,0,0,1,1,0,1,1,0,1,0
0,1,0,0,0,0,0,0,1,0,0,1,0,1,0,0,0,0,1,0,1,0,1,0,1,0
0,1,0,0,0,1,0,0,1,0,0,1,1,1,1,1,0,0,0,0,0,0,2,1,0,3
0,0,1,0,0,0,0,0,1,0,0,0,0,1,1,0,0,0,1,0,0,1,1,-1,0,0
0,0,0,0,0,1,0,0,1,0,0,1,1,1,1,1,0,0,0,0,0,0,2,0,0,3
0,0,1,0,0,0,0,0,0,0,0,0,1,1,1,0,0,0,0,0,0,0,0,0,0,1
0,1,0,0,0,0,0,0,0,1,1,0,0,0,1,0,0,0,1,0,1,1,0,-1,1,0
0,0,0,0,0,1,0,0,0,0,0,1,1,1,1,0,0,0,0,0,0,0,1,1,0,2
0,0,1,0,0,0,0,0,1,1,1,1,0,1,1,0,1,0,1,0,0,1,1,-1,0,0
1,0,1,0,0,1,0,1,0,0,0,0,0,0,0,0,0,1,0,1,1,1,2,-2,3,1
0,1,1,0,0,0,0,0,1,1,0,1,0,1,0,0,0,0,1,0,0,1,1,0,0,0
0,0,0,1,1,0,0,0,0,1,1,0,0,0,0,0,0,1,1,0,1,1,0,-1,3,0
0,0,0,0,0,0,0,0,1,0,1,0,0,0,1,0,0,0,1,0,1,0,1,0,1,0
1,1,0,0,1,0,0,0,1,0,0,0,0,0,0,0,0,0,1,0,1,0,1,-1,2,0
0,0,0,0,0,0,0,0,0,0,0,0,0,0,0,0,0,0,1,0,1,1,0,0,1,0
0,0,1,1,1,0,0,1,0,1,1,0,0,1,1,0,0,0,1,1,0,1,1,0,2,0
0,0,0,0,0,0,0,0,1,1,1,1,0,1,0,0,0,0,1,0,1,1,1,0,1,0
0,1,1,0,0,1,0,0,1,0,0,1,1,1,1,1,0,0,0,0,0,0,2,0,0,3
0,0,0,0,0,0,0,0,1,0,0,0,0,1,1,0,0,0,0,0,0,0,1,1,0,0
0,0,0,0,0,0,0,0,1,0,1,1,0,1,1,0,0,0,1,0,1,0,1,1,1,0
0,1,1,0,0,1,0,0,1,0,0,0,1,1,1,0,0,0,0,0,0,0,2,0,0,2
0,0,0,1,1,0,0,1,0,0,1,1,0,0,0,0,0,1,1,0,1,1,1,-1,3,0
0,0,1,0,0,0,0,0,0,1,1,1,0,1,1,0,0,0,1,0,0,0,0,0,0,0
0,0,0,0,0,1,0,0,1,0,0,1,0,1,1,1,0,0,0,0,0,0,2,1,0,2
0,0,1,0,0,0,0,0,1,0,1,1,0,1,1,0,0,0,1,0,0,1,1,1,0,0
0,1,0,0,0,0,0,0,1,0,0,1,0,1,0,0,0,0,1,0,0,1,1,1,0,0
0,0,0,0,0,0,0,0,1,0,0,1,1,0,0,0,0,0,0,0,0,0,1,0,0,2
0,0,0,0,0,1,0,0,0,0,0,0,0,1,0,0,0,0,0,0,0,0,1,1,0,1
0,0,1,0,0,1,0,0,1,0,0,0,0,0,1,0,0,0,1,0,0,0,2,0,0,1
0,0,0,1,0,0,0,0,1,0,0,1,0,1,0,0,0,0,0,0,1,0,1,1,1,0
1,0,0,0,0,0,0,0,1,0,0,0,0,0,0,0,0,0,0,0,1,1,1,-1,1,1
0,1,0,0,0,1,0,0,1,0,0,1,1,1,1,0,0,0,1,0,0,0,2,0,0,2
0,1,1,0,0,0,0,0,1,0,1,1,0,1,0,0,0,0,1,0,0,1,1,0,0,0
0,0,1,0,0,0,0,0,0,1,1,1,0,1,1,0,0,0,1,0,0,1,0,0,0,0
1,1,1,0,0,0,0,0,1,0,0,0,1,1,0,0,0,0,0,0,0,0,1,1,0,1
0,1,1,0,0,0,0,0,1,0,0,0,0,1,1,0,0,0,1,0,0,1,1,-1,0,0
0,0,1,0,0,0,0,0,0,0,0,1,0,1,1,0,0,0,1,0,1,1,0,1,1,0
0,1,0,0,0,0,0,0,1,0,0,1,0,1,1,1,0,0,1,0,0,0,1,0,0,0
0,1,0,0,0,0,0,0,1,0,0,1,0,1,1,1,0,0,1,0,0,0,1,0,0,1
0,1,0,0,1,1,0,0,1,0,0,0,0,0,1,1,0,0,0,0,0,1,2,-1,1,1
0,1,1,0,0,0,0,0,1,0,0,0,0,1,1,0,0,0,1,0,0,0,1,0,0,0
0,0,0,0,0,0,0,1,0,0,0,0,0,0,0,0,0,1,1,0,1,1,1,-1,2,0
0,0,0,0,0,0,0,0,1,0,1,1,0,1,1,0,0,0,1,0,0,1,1,1,0,0
0,0,1,0,0,0,0,0,1,1,1,1,0,1,1,0,0,0,1,0,0,0,1,0,0,0
0,0,0,0,0,1,0,0,1,0,0,0,0,0,0,0,0,0,0,0,0,0,2,-1,0,2
1,0,0,0,0,0,0,0,1,0,0,1,0,0,1,0,0,0,1,0,0,1,1,0,0,0
0,1,0,0,0,0,0,0,1,0,0,0,0,0,0,0,0,0,1,0,1,0,1,0,1,0
0,1,0,0,0,1,0,0,1,0,0,1,0,0,0,1,0,0,0,0,0,1,2,-1,0,1
0,0,0,0,0,0,0,0,1,1,1,0,0,0,1,1,0,0,1,0,0,1,1,-1,0,0
0,0,0,0,0,0,0,0,1,0,0,1,0,1,1,1,0,0,1,0,0,0,1,1,0,0
0,0,0,0,0,0,0,0,1,0,0,1,0,0,1,0,0,0,1,0,1,0,1,0,1,0
0,0,0,0,0,1,0,0,1,0,0,0,1,1,1,0,0,0,0,0,0,0,2,1,0,2
0,0,0,0,0,1,0,0,1,0,0,1,1,1,0,0,0,0,0,0,0,0,2,0,0,2
0,0,0,0,0,0,0,1,0,0,1,0,0,0,1,0,0,1,1,0,1,1,1,-1,2,0
0,0,1,0,1,0,0,0,1,0,0,0,0,1,0,0,0,0,1,0,1,1,1,0,2,0
0,1,1,0,0,0,0,0,1,1,1,1,1,1,1,0,0,0,1,0,0,0,1,-1,0,1
0,0,0,0,0,1,0,0,1,0,0,1,1,1,0,0,0,0,0,0,0,0,2,0,0,2
1,1,1,0,0,0,0,0,1,0,0,1,0,0,0,0,0,0,1,0,1,0,1,0,1,0
0,0,0,0,0,0,0,0,1,0,1,1,0,1,1,0,0,0,1,0,1,0,1,0,1,0
0,0,0,0,0,0,0,0,1,1,1,0,0,0,0,0,0,0,1,1,1,1,1,0,2,0
0,1,1,0,0,0,0,0,1,0,0,1,0,1,1,0,0,0,1,0,0,0,1,-1,0,0
0,0,0,0,0,0,0,0,1,1,0,1,0,1,1,0,0,0,1,1,0,0,1,1,1,0
0,0,1,0,0,0,0,0,1,0,0,0,0,0,1,0,0,1,1,0,1,0,1,0,2,0
0,0,0,0,0,1,0,0,1,0,0,0,0,0,0,0,0,0,0,0,1,0,2,0,1,1
0,0,1,0,1,0,0,0,1,1,1,0,0,1,0,0,0,0,1,1,0,1,1,-1,2,0
0,0,0,0,1,0,0,0,1,0,1,1,0,1,1,0,0,0,1,0,0,1,1,0,1,0
0,0,0,0,0,0,0,0,0,0,1,0,0,0,0,0,0,1,1,0,1,1,0,0,2,0
0,0,1,0,0,0,0,0,0,0,0,1,0,1,0,0,0,0,0,0,1,1,0,1,1,0
0,0,0,0,0,0,0,0,1,0,0,1,0,1,0,0,0,0,1,0,0,0,1,1,0,0
1,0,0,0,1,0,0,0,1,0,0,0,0,0,0,0,0,0,1,0,0,0,1,0,1,0
0,0,0,0,0,1,0,0,1,0,0,1,1,1,1,0,0,0,0,0,0,0,2,0,0,2
0,0,0,0,0,0,0,0,0,0,0,0,0,0,0,0,0,1,0,0,1,1,0,-1,2,0
0,0,1,0,0,0,0,0,1,1,0,1,0,1,1,0,0,0,1,0,0,0,1,0,0,0
0,0,1,1,0,0,0,1,0,1,1,0,0,0,0,0,1,1,1,0,1,1,1,0,2,0
0,0,1,0,1,0,0,0,1,1,1,1,0,1,0,0,0,0,1,0,0,0,1,-1,1,0
1,0,0,0,0,0,0,0,0,0,0,0,0,0,0,0,0,0,0,0,0,1,0,-2,0,0
0,0,1,1,1,0,0,0,1,0,1,1,0,1,0,0,0,0,1,0,0,1,1,0,1,0
0,1,1,0,0,1,0,0,1,0,0,1,1,1,0,1,1,0,0,0,0,0,2,1,0,3
0,0,0,0,0,0,0,0,1,0,1,1,0,1,1,0,0,0,1,0,1,0,1,1,1,0
0,0,0,0,0,0,0,0,1,1,0,1,0,1,0,0,0,0,1,0,0,0,1,1,0,0
0,1,0,0,0,1,0,0,0,0,0,1,1,1,1,0,0,0,0,0,0,0,1,1,0,2
0,0,1,1,1,0,0,0,1,0,1,1,0,0,1,0,0,0,1,0,0,1,1,0,1,0
0,1,1,0,0,1,0,0,1,0,0,1,1,1,1,0,0,0,0,0,0,0,2,-1,0,3
0,0,1,0,0,0,0,0,1,0,0,0,0,0,0,0,0,0,1,0,1,0,1,-1,1,0
0,1,1,0,0,1,0,0,1,0,0,1,1,1,0,0,0,0,0,0,0,0,2,0,0,2
0,0,0,0,0,0,0,0,1,0,0,1,0,1,1,1,0,0,0,0,0,1,1,0,0,0
0,0,1,0,1,0,0,1,0,0,0,0,0,0,0,0,0,0,1,0,1,1,1,0,2,0
0,0,1,1,1,0,0,1,0,1,1,0,0,0,0,0,0,1,1,0,1,1,1,-1,3,0
0,0,0,0,0,1,0,0,1,0,0,1,1,1,1,1,0,0,0,0,0,0,2,0,0,2
0,0,1,0,0,0,0,0,1,1,1,0,0,0,0,0,0,0,1,0,1,1,1,-1,1,0
0,0,0,0,0,0,0,0,1,0,0,1,0,1,1,1,0,0,1,0,0,0,1,0,0,0
0,0,1,0,0,1,0,0,1,0,0,1,0,1,1,1,0,0,0,1,0,1,2,1,1,1
0,0,1,0,0,0,0,0,1,1,1,0,0,0,0,0,0,0,1,0,1,1,1,0,1,0
0,1,1,0,0,0,0,0,1,0,0,1,0,1,0,0,0,0,1,0,0,0,1,0,0,0
0,1,1,0,0,1,0,0,1,0,0,1,1,1,0,1,1,0,0,0,0,0,2,1,0,2
0,0,1,0,0,1,0,1,0,0,0,0,0,0,0,0,0,0,0,0,0,0,2,-1,0,1
0,1,0,0,0,0,0,0,1,0,0,1,0,1,1,0,0,0,1,0,0,1,1,1,0,0
0,0,0,1,1,0,0,0,0,0,0,1,0,0,1,0,0,0,1,0,0,1,0,-1,1,0
0,0,1,0,0,0,0,0,1,1,1,1,0,1,1,0,0,0,1,0,0,1,1,0,0,0
0,1,0,0,0,0,0,0,1,0,0,0,0,0,0,1,0,0,1,0,0,0,1,-1,0,0
1,1,0,0,0,0,0,0,1,0,0,0,0,0,1,0,0,0,1,0,1,0,1,0,1,0
0,0,1,0,0,1,0,0,1,0,0,0,0,1,1,0,0,0,0,0,0,1,2,1,0,1
0,0,0,0,0,0,0,0,1,1,1,1,0,1,1,0,0,0,1,0,0,0,1,0,0,0
0,0,0,0,0,0,0,0,1,0,0,1,0,1,1,0,0,0,1,0,0,1,1,1,0,0
0,0,0,0,0,0,0,0,1,0,0,0,0,1,1,0,0,0,0,0,0,0,1,0,0,0
0,1,1,1,0,0,0,0,1,0,0,1,0,1,0,1,0,0,1,0,0,0,1,0,0,0
1,0,1,1,1,0,0,1,0,0,0,0,0,0,0,0,0,1,0,0,1,1,1,0,3,0
0,0,1,0,0,1,0,0,1,0,0,1,0,1,0,0,0,0,0,0,0,0,2,0,0,1
0,0,0,1,1,0,0,1,0,0,1,0,0,1,0,0,0,1,1,0,1,1,1,0,3,0
0,0,0,0,0,0,0,0,1,0,0,1,1,1,0,0,0,0,0,0,0,0,1,1,0,1
0,1,0,0,0,0,0,0,0,1,0,1,0,1,0,0,0,0,1,0,1,0,0,1,1,0
0,0,1,0,0,1,0,0,1,0,0,0,1,1,1,0,0,0,0,0,0,0,2,0,0,2
0,0,1,0,0,0,0,0,1,0,0,0,0,1,0,0,0,0,0,0,0,1,1,1,0,0
0,0,0,0,0,0,0,0,1,0,0,0,0,0,1,0,0,0,1,0,1,1,1,0,1,0
1,0,0,0,0,0,0,0,0,0,1,0,0,0,0,0,0,0,1,0,1,0,0,-1,1,0
0,1,1,0,0,0,0,0,1,0,0,1,1,0,1,0,0,0,0,0,0,0,1,-1,0,2
1,0,1,0,0,0,0,0,1,0,0,1,0,1,1,0,0,0,1,0,0,0,1,0,0,0
0,0,0,0,0,0,0,0,1,1,1,0,0,1,1,0,0,0,1,0,0,0,1,0,0,0
0,0,0,0,0,0,0,0,1,1,1,0,0,1,1,1,0,0,1,0,0,1,1,0,0,0
0,1,1,0,0,1,0,0,1,0,0,1,1,1,0,0,1,0,0,0,0,1,2,-1,0,3
0,0,1,0,0,0,0,0,1,0,0,1,0,1,1,0,0,0,1,0,1,0,1,1,1,0
0,0,1,1,0,0,0,1,0,0,0,0,0,0,1,0,0,1,0,0,1,1,1,0,2,1
0,0,1,1,1,0,0,1,0,1,1,1,0,1,1,0,0,0,1,0,1,1,1,1,2,0
0,1,0,0,0,0,0,0,1,0,0,1,0,1,0,1,0,0,1,0,0,0,1,0,0,0
0,1,0,0,0,0,0,0,1,1,1,1,0,1,0,0,0,0,1,0,0,1,1,1,0,0
0,0,0,0,0,0,0,0,0,0,0,0,0,0,0,0,0,0,1,0,0,1,0,-1,0,0
0,0,1,0,0,0,0,0,1,1,1,1,0,1,1,0,0,0,1,0,0,0,1,0,0,0
0,0,0,0,0,0,0,0,1,1,1,1,0,1,0,0,0,0,1,0,0,1,1,1,0,0
0,0,0,0,0,1,0,0,1,1,1,0,0,0,0,0,0,0,1,0,1,1,2,0,1,1
0,0,0,0,0,0,0,0,1,1,1,1,0,1,0,0,0,0,1,0,1,0,1,1,1,0
0,0,1,0,0,0,0,1,0,0,0,1,0,1,0,0,0,1,1,0,0,1,1,-1,1,0
0,0,0,0,0,0,0,0,1,0,0,1,0,1,1,0,0,0,1,0,1,1,1,0,1,0
0,0,0,1,0,0,0,0,1,1,1,1,0,1,0,0,0,0,1,0,0,1,1,0,0,0
0,0,1,0,0,1,0,0,1,0,0,1,0,1,1,1,0,0,0,0,0,0,2,0,0,1
0,1,1,0,0,0,0,0,1,1,1,1,0,1,1,0,1,0,1,0,0,1,1,-1,0,0
0,1,1,0,0,1,0,0,1,0,0,1,0,1,1,1,0,0,0,0,0,0,2,1,0,1
0,0,1,0,0,0,0,0,0,0,0,1,0,1,0,0,0,0,1,0,0,0,0,0,0,0
0,0,0,0,0,1,0,0,1,0,0,0,0,0,1,0,0,0,0,0,0,0,2,-1,0,2
0,0,0,1,0,0,0,0,1,1,1,0,0,1,1,0,0,0,1,0,0,0,1,1,0,0
1,0,0,0,0,0,0,0,0,0,1,0,0,0,0,0,0,0,1,0,0,1,0,0,0,0
0,0,1,0,1,0,0,0,1,0,1,0,0,0,0,0,0,0,1,1,0,1,1,0,2,0
0,1,1,0,0,0,0,0,0,1,1,0,0,0,1,0,0,0,1,0,0,1,0,-2,0,0
0,0,0,1,0,0,0,0,1,0,1,0,0,0,0,0,0,1,1,1,0,1,1,-2,2,0
0,0,0,1,1,0,0,0,0,1,1,0,0,1,1,0,0,1,1,0,0,1,0,1,2,0
0,0,0,0,0,0,0,0,1,1,1,1,0,0,1,0,0,0,1,0,1,1,1,-2,1,0
0,1,0,0,0,1,0,0,1,0,0,1,1,1,0,1,1,0,0,0,0,0,2,1,0,2
0,0,1,0,0,0,0,0,1,1,1,1,0,1,1,0,0,0,1,0,1,1,1,0,1,0
0,0,1,0,0,0,0,1,0,0,0,0,0,0,1,0,0,1,1,0,1,1,1,0,2,0
0,0,0,0,0,0,0,0,0,0,0,0,0,0,0,0,0,0,1,0,0,0,0,0,0,0
0,0,1,0,1,0,0,0,1,0,0,1,0,0,1,0,0,0,1,0,0,1,1,-1,1,0
0,0,1,1,0,0,0,0,1,1,1,0,0,1,0,0,0,0,1,0,1,1,1,0,1,0
0,1,1,0,0,0,0,0,1,1,1,1,0,0,0,0,0,0,1,0,1,0,1,0,1,0
0,1,0,0,0,1,0,0,1,0,0,0,0,1,0,0,0,0,0,0,0,0,2,0,0,1
0,0,0,0,0,0,0,1,0,0,1,0,0,0,0,0,0,1,1,0,1,1,1,0,2,0
0,0,1,0,1,0,0,0,1,0,0,1,0,1,1,0,0,0,1,0,0,1,1,-1,1,0
0,0,1,0,0,0,0,0,1,0,0,1,0,1,1,0,0,0,1,0,0,0,1,0,0,0
0,0,0,0,0,0,0,0,1,1,1,0,0,0,1,0,0,0,1,0,1,1,1,0,1,0
0,0,1,0,0,0,0,0,1,0,0,1,0,1,0,1,0,0,1,0,0,1,1,-1,0,0
0,0,0,0,0,0,0,0,1,0,0,0,0,1,0,1,0,0,1,0,0,0,1,0,0,0
0,0,1,0,0,0,0,0,1,0,0,1,1,1,1,0,0,0,0,0,0,0,1,0,0,1
0,0,1,1,1,0,0,0,0,0,1,1,0,1,0,0,0,1,1,0,0,1,0,-1,2,0
1,0,0,0,1,0,0,1,0,0,0,0,0,0,0,0,0,1,1,1,1,1,1,-1,4,0
0,0,1,0,0,0,0,0,1,1,1,0,0,0,0,0,0,0,1,0,0,1,1,-1,0,0
0,0,1,0,0,0,0,0,1,0,1,0,0,1,0,0,0,0,1,0,0,1,1,0,0,0
0,0,0,0,0,0,0,0,1,0,1,1,0,0,0,0,0,0,1,0,1,1,1,0,1,0
0,0,0,1,0,0,0,1,0,1,1,0,0,0,0,0,0,1,1,0,1,1,1,-1,2,0
0,0,0,0,1,0,0,0,1,1,1,0,0,1,0,0,0,0,1,0,1,0,1,0,2,0
0,0,1,0,0,1,0,0,1,0,0,0,0,0,0,0,0,0,0,0,1,1,2,0,1,2
0,0,0,0,0,0,0,0,1,0,1,1,0,1,0,0,0,0,1,0,0,0,1,1,0,0
0,1,1,0,0,0,0,0,1,0,0,1,0,0,0,0,0,1,1,0,0,1,1,-1,1,0
0,0,0,0,0,0,0,0,1,1,1,0,0,0,1,0,0,0,1,0,1,1,1,-1,1,0
1,0,0,0,0,0,0,0,0,0,0,0,0,0,0,0,0,0,0,0,0,0,0,-1,0,0
0,0,0,0,0,0,0,0,0,0,0,0,0,1,0,0,0,0,0,0,1,0,0,1,1,0
0,1,0,0,0,0,0,0,1,1,1,1,0,1,0,0,0,0,1,0,0,0,1,1,0,0
0,0,1,0,0,0,0,0,1,0,0,1,1,1,1,0,0,0,1,0,0,1,1,0,0,1
0,0,1,0,0,1,0,0,0,0,0,1,1,1,0,0,0,0,0,0,0,0,1,0,0,2
0,0,1,0,0,1,0,0,1,0,0,1,1,1,0,1,0,0,0,0,0,0,2,1,0,2
0,0,0,1,1,0,0,0,1,0,0,1,0,1,1,0,0,0,1,0,1,0,1,0,2,0
0,1,1,0,1,0,0,0,1,1,1,0,0,0,0,0,0,0,1,0,1,1,1,-1,2,0
0,1,0,0,0,0,0,0,1,0,1,1,0,1,1,0,0,0,1,0,0,0,1,-1,0,0
0,1,1,0,0,1,0,0,1,0,0,1,0,1,1,0,0,0,0,0,0,0,2,0,0,1
0,1,1,0,0,0,0,0,1,1,1,0,0,1,1,0,0,0,1,0,0,0,1,0,0,0
0,1,1,0,0,0,0,0,0,1,1,1,0,1,1,0,0,0,1,0,0,1,0,-1,0,0
0,0,1,1,0,0,0,1,0,0,0,1,0,0,1,0,0,1,0,0,1,1,1,0,2,0
0,0,1,0,0,0,0,0,1,0,0,1,1,1,1,0,0,0,1,0,0,1,1,-1,0,1
0,0,1,0,0,0,0,0,0,1,0,0,0,0,0,0,0,0,1,0,1,1,0,0,1,0
0,1,0,0,0,0,0,0,0,0,0,1,0,1,0,0,0,0,1,0,0,1,0,1,0,0
0,0,0,0,0,0,0,0,1,0,0,1,0,0,1,1,0,0,1,0,1,0,1,-1,1,0
0,1,1,0,0,0,0,0,1,1,1,1,0,1,1,0,0,0,1,0,0,0,1,-1,0,0
0,0,1,0,0,0,0,0,1,1,1,1,0,1,1,1,0,0,1,0,0,1,1,-1,0,0
0,0,0,0,0,0,0,0,1,1,1,1,0,0,0,0,0,0,1,0,1,1,1,-2,1,0
0,0,0,0,0,1,0,0,1,1,1,1,0,1,1,0,0,0,1,0,0,0,2,0,0,1
0,0,0,0,0,0,0,0,0,0,0,0,0,0,0,0,0,0,0,0,0,0,0,-2,0,1
1,0,1,0,0,0,0,0,1,0,0,0,0,0,0,0,0,0,0,0,0,0,1,-2,0,0
1,0,0,1,1,0,0,0,0,0,0,0,0,0,1,0,0,0,1,0,0,0,0,-1,1,0
0,0,1,0,0,0,0,0,1,1,1,1,0,1,1,1,0,0,1,0,0,1,1,0,0,0
0,0,1,0,0,0,0,0,1,0,0,0,0,1,1,0,0,0,0,0,0,0,1,0,0,0
0,0,1,0,0,0,0,0,1,0,0,0,0,1,1,1,0,0,0,0,0,0,1,0,0,1
1,0,0,0,0,1,0,0,1,0,0,0,0,0,0,0,0,0,0,0,0,1,2,-1,0,1
0,0,1,0,0,0,0,0,0,0,0,1,0,1,0,0,0,0,1,0,1,1,0,1,1,0
0,0,0,0,0,0,0,0,1,0,0,0,0,1,1,0,0,0,1,0,0,0,1,0,0,0
0,0,1,0,0,0,0,0,1,0,0,1,0,1,0,0,0,0,0,0,0,1,1,-1,0,0
0,0,1,0,0,0,0,0,1,1,1,0,0,0,0,0,0,0,1,0,0,0,1,0,0,0
0,0,0,0,0,0,0,0,0,0,0,0,0,0,0,0,0,1,0,0,1,1,0,0,2,0
1,0,0,1,1,0,0,0,0,0,0,0,0,0,0,0,0,1,1,0,0,1,0,0,2,0
0,0,0,0,0,0,0,1,0,1,1,0,0,0,1,0,0,0,1,0,1,0,1,0,1,0
0,0,1,0,0,0,0,0,1,0,1,1,0,1,1,0,0,0,1,0,0,0,1,0,0,0
0,0,1,0,0,0,0,0,1,0,0,1,1,1,1,1,0,0,0,0,0,0,1,-1,0,1
0,0,0,0,0,0,0,0,1,1,1,1,0,1,1,0,0,0,1,0,1,1,1,1,1,0
0,1,0,0,0,0,0,1,0,1,1,0,0,1,1,0,0,1,1,0,1,1,1,0,2,0
0,1,0,0,0,1,0,0,1,0,0,0,0,0,0,0,0,0,0,0,0,0,2,-2,0,1
0,0,1,0,1,0,0,0,1,1,1,0,0,0,0,0,0,1,1,0,1,1,1,0,3,0
0,0,0,0,0,0,0,1,0,0,1,0,0,0,0,0,0,1,1,0,1,1,1,0,2,0
1,0,0,0,0,0,0,1,0,1,1,0,0,0,0,0,0,1,1,0,0,0,1,0,1,0
0,0,1,0,0,0,0,0,1,0,0,1,0,1,1,0,0,0,1,0,0,0,1,0,0,0
0,0,1,0,0,1,0,0,1,0,0,0,1,1,0,0,0,0,0,0,0,0,2,1,0,2
0,0,0,0,0,0,0,0,1,0,1,1,0,0,0,0,0,1,1,0,0,1,1,-1,1,0
0,0,0,0,0,0,0,0,0,1,1,0,0,1,0,0,0,0,1,0,1,1,0,0,1,0
0,1,1,0,0,1,0,0,1,0,0,1,0,1,1,0,0,0,0,0,0,1,2,0,0,2
0,0,1,0,0,0,0,0,0,0,0,1,0,0,0,0,0,1,0,1,1,1,0,0,3,1
0,0,0,0,0,0,0,0,1,0,1,0,0,0,0,0,0,0,1,0,0,1,1,-1,0,0
0,0,0,0,0,0,0,0,0,0,0,1,0,0,0,0,0,1,0,0,1,1,0,0,2,0
0,0,0,0,0,0,0,0,1,0,1,0,0,1,1,0,0,0,1,0,0,1,1,-1,0,0
1,1,1,0,0,0,0,0,1,0,0,0,0,0,1,0,0,0,1,0,1,0,1,0,1,0
1,0,0,0,0,0,0,0,1,0,1,0,0,0,0,0,0,0,1,0,0,0,1,0,0,0
0,0,1,0,0,0,0,0,0,1,1,1,0,0,1,0,0,0,1,0,1,1,0,0,1,0
0,0,1,0,0,0,0,0,0,1,1,0,0,1,1,0,0,0,1,0,0,0,0,0,0,0
0,0,1,0,0,0,0,0,1,0,1,1,0,1,1,0,0,0,1,0,0,1,1,1,0,0
1,1,1,0,0,1,0,0,1,0,0,0,0,0,1,0,0,0,0,0,0,0,2,-1,0,1
0,0,0,0,0,0,0,0,0,0,0,0,0,0,0,0,0,0,1,0,1,1,0,0,1,1
0,0,1,0,0,0,0,0,1,0,0,0,0,0,0,0,0,0,1,0,1,0,1,-1,1,0
0,1,0,0,0,1,0,0,1,0,0,1,0,1,0,0,0,0,0,0,1,0,2,1,1,1
0,0,0,0,0,0,0,0,1,1,1,0,0,0,1,0,0,0,1,0,0,1,1,-1,0,1
0,0,0,0,0,1,0,0,1,0,0,0,0,1,1,0,0,0,0,0,0,0,2,1,0,1
0,1,0,0,0,0,0,0,0,1,1,0,0,1,1,0,0,0,1,0,0,0,0,-1,0,0
0,0,0,0,0,0,0,1,0,0,0,0,0,0,0,0,0,0,1,0,1,1,1,-1,1,0
0,0,0,0,0,0,0,0,0,1,1,0,0,0,0,0,0,0,1,0,0,0,0,-2,0,0
0,0,0,0,0,0,0,0,0,0,0,1,0,1,0,0,0,0,1,0,0,1,0,0,0,0
0,1,1,0,0,1,0,0,1,0,0,1,1,1,0,1,0,0,0,0,0,0,2,-1,0,2
0,0,0,0,0,1,0,0,1,0,0,0,0,0,0,0,0,0,0,0,0,0,2,-1,0,1
0,0,0,0,0,0,0,0,1,0,1,1,0,1,1,0,0,0,1,0,0,1,1,1,0,0
1,0,0,0,0,0,0,0,0,1,1,0,0,0,0,0,0,0,1,0,0,0,0,0,0,0
0,0,0,1,1,0,0,0,1,0,0,1,0,1,0,1,0,0,1,0,0,0,1,0,1,0
0,0,0,0,1,0,0,0,1,1,1,1,0,1,0,0,0,0,1,0,0,0,1,0,1,0
1,0,0,0,0,0,0,0,0,0,0,0,0,0,0,0,0,0,0,0,0,0,0,-2,0,1
0,1,0,0,0,0,0,0,1,0,0,0,0,0,0,0,0,0,1,0,1,0,1,0,1,0
0,0,1,0,0,0,0,0,1,0,0,1,0,1,1,1,0,0,1,0,0,0,1,-1,0,1
0,0,0,0,0,0,0,0,1,0,0,0,0,0,0,1,0,0,1,0,0,0,1,0,0,0
1,0,0,1,0,0,0,0,1,1,1,0,0,0,0,0,0,0,1,0,1,1,1,0,1,0
0,0,1,0,0,0,0,0,1,0,0,1,0,1,1,0,0,0,1,0,0,1,1,0,0,0
0,1,0,0,0,0,0,0,1,0,0,1,0,1,1,1,0,0,1,0,0,0,1,1,0,0
0,0,0,0,0,0,0,0,0,0,0,0,0,0,0,0,0,0,1,0,1,0,0,0,1,0
0,0,0,0,0,0,0,1,0,1,1,0,0,1,0,0,0,0,1,0,0,1,1,0,0,0
0,1,0,0,0,0,0,0,1,0,0,1,0,1,0,0,0,1,1,0,0,1,1,0,1,0
0,0,0,0,0,0,0,0,1,1,1,0,0,1,1,0,0,0,1,1,0,1,1,1,1,1
0,0,0,0,0,0,0,1,0,1,1,0,0,0,1,0,0,1,1,0,1,1,1,0,2,0
0,0,0,0,0,0,0,1,0,0,0,0,0,0,1,0,0,1,0,0,1,1,1,0,2,0
0,0,1,1,1,0,0,0,1,1,1,0,0,0,1,0,0,0,1,0,0,1,1,-1,1,0
0,0,0,0,0,0,0,0,1,0,0,0,0,1,0,0,0,0,1,0,1,0,1,1,1,0
0,1,1,0,0,0,0,0,1,0,1,1,0,1,1,0,0,0,1,0,0,0,1,-1,0,0
0,0,0,0,0,0,0,0,1,1,0,1,0,1,1,0,0,0,1,0,0,0,1,-1,0,1
0,0,1,0,0,1,0,0,1,0,0,0,0,1,0,0,0,0,0,0,1,0,2,1,1,2
0,1,1,0,0,0,0,0,1,1,1,1,0,1,1,0,0,0,1,0,0,1,1,-1,0,0
0,0,0,0,0,1,0,0,1,0,0,1,1,1,0,1,1,0,0,0,0,0,2,1,0,2
0,0,1,1,0,0,0,0,0,0,0,1,0,1,1,0,0,0,1,0,0,1,0,0,0,0
1,0,1,0,0,1,0,0,1,0,0,0,0,1,1,0,0,0,0,0,0,0,2,-1,0,2
0,0,0,0,0,0,0,0,1,1,1,0,0,0,0,0,0,0,1,0,1,1,1,0,1,0
0,0,1,0,0,0,0,0,1,1,0,1,0,1,1,0,0,0,1,0,0,1,1,-1,0,0
0,0,0,0,0,0,0,0,1,0,0,1,0,1,1,0,0,0,1,0,0,1,1,0,0,0
0,0,1,0,0,0,0,0,0,1,1,0,0,0,1,0,0,0,1,0,1,0,0,0,1,0
0,0,0,0,0,0,0,0,0,0,1,1,0,1,0,0,0,0,1,0,1,0,0,1,1,0
0,0,0,0,0,1,0,0,1,0,0,0,0,0,0,0,0,0,0,0,0,0,2,-1,0,1
0,0,1,1,0,0,0,1,0,0,0,0,0,0,0,0,0,1,1,0,1,1,1,0,2,0
1,0,0,0,0,0,0,0,1,0,0,0,0,0,0,0,0,0,0,0,0,0,1,-1,0,0
0,1,1,0,0,0,0,1,0,1,1,1,0,1,0,0,0,1,1,0,1,1,1,1,2,0
0,1,0,0,0,0,0,1,0,0,0,0,0,0,1,1,0,0,1,0,1,1,1,0,1,0
0,1,1,0,0,1,0,0,1,0,0,1,1,1,1,0,0,0,0,0,0,0,2,0,0,2
0,1,0,0,0,0,0,0,1,1,1,1,0,1,0,0,0,0,1,0,0,0,1,0,0,0
0,0,1,0,0,0,0,0,1,1,1,0,0,1,1,0,0,0,1,0,1,1,1,-1,1,0
0,0,0,1,1,0,0,0,1,1,1,1,0,0,1,0,0,0,1,0,1,1,1,-1,2,0
0,1,0,0,0,0,0,0,1,0,0,0,0,1,0,0,0,0,1,0,1,0,1,0,1,0
0,0,0,0,0,0,0,0,0,1,0,1,0,1,0,0,0,0,1,1,1,0,0,1,2,0
0,1,1,0,0,0,0,0,1,0,1,0,0,0,1,0,0,0,1,0,0,0,1,-1,0,0
0,0,1,1,0,0,0,0,1,0,0,1,0,0,0,0,0,0,1,0,1,1,1,0,1,0
1,0,1,0,0,0,0,0,1,0,0,1,0,0,1,0,0,0,1,0,0,1,1,0,0,0
0,0,1,0,0,0,0,0,1,0,1,0,0,1,1,0,0,0,1,0,0,1,1,-1,0,0
0,0,1,0,0,1,0,0,1,0,0,1,1,1,1,0,0,0,0,0,0,0,2,0,0,3
0,0,1,1,1,0,0,0,0,0,0,1,0,1,0,1,0,0,1,0,0,1,0,-1,1,0
0,0,1,0,0,0,0,0,1,1,1,1,0,1,1,0,0,0,1,0,1,1,1,0,1,0
0,0,1,0,0,1,0,0,1,0,0,1,1,1,1,1,1,0,0,0,0,0,2,0,0,2
0,0,0,0,0,0,0,1,0,1,1,0,0,1,1,0,0,0,1,0,1,1,1,1,1,0
0,0,0,0,1,0,0,1,0,0,1,0,0,0,0,0,0,0,1,0,0,1,1,-1,1,0
0,0,0,0,0,0,0,0,1,0,0,0,0,0,0,0,0,0,1,0,0,0,1,-2,0,0
0,0,1,1,1,0,0,1,0,0,1,0,0,1,1,0,0,1,1,0,1,1,1,1,3,0
0,0,0,0,0,0,0,0,1,0,0,0,0,1,1,1,0,0,1,0,0,0,1,1,0,0
0,0,0,0,0,0,0,0,1,0,0,0,0,0,1,0,0,0,1,0,1,0,1,-1,1,0
0,0,0,0,0,1,0,0,1,0,0,1,0,1,0,0,0,0,0,0,0,0,2,0,0,1
0,0,0,0,0,0,0,0,1,0,0,1,0,1,0,0,0,0,1,0,1,0,1,1,1,0
0,0,1,0,0,0,0,0,1,1,1,0,0,0,1,0,0,0,1,0,0,1,1,-1,0,0
0,0,0,0,0,0,0,0,1,0,1,1,0,0,0,0,0,0,1,0,1,0,1,0,1,0
0,0,1,0,0,0,0,0,1,0,0,1,0,0,1,0,0,0,1,0,0,0,1,-1,0,0
0,0,0,0,0,0,0,0,1,1,1,1,0,1,0,0,0,0,1,0,0,1,1,0,0,0
0,0,0,0,1,0,0,0,1,0,1,1,0,0,1,0,0,0,1,0,0,0,1,-2,1,0
0,0,0,0,1,0,0,0,1,0,1,0,0,0,0,0,0,0,1,1,0,1,1,-2,2,0
0,1,0,0,0,0,0,0,1,0,0,1,1,1,1,1,1,0,0,0,1,0,1,1,1,2
0,0,0,0,0,0,0,0,1,0,0,1,0,1,0,1,0,0,0,0,0,0,1,1,0,0
0,0,0,0,0,0,0,0,0,0,0,1,1,1,1,0,1,0,0,0,0,0,0,1,0,1
1,0,0,0,0,0,0,0,1,1,0,0,0,0,0,0,0,0,1,0,1,1,1,-1,1,0
0,0,1,0,0,0,0,0,1,0,0,1,1,1,1,1,0,0,0,0,0,0,1,0,0,1
0,0,1,0,0,0,0,0,1,0,0,1,1,1,1,1,0,0,1,0,0,0,1,0,0,1
0,0,0,0,0,0,1,0,1,1,0,0,0,1,1,0,0,0,1,0,0,1,2,0,0,1
0,0,0,0,0,0,0,0,1,1,1,0,0,0,1,0,0,0,1,0,1,1,1,0,1,0
0,0,1,0,0,0,0,0,1,0,0,1,0,1,0,0,0,0,1,0,0,1,1,-1,0,0
0,0,1,1,0,0,0,0,1,0,1,1,0,1,0,0,0,1,1,0,1,1,1,0,2,0
0,0,0,0,0,0,0,0,0,1,1,0,0,0,1,0,0,0,1,0,1,1,0,0,1,0
0,0,0,0,0,0,0,0,1,0,0,1,0,1,1,0,0,0,0,0,0,1,1,1,0,1
0,0,0,1,0,0,0,0,0,0,0,0,0,1,1,0,0,0,1,0,0,0,0,-1,0,0
0,0,0,0,0,1,0,0,1,0,0,0,1,1,0,0,0,0,0,0,0,0,2,-1,0,3
0,1,0,0,0,0,0,0,0,1,1,0,0,1,1,0,0,0,1,0,0,1,0,0,0,0
0,1,0,0,0,0,0,0,1,0,0,1,0,1,1,0,0,0,1,0,0,1,1,0,0,0
0,0,0,0,0,0,0,0,1,0,0,0,0,1,1,0,0,0,0,0,0,0,1,1,0,0
0,0,1,0,0,0,0,0,1,0,0,1,0,0,1,0,0,0,1,0,0,0,1,0,0,0
0,0,0,0,0,0,0,0,1,0,0,0,0,0,1,0,0,0,1,0,1,1,1,0,1,0
0,0,0,0,0,0,0,0,0,0,0,0,0,1,0,0,0,0,1,0,1,0,0,1,1,0
0,0,1,0,0,1,0,0,1,0,0,1,1,1,1,1,1,0,0,0,0,0,2,0,0,3
0,0,0,0,0,0,0,0,1,0,0,0,0,0,0,0,0,0,1,1,0,1,1,-2,1,0
0,0,1,0,0,1,0,0,1,0,0,1,1,1,1,1,1,0,0,0,0,0,2,1,0,2
0,0,1,0,0,1,0,0,1,0,0,1,1,1,0,0,0,0,0,0,1,0,2,1,1,2
0,0,1,0,0,1,0,0,1,0,0,0,0,1,0,0,1,0,0,0,0,0,2,-1,0,2
0,0,1,0,0,0,0,0,0,1,1,0,0,0,1,0,0,0,1,0,1,1,0,-1,1,0
0,1,0,0,0,1,0,0,1,0,0,1,1,1,0,1,0,0,0,0,0,0,2,1,0,2
0,0,0,0,1,0,0,1,0,1,1,0,0,0,1,0,0,0,1,0,1,1,1,0,2,0
0,0,1,0,0,0,0,0,1,0,0,1,0,1,1,0,0,0,1,0,0,1,1,0,0,0
0,1,0,0,0,0,0,0,1,1,1,0,0,0,1,0,0,0,1,0,1,1,1,-2,1,0
0,0,1,0,0,0,0,0,1,0,0,0,0,0,1,1,0,0,1,0,0,0,1,-1,0,0
0,0,0,0,0,0,0,0,0,0,0,0,1,0,0,0,0,0,0,0,0,1,0,0,0,1
0,1,0,0,0,1,0,0,1,0,0,1,0,1,1,0,0,0,1,0,0,0,2,1,0,1
0,0,0,0,0,0,0,0,1,1,1,0,0,0,0,0,0,0,1,0,0,0,1,-2,0,0
0,0,1,0,0,0,0,0,1,0,1,1,0,0,0,0,0,0,1,0,0,1,1,-1,0,0
0,0,1,0,0,0,0,0,1,0,0,0,0,1,1,0,0,0,1,0,1,0,1,0,1,0
0,1,1,0,0,0,0,0,1,0,0,1,0,1,1,1,0,0,1,0,0,1,1,-1,0,0
0,1,0,0,0,0,0,0,0,1,1,1,0,1,0,0,0,0,1,0,0,1,0,1,0,0
0,0,1,0,0,0,0,0,1,0,0,1,0,1,1,0,0,0,1,1,0,1,1,-1,1,0
1,0,1,1,1,0,0,1,0,0,0,0,0,0,0,0,0,1,1,1,1,1,1,0,4,0
0,0,0,0,0,0,0,0,0,0,1,1,0,1,1,0,0,0,1,0,0,1,0,0,0,0
0,0,0,0,0,0,0,0,0,1,1,0,0,0,1,0,0,0,1,0,0,0,0,-2,0,0
0,0,0,0,0,0,0,0,1,0,0,1,0,0,0,0,0,0,1,0,1,0,1,0,1,0
0,0,1,0,0,1,0,0,0,0,0,0,0,0,0,0,0,0,0,0,1,1,1,-1,1,1
1,0,0,0,0,0,0,0,1,1,1,1,0,0,0,0,0,0,1,0,1,1,1,0,1,0
0,0,1,0,0,0,0,0,1,0,1,1,0,1,1,0,0,0,1,0,1,1,1,0,1,0
0,0,0,0,0,0,0,0,1,0,0,1,1,1,1,1,0,0,1,0,0,1,1,0,0,1
1,1,0,0,0,1,0,1,1,0,0,0,0,1,0,0,0,0,0,0,1,0,3,1,1,1
1,0,0,0,0,0,0,0,0,0,0,0,0,0,0,0,0,0,0,0,1,1,0,0,1,0
0,0,1,1,0,0,0,0,1,0,1,1,0,1,1,0,0,1,1,1,0,1,1,-1,2,0
0,0,0,0,0,1,0,0,1,0,0,0,0,1,0,0,0,0,0,0,1,0,2,1,1,1
0,0,1,0,0,0,0,0,0,0,0,1,0,0,0,0,0,0,1,0,0,1,0,0,0,0
0,1,0,0,0,0,0,0,1,0,0,1,0,1,1,0,0,0,1,0,1,1,1,1,1,0
0,0,0,0,0,1,0,0,1,0,0,1,1,1,1,0,1,0,0,0,0,0,2,1,0,2
0,0,1,0,0,0,0,0,1,0,0,1,0,0,1,0,0,0,1,0,0,1,1,-1,0,0
0,0,1,0,0,0,0,1,0,0,0,0,0,0,0,0,0,1,0,0,1,1,1,0,2,0
0,0,0,0,1,0,0,0,1,1,1,0,0,1,1,0,0,0,1,0,1,0,1,0,2,0
0,0,0,1,0,0,0,0,0,0,0,1,0,1,1,0,0,0,1,1,0,1,0,-1,1,0
0,0,0,0,0,0,0,0,1,0,0,1,0,1,1,0,0,0,1,0,1,1,1,1,1,1
0,1,1,0,1,0,0,1,0,1,1,0,0,0,0,0,0,1,1,0,1,1,1,-1,3,0
0,0,0,1,1,0,0,0,1,0,1,0,0,0,0,0,0,1,1,0,1,1,1,-1,3,0
0,1,0,1,0,0,0,0,0,1,1,1,0,1,0,0,0,1,1,0,1,1,0,0,2,0
0,0,1,1,0,0,0,0,0,0,0,1,0,1,0,0,0,0,1,0,0,1,0,1,0,0
0,0,0,0,1,0,0,0,1,0,0,1,0,1,1,0,0,0,1,0,0,1,1,1,1,0
1,0,0,0,0,0,0,0,0,0,0,0,0,0,0,0,0,0,1,0,0,1,0,0,0,0
0,1,0,0,0,0,0,0,1,0,0,1,0,1,0,0,0,0,0,0,1,0,1,1,1,0
0,0,0,1,0,0,0,0,1,0,1,0,0,1,1,0,0,0,1,0,0,1,1,-1,0,0
0,0,0,0,0,0,0,0,1,1,1,1,0,1,0,0,0,0,1,0,1,0,1,0,1,0
0,0,1,0,1,0,0,0,1,0,0,1,0,1,0,0,0,0,1,0,1,1,1,1,2,0
0,0,0,1,0,0,0,1,0,1,1,0,0,0,0,0,0,1,1,0,1,1,1,-1,2,0
0,1,1,0,0,1,0,0,1,0,0,1,1,1,1,1,1,0,0,0,0,0,2,0,0,3
0,0,0,0,0,0,0,0,1,0,0,1,0,1,1,0,0,0,1,0,1,0,1,0,1,0
0,0,1,0,0,0,0,0,1,1,1,1,0,1,0,0,0,0,1,0,0,1,1,-1,0,0
1,1,1,0,0,0,0,0,1,0,0,1,0,1,0,0,0,0,1,0,1,1,1,1,1,0
0,0,0,0,0,0,0,0,1,0,0,1,1,1,1,1,1,0,0,0,0,0,1,-1,0,3
0,0,0,0,0,0,0,0,1,0,1,0,0,0,1,0,0,0,1,0,0,1,1,0,0,0
1,0,0,0,0,0,0,0,0,0,0,1,0,0,1,0,0,0,1,0,0,0,0,-1,0,0
0,0,1,0,0,0,0,1,0,1,1,1,0,1,0,0,0,1,1,0,1,1,1,1,2,0
0,0,0,1,0,0,0,0,1,0,1,1,0,1,1,0,0,0,1,0,0,1,1,0,0,0
0,0,0,0,0,0,0,0,1,0,1,0,0,1,1,0,0,0,1,0,0,0,1,0,0,1
0,0,0,0,0,0,0,0,1,1,1,0,0,1,1,1,0,0,1,0,0,1,1,-1,0,0
0,0,1,1,1,0,0,1,0,0,1,0,0,0,0,0,0,1,1,0,1,1,1,-1,3,0
1,1,1,0,1,0,0,0,1,0,1,0,0,0,0,0,0,0,1,0,1,1,1,0,2,0
0,1,1,0,0,0,0,0,1,1,1,1,0,1,1,0,1,0,1,0,0,0,1,-1,0,0
0,1,0,0,0,1,0,0,1,0,0,1,1,1,0,1,1,0,0,0,0,0,2,0,0,2
0,0,0,0,0,0,0,0,0,1,0,0,0,0,0,0,0,0,1,0,1,1,0,0,1,0
0,0,0,0,0,0,0,0,1,0,0,1,0,0,1,0,0,0,1,0,0,1,1,0,0,0
0,1,1,0,0,1,0,0,1,0,0,1,1,1,1,1,0,0,0,0,0,0,2,-1,0,2
0,1,1,1,0,0,0,0,0,0,0,1,0,1,1,0,0,0,1,0,0,1,0,1,0,0
0,0,0,0,0,1,0,0,1,0,0,1,0,1,0,0,0,0,0,0,0,1,2,0,0,1
0,0,1,0,0,0,0,0,1,0,0,1,0,1,0,0,0,0,0,0,1,0,1,1,1,0
0,1,0,0,0,0,1,0,1,0,0,1,0,1,1,0,0,0,1,0,0,1,2,-1,0,0
0,0,1,0,0,0,0,0,1,1,1,0,0,0,1,0,0,0,1,0,1,0,1,-1,1,0
0,0,1,0,0,1,0,0,0,0,0,1,1,1,1,1,0,0,0,0,0,0,1,1,0,2
0,1,0,0,0,0,1,0,1,0,0,1,0,1,1,1,0,0,1,0,0,1,2,-1,0,0
0,0,1,0,0,1,0,0,1,0,0,1,0,1,1,1,0,0,0,0,0,0,2,1,0,2
0,1,1,0,0,1,0,0,0,0,0,1,1,1,0,0,0,0,0,0,0,0,1,1,0,2
0,0,0,0,0,0,0,0,1,0,0,1,1,1,1,1,0,0,0,0,0,1,1,0,0,1
0,0,0,0,0,1,0,0,1,0,0,1,0,1,1,1,0,0,0,0,0,0,2,1,0,1
0,0,1,0,0,0,0,0,1,0,0,0,1,1,1,0,0,0,0,0,0,0,1,0,0,1
0,0,0,0,1,0,0,1,0,0,0,0,0,1,1,0,0,1,1,0,1,1,1,1,3,0
0,0,1,0,0,0,0,0,1,1,1,0,0,0,1,0,0,0,1,0,1,1,1,0,1,0
1,0,1,1,1,0,0,0,1,0,0,1,0,1,0,0,0,0,1,0,0,1,1,1,1,0
0,0,0,0,0,0,0,0,0,1,1,0,0,1,0,0,0,0,1,0,1,0,0,1,1,0
0,1,1,0,0,1,1,0,1,0,0,1,0,1,1,0,0,0,0,0,0,0,3,0,0,1
0,0,1,0,0,0,0,0,0,0,1,0,0,0,0,0,0,0,1,0,1,1,0,0,1,0
0,1,0,0,1,0,0,0,1,0,0,1,0,1,1,0,0,0,1,0,0,1,1,1,1,0
0,0,0,0,0,0,0,0,1,1,1,1,0,0,1,0,0,0,1,0,1,0,1,0,1,0
0,0,0,0,0,0,0,0,0,1,1,1,0,1,1,0,0,0,1,0,1,1,0,0,1,0
0,0,1,0,0,0,0,0,1,1,1,1,0,1,1,0,0,0,1,0,0,0,1,1,0,0
0,0,1,0,0,1,0,0,1,0,0,1,0,1,1,1,0,0,0,0,0,1,2,0,0,1
0,0,0,0,0,0,0,0,1,1,1,0,0,1,1,0,0,0,1,0,0,1,1,1,0,0
0,0,0,1,1,0,0,0,1,0,1,0,0,0,1,0,0,0,1,0,0,1,1,-1,1,0
0,0,1,0,0,0,0,0,1,1,1,0,0,0,1,0,0,0,1,0,1,1,1,-1,1,0
0,0,1,0,0,0,0,0,0,1,1,1,0,1,1,0,0,0,1,0,1,1,0,1,1,0
0,0,1,0,0,1,0,0,1,0,0,1,1,1,0,0,0,0,0,0,0,0,2,1,0,2
0,0,0,0,0,0,0,1,0,1,1,0,0,0,0,0,0,1,1,0,1,1,1,-1,2,0
0,0,1,1,0,0,0,0,0,0,0,1,0,1,1,0,0,0,1,0,1,0,0,0,1,0
0,1,1,0,0,1,0,0,1,0,0,1,1,1,1,0,0,0,0,0,0,0,2,1,0,2
0,1,0,0,0,0,0,0,1,0,0,1,0,0,1,0,0,0,1,0,0,1,1,0,0,0
0,1,1,0,0,1,0,0,1,0,0,1,1,1,1,0,0,0,0,0,0,0,2,1,0,2
0,0,0,0,0,1,0,0,1,0,0,0,1,1,1,0,0,0,0,0,0,0,2,1,0,2
0,0,0,1,1,0,0,1,0,1,1,1,0,0,0,0,0,1,1,0,1,1,1,0,3,0
0,0,0,1,0,0,0,0,0,0,1,1,0,1,0,0,0,0,1,0,1,1,0,0,1,0
1,0,1,0,1,0,0,0,1,0,1,0,0,0,0,0,0,0,1,0,1,0,1,0,2,0
0,1,0,0,0,1,0,0,1,0,0,1,1,1,1,1,0,0,0,0,0,0,2,0,0,3
1,0,0,0,0,1,0,0,1,0,0,1,1,0,0,0,0,0,0,0,0,0,2,-1,0,2
0,1,0,0,0,0,0,0,0,1,1,1,1,1,0,0,0,0,1,0,1,0,0,1,1,1
0,1,1,0,0,0,0,0,1,0,0,1,0,1,1,0,0,0,1,0,0,1,1,0,0,0
0,0,1,0,0,0,0,0,1,0,0,1,0,1,1,0,0,0,0,0,0,1,1,-1,0,0
0,0,1,0,0,0,0,0,1,0,0,1,1,1,0,0,0,0,1,0,0,0,1,1,0,1
0,0,1,0,0,0,0,0,1,0,0,1,0,1,0,0,0,0,1,0,1,1,1,0,1,0
0,1,0,0,0,1,0,0,1,0,0,1,1,1,1,1,1,0,0,0,0,0,2,0,0,2
0,1,0,0,0,1,0,0,1,0,0,0,1,1,0,1,1,0,0,0,1,0,2,1,1,2
0,1,0,0,0,1,0,0,1,0,0,1,0,1,1,0,0,0,0,0,0,0,2,-1,0,1
0,0,0,0,0,0,0,0,1,0,0,0,0,0,1,0,0,0,1,0,0,0,1,-1,0,1
0,0,0,0,0,1,0,0,1,0,0,1,0,1,1,0,0,0,0,0,0,0,2,1,0,1
1,0,1,0,1,0,0,0,1,0,1,0,0,0,0,0,0,0,1,0,0,1,1,-1,1,0
0,0,1,0,0,0,0,0,0,0,0,0,0,0,1,0,0,1,0,0,1,1,0,-1,2,0
0,0,0,0,0,0,0,0,0,1,1,0,0,0,1,0,0,0,1,0,0,0,0,0,0,0
0,0,0,0,0,1,0,0,1,1,1,1,0,1,0,0,0,0,1,0,1,0,2,1,1,1
0,0,1,0,0,0,0,0,1,0,0,1,0,1,0,0,0,0,0,0,0,0,1,1,0,0
1,0,0,0,0,1,0,0,0,0,0,0,0,0,0,0,0,0,1,0,0,0,1,-1,0,1
0,0,0,0,0,0,0,0,1,1,1,0,0,1,1,0,0,0,1,0,1,0,1,1,1,0
0,0,0,0,0,0,0,0,1,0,1,0,0,1,0,0,0,0,1,0,0,1,1,0,0,0
0,0,0,0,0,0,0,0,0,0,0,1,0,1,0,0,0,0,1,0,0,1,0,1,0,0
0,0,1,0,0,0,0,0,1,0,0,0,0,0,1,0,0,0,0,0,0,0,1,0,0,0
0,0,0,0,0,0,0,0,0,1,1,1,0,0,0,0,0,0,1,0,0,0,0,-1,0,0
0,0,0,0,0,0,0,1,0,0,1,0,0,1,1,0,0,1,1,1,1,1,1,1,3,0
0,0,0,0,0,0,0,0,1,0,0,1,0,0,0,0,0,0,1,0,1,0,1,0,1,0
0,0,1,1,0,0,0,1,0,0,0,1,0,1,0,0,0,1,0,0,1,1,1,1,2,0
0,0,0,0,0,1,0,0,1,0,0,1,1,1,0,1,0,0,0,0,0,0,2,1,0,2
1,1,1,0,0,1,0,0,1,0,0,1,1,1,0,0,0,0,0,0,0,0,2,1,0,2
0,1,1,0,0,1,0,0,1,0,0,1,1,1,1,1,0,0,0,0,0,0,2,0,0,2
1,0,1,0,0,0,0,0,1,0,1,0,0,0,1,0,0,0,1,0,1,1,1,0,1,0
0,0,1,0,0,1,0,0,1,0,0,1,1,1,1,0,1,1,0,0,0,0,2,0,1,2
1,1,1,0,0,1,0,0,1,0,0,1,0,1,0,0,0,0,0,0,1,0,2,0,1,1
0,1,1,0,0,1,0,0,1,0,0,1,1,1,1,0,0,0,0,0,0,0,2,0,0,3
0,0,0,0,0,0,0,0,1,0,1,1,1,1,1,0,0,0,1,0,0,0,1,1,0,1
0,0,1,0,1,0,0,0,1,1,1,1,0,1,1,0,0,0,1,0,0,1,1,-1,1,0
1,0,1,0,0,0,0,0,1,0,0,1,0,1,0,0,0,0,0,0,1,0,1,1,1,0
0,0,0,0,0,0,0,0,1,0,0,0,0,0,1,1,0,0,1,0,0,0,1,-1,0,0
0,0,0,0,0,0,0,0,1,1,1,1,0,0,1,0,0,0,1,0,1,0,1,-1,1,0
0,1,1,0,0,0,0,0,1,1,0,1,0,1,1,0,0,0,1,0,0,0,1,0,0,0
0,1,1,0,0,0,0,0,1,0,0,1,0,1,1,1,0,0,1,0,0,0,1,0,0,0
0,0,1,1,1,0,0,0,1,0,0,0,0,0,0,0,0,1,1,0,1,1,1,0,3,0
0,0,0,0,0,0,0,1,0,0,0,0,0,1,1,0,0,0,0,0,1,0,1,1,1,0
0,0,1,0,0,1,0,0,1,0,0,1,0,1,0,0,0,0,0,0,0,0,2,0,0,1
0,0,0,1,1,0,0,1,0,1,1,0,0,0,0,0,0,1,1,0,0,1,1,-1,2,1
0,0,0,0,0,0,0,0,1,1,1,0,0,0,0,0,0,0,1,0,1,1,1,-1,1,0
1,0,0,0,0,0,0,0,1,0,1,0,0,0,0,0,0,0,1,0,1,0,1,0,1,0
0,1,0,0,0,0,0,0,1,0,0,1,0,1,1,0,0,0,1,0,0,0,1,0,0,0
0,0,1,1,1,0,0,0,1,0,0,1,0,1,1,0,0,0,1,0,1,0,1,0,2,0
0,0,1,0,0,0,1,0,1,1,0,1,0,1,1,0,0,0,1,0,0,1,2,1,0,0
0,0,0,0,0,0,0,1,0,1,1,0,0,0,1,0,0,1,1,0,1,1,1,0,2,0
0,0,1,0,0,0,0,0,1,0,0,1,0,1,1,0,0,0,1,0,0,0,1,1,0,0
0,0,1,0,1,0,0,0,1,1,1,0,0,0,0,1,0,0,0,0,1,1,1,0,2,0
0,1,1,0,0,0,0,0,1,0,0,1,0,1,1,0,0,0,1,0,0,1,1,1,0,0
0,0,0,0,0,0,0,0,0,0,0,0,0,0,1,0,0,0,1,0,1,0,0,0,1,0
0,0,1,0,0,0,0,0,0,1,1,0,0,0,0,0,0,0,1,0,1,1,0,0,1,0
0,0,1,1,0,0,0,0,1,0,0,1,0,0,0,0,0,0,1,0,0,1,1,-1,0,0
0,0,1,0,0,0,0,0,1,1,1,1,0,1,1,0,0,0,1,0,0,0,1,0,0,0
0,0,1,0,0,0,0,0,0,0,0,1,1,1,0,0,0,0,0,0,0,0,0,-1,0,1
0,0,0,0,0,0,0,0,1,1,1,1,0,1,1,0,0,0,1,0,1,0,1,0,1,0
0,0,0,0,0,0,0,1,0,0,0,1,0,1,1,0,0,1,1,1,1,1,1,0,3,0
0,0,0,0,0,0,0,0,1,0,1,0,0,1,0,0,0,0,1,0,1,1,1,0,1,0
0,0,0,0,0,0,0,0,1,1,1,0,0,0,1,0,0,0,1,0,1,1,1,0,1,0
0,0,0,0,0,0,0,0,1,0,0,1,0,1,1,0,0,0,0,0,0,0,1,1,0,0
0,0,1,0,0,0,0,0,0,1,1,0,0,1,0,0,0,0,1,0,0,1,0,1,0,0
0,0,0,0,1,0,0,0,1,0,1,1,0,1,0,0,0,0,1,0,1,1,1,0,2,0
0,0,0,0,0,0,0,1,0,0,0,1,0,1,1,0,0,0,1,0,1,0,1,1,1,0
0,0,1,0,0,0,0,0,1,1,1,1,0,1,0,0,0,0,1,0,0,1,1,-1,0,0
1,0,0,0,0,0,0,0,1,1,1,1,0,0,0,0,0,0,1,0,0,0,1,0,0,0
0,1,1,0,0,1,0,0,1,0,0,1,1,1,1,0,1,0,0,0,0,1,2,0,0,2
0,0,0,1,1,0,0,1,0,0,0,1,0,0,0,0,0,1,1,0,1,1,1,0,3,0
0,0,0,0,0,0,0,0,1,0,0,0,0,0,0,0,0,0,1,0,1,0,1,0,1,0
0,0,0,0,0,0,0,0,1,1,1,1,0,1,0,0,0,0,1,0,1,0,1,0,1,0
0,0,0,0,0,0,0,0,1,0,1,0,0,0,0,0,0,0,1,0,1,1,1,0,1,0
0,1,1,0,0,0,0,0,1,1,1,0,0,1,1,0,0,0,1,0,0,0,1,0,0,0
0,0,0,0,0,0,0,0,1,0,0,0,1,1,1,0,0,0,0,0,0,0,1,1,0,1
0,0,0,0,0,0,0,0,1,1,1,0,0,1,1,0,0,0,1,0,0,0,1,0,0,0
0,0,1,0,0,0,0,1,0,0,1,0,0,0,1,0,0,1,1,0,1,1,1,-1,2,0
0,0,1,0,0,0,0,0,1,0,0,1,0,1,0,0,0,0,0,0,0,0,1,0,0,1
0,1,0,0,0,1,1,0,1,0,0,1,1,1,1,1,0,0,0,0,0,0,3,1,0,2
0,0,0,0,0,0,0,0,1,0,1,0,0,1,0,0,0,0,1,0,0,0,1,0,0,0
0,0,0,0,0,0,0,0,1,0,0,0,0,1,1,0,0,0,1,0,1,0,1,1,1,0
0,0,1,0,1,0,0,0,1,0,0,1,0,0,1,0,0,0,1,0,0,0,1,-1,1,0
0,1,1,0,0,0,0,0,1,1,0,1,0,1,1,0,0,0,1,0,0,0,1,0,0,0
0,0,0,0,1,0,0,0,1,1,1,0,0,0,1,0,0,0,1,0,0,0,1,-1,1,0
0,1,0,0,0,1,0,0,1,0,0,1,0,1,1,0,0,0,0,0,0,0,2,1,0,1
0,0,0,0,0,0,0,0,1,0,1,0,0,1,1,0,0,0,1,0,1,1,1,0,1,0
0,0,0,0,0,0,0,0,0,0,1,0,0,0,0,0,0,0,1,0,1,1,0,-1,1,0
1,0,1,0,0,0,0,0,1,0,0,0,0,1,1,0,0,0,0,0,0,0,1,1,0,0
0,0,1,0,0,0,0,0,1,0,0,1,0,1,1,0,0,0,1,0,0,1,1,1,0,0
0,0,0,0,0,0,0,0,1,0,0,0,0,0,0,0,0,0,1,0,1,0,1,0,1,0
0,0,0,0,0,0,0,0,1,0,1,0,0,0,1,0,0,0,1,1,0,1,1,-2,1,1
0,0,1,0,0,0,0,0,0,0,1,1,0,1,0,0,0,0,1,0,0,1,0,1,0,0
0,0,0,0,0,1,0,0,1,0,0,1,1,1,1,0,0,0,0,0,0,0,2,-1,0,2
0,1,1,0,0,1,0,1,0,0,0,0,0,1,1,0,0,0,0,0,0,0,2,1,0,1
0,0,1,1,1,0,0,0,1,1,1,1,0,0,0,0,0,0,1,0,0,1,1,0,1,0
0,1,0,0,0,0,0,0,1,0,0,1,0,1,0,1,0,0,1,0,0,0,1,0,0,0
0,0,0,0,0,0,0,0,0,0,1,0,0,0,1,0,0,1,1,0,1,1,0,0,2,0
0,1,0,0,0,1,0,0,1,0,0,0,0,1,0,1,0,0,0,0,0,0,2,0,0,1
1,0,0,0,0,0,0,1,0,0,1,1,0,0,0,0,0,0,1,0,0,0,1,0,0,0
0,0,0,0,0,0,0,0,1,1,1,0,0,0,0,0,0,0,1,0,0,0,1,-1,0,0
0,1,0,0,0,1,0,0,1,0,0,1,1,1,0,0,0,0,0,0,0,0,2,1,0,2
0,0,0,0,0,0,0,1,0,1,1,0,0,0,0,0,0,0,1,0,1,0,1,-1,1,0
0,0,0,0,0,1,0,0,1,0,0,0,0,0,0,0,0,1,0,0,1,0,2,0,2,1
0,0,0,0,0,0,0,0,1,0,0,1,0,0,1,0,0,0,1,0,1,1,1,-1,1,0
0,0,1,0,0,0,0,0,1,0,0,0,0,0,1,1,0,0,1,0,0,0,1,-1,0,0
0,1,0,0,0,1,1,0,1,0,0,1,1,1,0,0,0,0,0,0,0,0,3,1,0,2
0,0,1,0,0,0,0,0,0,0,0,1,0,1,0,0,0,1,1,0,0,1,0,0,1,0
0,0,0,0,1,0,0,0,1,0,0,0,0,0,1,1,0,0,1,0,0,0,1,-2,1,0
0,0,1,0,0,0,0,0,1,0,0,0,0,0,1,1,0,0,0,0,0,0,1,-2,0,0
0,0,0,0,0,0,0,0,1,1,1,1,0,1,0,0,0,0,1,0,1,1,1,1,1,0
0,1,1,0,0,0,1,0,1,0,0,1,0,1,1,0,0,0,1,0,0,0,2,-1,0,0
0,0,0,0,0,1,0,0,1,0,0,0,0,1,1,0,0,0,0,0,0,1,2,0,0,2
0,1,0,0,1,0,0,0,1,1,1,1,0,0,0,0,0,0,1,0,0,0,1,-2,1,0
1,0,0,0,1,0,0,0,1,0,1,0,0,0,0,0,0,1,1,0,1,0,1,0,3,0
1,0,1,0,0,0,0,0,1,1,1,0,0,0,0,0,0,0,1,0,0,1,1,-1,0,0
0,0,0,0,0,0,1,0,1,0,0,0,0,1,1,0,0,0,1,1,0,1,2,0,1,0
0,0,1,0,1,0,0,0,1,0,0,1,0,1,1,0,0,0,1,0,0,0,1,1,1,0
0,1,0,0,0,1,0,0,1,0,0,1,1,1,0,1,1,0,0,0,0,0,2,0,0,2
0,0,0,0,0,0,0,0,1,0,0,1,0,1,0,0,0,0,0,0,0,0,1,0,0,0
0,1,1,0,0,0,0,0,1,0,0,1,0,1,0,0,0,0,1,0,0,1,1,1,0,0
0,1,0,0,0,0,0,0,1,0,0,1,1,1,0,0,0,0,1,0,0,0,1,1,0,1
0,0,0,1,1,0,0,0,1,0,0,0,0,1,1,0,0,0,0,0,0,1,1,0,1,1
0,1,1,0,0,1,0,0,1,0,0,1,0,1,0,0,0,0,0,0,0,0,2,-1,0,1
0,1,1,0,0,0,0,0,1,0,0,1,0,1,0,0,0,0,1,0,0,0,1,1,0,0
0,1,1,0,0,1,0,0,1,0,0,1,1,1,1,1,0,0,0,0,0,0,2,0,0,2
0,1,1,0,0,1,1,0,1,0,0,1,0,1,0,0,1,0,0,0,0,0,3,0,0,1
0,0,1,0,0,0,0,0,1,1,1,0,0,0,0,0,0,0,1,0,1,1,1,0,1,0
0,0,0,0,0,1,0,0,1,1,1,1,0,1,0,0,0,0,1,0,1,1,2,1,1,1
0,0,0,0,0,1,0,0,1,0,0,0,0,0,0,0,0,0,0,0,0,0,2,-2,0,1
0,0,0,0,0,0,0,0,1,0,0,0,0,0,1,0,0,0,1,0,1,0,1,0,1,0
0,1,1,0,0,1,0,0,1,0,0,1,0,1,1,1,0,0,0,0,0,0,2,0,0,1
0,0,1,0,0,1,0,0,1,0,0,1,0,1,1,0,1,0,0,0,0,0,2,1,0,1
0,1,1,0,0,0,0,0,1,0,0,1,0,1,0,0,0,0,1,0,1,1,1,0,1,0
0,0,1,1,1,0,0,0,1,1,1,0,0,1,0,0,0,0,1,0,0,1,1,1,1,0
0,0,0,0,0,0,0,0,1,1,1,1,0,1,1,0,0,0,1,0,1,0,1,0,1,0
0,0,1,0,1,0,0,0,1,1,1,0,0,1,0,1,0,0,1,0,0,0,1,-1,1,0
0,0,0,0,0,0,0,0,1,0,0,1,0,1,1,0,0,0,1,0,0,0,1,1,0,0
0,1,1,0,0,0,0,0,1,0,0,1,0,1,1,0,0,0,1,0,0,1,1,0,0,0
1,0,0,0,0,0,0,0,1,0,0,0,0,0,0,0,0,0,0,0,1,1,1,0,1,0
0,0,1,0,0,0,0,0,1,0,1,0,0,0,0,0,0,0,1,0,1,1,1,-1,1,0
0,0,1,0,0,0,0,0,1,0,0,1,0,0,1,0,0,0,1,0,0,1,1,-2,0,0
1,0,0,0,0,0,0,0,0,0,0,0,0,0,0,0,0,0,1,0,1,0,0,-1,1,0
0,0,0,0,0,1,0,0,1,0,0,1,0,1,0,0,1,0,0,0,0,0,2,0,0,1
0,0,0,0,0,0,0,0,1,0,0,0,0,0,1,0,0,0,1,0,1,1,1,-2,1,0
1,0,0,0,1,0,0,0,1,0,0,0,0,0,0,0,0,0,1,0,1,0,1,0,2,0
0,0,0,0,0,0,0,0,1,1,1,1,0,1,1,0,0,0,1,0,0,1,1,1,0,0
0,1,1,0,0,0,0,0,1,0,0,1,0,1,0,0,0,0,1,0,1,0,1,1,1,0
0,0,0,0,0,0,0,0,1,1,1,1,0,1,0,0,0,0,1,0,0,1,1,0,0,0
0,0,1,0,1,0,0,0,1,1,0,1,0,1,1,0,0,0,1,0,0,1,1,-1,1,0
0,0,0,0,0,0,0,1,0,0,1,1,0,1,1,0,0,0,1,0,0,1,1,1,0,0
0,0,1,0,0,1,0,0,1,0,0,1,1,1,1,0,0,0,0,0,0,1,2,0,0,2
0,1,0,0,0,0,0,0,1,1,1,0,0,0,1,0,0,0,1,0,0,1,1,-1,0,0
0,0,0,0,0,0,0,0,0,1,1,0,0,0,0,0,0,0,1,0,1,1,0,-1,1,0
0,0,0,1,0,0,0,0,0,1,1,1,0,1,1,0,0,0,1,0,0,1,0,-1,0,0
0,0,1,0,0,0,0,0,1,1,1,0,0,1,1,0,0,0,1,0,0,1,1,-1,0,0
0,0,1,1,1,0,0,0,1,0,0,1,0,1,0,0,0,0,1,0,0,1,1,0,1,0
0,0,0,0,0,0,0,0,1,1,0,0,0,1,1,0,0,0,1,0,0,0,1,1,0,0
1,0,0,0,0,0,0,0,0,0,1,0,0,0,1,0,0,1,1,0,1,1,0,0,2,0
0,0,0,0,0,0,0,1,0,0,0,0,0,0,1,0,0,0,1,0,0,1,1,-2,0,0
0,0,1,0,0,1,0,0,1,0,0,1,1,1,1,0,1,0,0,0,0,0,2,1,0,2
0,1,1,0,0,1,0,0,0,0,0,1,1,1,1,0,0,0,0,0,0,0,1,1,0,2
0,0,0,0,0,0,0,0,1,1,1,0,0,0,0,0,0,0,1,0,1,0,1,0,1,0
1,0,0,0,0,0,0,0,1,1,0,1,0,1,1,0,0,0,1,0,0,0,1,-1,0,0
0,1,1,0,0,0,0,0,1,1,0,1,0,1,1,0,0,0,1,0,0,0,1,0,0,0
0,0,1,0,1,0,0,0,1,0,0,1,0,0,0,0,0,0,1,0,1,1,1,-2,2,0
0,1,1,0,0,0,0,0,1,1,1,1,0,1,1,0,0,0,1,0,0,0,1,1,0,0
0,0,1,0,0,0,0,1,0,1,1,1,0,0,1,0,0,1,1,0,1,1,1,0,2,0
1,1,0,0,0,0,0,0,1,0,0,0,0,0,0,0,0,1,1,0,1,1,1,-1,2,0
0,0,1,0,0,0,0,0,1,1,1,0,0,1,1,0,0,0,1,0,0,1,1,-1,0,0
0,0,0,0,0,0,1,0,1,0,0,0,0,1,0,0,0,0,1,1,0,1,2,1,1,0
0,0,1,0,0,0,0,0,1,0,0,1,1,1,0,0,0,0,0,0,0,0,1,0,0,1
0,0,1,0,0,0,0,0,1,0,1,0,0,0,0,0,0,1,1,0,1,1,1,0,2,0
0,0,0,0,0,1,0,0,1,0,0,1,0,1,1,0,0,0,0,0,0,0,2,0,0,1
0,0,0,0,0,0,0,0,1,0,1,1,0,1,1,0,0,0,1,0,0,1,1,0,0,0
0,0,0,0,0,0,0,0,1,1,1,1,0,1,1,0,0,0,1,0,0,0,1,0,0,0
0,0,0,0,0,0,0,0,0,1,0,1,0,1,0,0,0,0,1,0,1,1,0,0,1,0
0,1,0,0,0,1,0,0,1,0,0,1,0,1,1,0,0,0,0,0,0,0,2,0,0,1
0,0,0,0,0,0,0,1,0,0,1,0,0,0,0,0,0,0,1,0,1,1,1,-1,1,0
0,1,0,1,1,0,0,0,0,0,0,1,0,0,1,1,0,0,1,0,0,0,0,-1,1,0
0,1,1,0,0,0,0,0,1,1,1,1,0,1,1,0,0,0,1,0,0,0,1,-1,0,0
0,0,1,0,0,0,0,0,1,0,0,1,0,1,1,1,0,0,1,0,0,1,1,-1,0,0
0,0,0,0,0,0,0,0,1,0,0,0,0,0,0,0,0,0,0,0,0,0,1,-1,0,0
0,0,1,0,0,0,0,0,1,0,0,1,0,1,0,0,1,0,1,0,1,0,1,1,1,0
0,0,0,0,0,0,0,0,0,0,1,1,0,0,0,0,0,0,1,0,1,1,0,0,1,0
0,0,1,1,0,0,0,0,0,0,0,1,0,1,1,0,0,0,1,0,0,1,0,-1,0,0
0,1,1,0,0,0,1,0,1,1,0,1,0,1,1,0,0,0,1,0,0,0,2,1,0,0
0,0,1,0,0,0,0,0,1,0,1,1,0,0,1,0,0,0,1,1,0,1,1,-2,1,0
0,0,1,0,0,1,0,0,1,0,0,1,0,0,1,0,0,0,0,1,1,0,2,-2,2,1
1,1,1,0,0,0,0,0,1,0,0,1,0,1,0,0,0,0,1,0,0,0,1,1,0,0
0,1,0,0,0,0,0,0,1,0,0,1,0,1,0,0,0,0,1,0,0,1,1,1,0,0
0,0,1,0,0,0,0,0,1,1,1,1,0,1,1,0,0,0,1,0,0,1,1,1,0,0
0,0,0,0,0,0,0,0,1,0,0,1,0,0,1,1,0,0,1,0,0,0,1,-2,0,0
0,0,1,1,1,0,0,0,1,0,1,0,0,1,1,0,0,0,1,0,0,1,1,0,1,0
0,0,0,0,0,0,0,0,0,0,0,1,1,1,0,0,1,0,0,0,0,0,0,-1,0,2
0,0,0,0,0,0,0,0,1,1,1,1,0,1,1,1,0,0,1,0,0,1,1,-1,0,0
0,0,0,0,0,0,0,0,1,0,0,0,0,0,0,0,0,0,0,0,1,1,1,0,1,0
0,0,0,0,1,0,0,1,0,1,1,0,0,0,1,0,0,1,1,0,1,1,1,-1,3,0
0,0,1,0,0,0,0,0,1,0,0,1,0,0,0,0,0,0,1,0,1,0,1,0,1,1
0,0,0,0,0,0,0,0,0,0,0,1,0,1,0,0,0,0,1,0,0,0,0,0,0,0
0,0,0,1,1,0,0,0,0,0,0,1,0,1,0,0,0,1,1,0,0,1,0,-1,2,0
0,0,0,0,0,0,0,0,1,1,1,1,0,1,1,1,0,0,1,0,0,0,1,-1,0,0
0,1,0,1,1,0,0,0,1,0,0,1,0,1,0,1,0,0,1,0,0,0,1,0,1,0
0,0,1,0,0,0,0,0,1,0,0,1,1,1,1,1,0,0,0,0,0,0,1,0,0,1
0,0,0,0,0,0,0,0,0,0,0,1,0,1,1,0,0,0,1,0,1,0,0,0,1,0
0,0,0,0,0,0,0,1,0,0,0,1,0,1,1,0,0,1,1,0,1,1,1,0,2,0
0,0,0,0,0,0,0,0,1,0,1,1,0,1,1,1,0,0,1,0,0,0,1,0,0,0
0,0,1,0,0,0,0,0,1,1,1,0,0,0,1,0,0,0,1,0,0,1,1,-2,0,0
1,0,1,1,0,0,0,0,0,0,0,1,0,1,0,0,0,0,1,0,0,0,0,1,0,0
0,1,0,0,0,1,0,0,1,0,0,1,1,1,1,1,0,0,0,0,0,0,2,0,0,3
0,0,1,0,0,0,0,0,0,0,0,1,0,0,1,0,0,0,1,0,0,1,0,-2,0,0
1,0,0,0,0,0,0,0,0,0,0,0,0,0,0,0,0,0,1,0,0,1,0,0,0,0
0,1,0,0,0,1,0,0,1,0,0,0,0,0,1,1,0,0,0,0,0,1,2,-1,0,1
0,1,0,0,0,0,0,0,0,0,1,1,0,1,1,0,0,0,1,0,0,1,0,0,0,0
0,0,0,0,1,0,0,0,1,0,1,0,0,1,1,0,0,0,1,0,0,1,1,-1,1,0
0,0,1,0,0,1,0,0,1,0,0,1,1,1,0,1,0,0,0,0,0,0,2,0,0,2
0,0,1,0,0,0,0,0,1,0,0,1,0,1,1,0,0,0,0,0,0,0,1,1,0,0
0,0,1,0,0,0,0,0,1,0,0,1,0,1,1,0,0,0,1,0,0,1,1,-1,0,0
0,1,0,0,0,0,0,0,1,0,0,1,0,1,0,0,0,0,1,0,1,1,1,1,1,0
0,1,1,0,0,0,0,0,1,0,0,0,0,0,0,0,0,1,0,0,1,1,1,0,2,0
0,0,1,0,0,0,0,1,0,0,1,0,0,0,1,0,0,0,1,0,1,1,1,-1,1,0
0,1,1,0,0,1,0,0,1,0,0,1,1,1,1,0,0,0,0,0,0,0,2,0,0,3
0,0,1,0,0,0,0,0,0,1,0,1,0,1,1,0,0,0,1,0,0,0,0,0,0,0
0,1,1,0,0,1,0,0,1,0,0,0,0,0,0,0,0,0,0,0,0,0,2,-1,0,1
0,0,0,0,0,0,0,0,1,0,0,0,0,1,1,0,0,0,1,0,1,1,1,0,1,0
0,0,0,0,0,0,0,0,0,1,1,1,0,1,1,0,0,0,1,0,0,1,0,0,0,0
0,0,1,0,0,0,0,0,1,0,1,0,0,0,1,0,0,0,1,0,0,1,1,-2,0,0
0,0,0,0,0,0,0,0,0,0,0,0,0,0,0,0,0,1,1,0,1,1,0,0,2,0
0,0,0,0,0,0,0,0,1,0,0,1,0,0,1,0,0,0,1,0,1,1,1,0,1,0
0,0,1,0,0,0,0,0,1,0,0,1,0,0,1,0,0,0,1,0,0,0,1,-1,0,0
0,0,0,0,0,0,0,0,1,1,1,1,0,1,0,0,0,0,1,1,1,0,1,1,2,0
1,1,1,0,0,0,0,0,1,0,1,0,0,0,1,0,0,0,1,0,0,0,1,-1,0,0
0,1,0,0,0,0,0,0,1,0,0,0,0,0,1,0,0,0,1,0,0,0,1,-2,0,0
0,1,1,0,0,1,0,0,1,0,0,1,0,1,0,0,0,0,0,0,0,1,2,0,0,1
1,0,0,0,0,0,0,0,0,0,0,0,1,0,0,0,0,0,0,0,0,0,0,-1,0,2
0,0,1,0,1,0,0,0,1,0,0,1,0,0,0,0,0,0,1,0,0,0,1,-1,1,0
0,0,0,0,1,0,0,1,0,0,1,0,0,0,1,0,0,1,1,0,1,1,1,-1,3,0
1,0,1,0,0,0,0,1,0,0,0,0,0,0,0,0,0,1,0,0,0,0,1,0,1,0
0,0,0,0,0,0,0,1,0,0,0,0,0,0,0,0,0,0,1,0,0,1,1,-1,0,0
0,1,0,0,0,1,0,0,1,0,0,1,1,1,1,0,1,0,0,0,0,0,2,0,0,4
1,0,1,0,0,0,0,0,1,0,0,0,0,0,0,0,0,0,0,0,0,1,1,0,0,1
0,0,0,0,0,0,0,0,1,1,1,1,0,1,1,1,0,0,1,0,1,0,1,1,1,0
0,0,1,0,0,0,0,0,1,1,1,1,0,0,1,0,0,0,1,0,0,0,1,-2,0,0
0,1,1,0,0,0,0,1,0,1,1,1,0,1,0,0,0,1,1,0,0,1,1,1,1,0
0,0,0,0,0,0,0,0,1,0,0,0,0,0,0,0,0,0,1,0,1,1,1,0,1,0
0,1,1,0,0,0,0,0,0,1,1,1,0,0,0,0,0,1,1,0,1,1,0,0,2,0
1,0,0,0,0,0,0,0,1,0,0,1,0,0,0,0,0,0,1,0,0,1,1,-1,0,0
0,0,1,0,0,0,0,0,1,0,0,1,1,1,1,0,0,0,0,0,0,1,1,1,0,1
0,0,0,0,0,0,0,0,1,1,1,1,0,1,1,0,0,0,1,0,0,1,1,0,0,1
0,1,1,0,0,0,0,0,1,0,0,1,1,1,1,0,0,0,0,0,0,0,1,0,0,1
0,0,1,0,0,1,0,0,1,0,0,0,0,1,0,0,0,0,0,0,0,0,2,-1,0,1
0,1,1,0,0,0,0,0,1,0,0,0,0,0,1,0,0,0,1,0,1,1,1,-2,1,0
1,0,0,0,0,0,0,0,1,0,0,0,0,0,0,0,0,0,1,0,1,0,1,0,1,0
0,0,1,0,0,0,0,0,1,1,1,1,0,1,1,0,0,0,1,0,0,0,1,0,0,0
0,0,1,0,0,0,0,0,1,0,0,1,0,1,0,0,1,0,0,0,0,0,1,1,0,0
0,0,0,0,0,0,0,0,1,0,0,0,0,0,0,0,1,0,1,0,0,1,1,-2,0,0
0,1,1,0,0,0,0,0,1,0,0,1,0,1,0,0,0,0,1,0,1,1,1,0,1,0
1,0,0,1,1,0,0,1,0,0,1,0,0,0,1,0,0,0,1,0,1,1,1,0,2,0
0,0,0,1,1,0,0,1,0,0,1,1,0,1,1,0,0,1,1,0,1,1,1,0,3,0
0,0,1,0,0,0,0,0,1,0,1,1,0,1,1,0,0,0,1,0,0,0,1,-1,0,0
0,1,0,0,0,0,0,0,0,0,0,1,0,1,0,0,0,0,1,0,0,0,0,1,0,0
1,0,1,1,0,0,0,0,1,1,1,0,0,0,0,0,0,0,1,0,0,1,1,-2,0,0
0,0,0,0,1,0,0,1,0,0,1,1,0,1,1,0,0,0,1,0,0,1,1,-1,1,1
0,0,0,1,0,0,0,0,0,1,1,0,0,0,0,0,0,1,1,0,1,1,0,0,2,0
0,0,1,0,0,0,0,1,0,0,1,1,0,1,0,0,0,1,1,0,1,1,1,1,2,0
0,0,1,0,0,0,0,0,1,1,0,1,0,1,1,0,0,0,1,0,0,0,1,0,0,0
0,1,0,0,0,1,0,0,1,0,0,0,0,1,0,0,0,0,1,0,1,0,2,1,1,1
0,0,1,0,1,0,0,0,1,0,1,1,0,1,0,0,0,0,1,0,0,1,1,0,1,0
0,0,0,0,0,0,0,0,1,0,0,0,0,0,0,1,0,0,0,0,0,1,1,-2,0,0
0,0,0,0,0,0,0,0,1,0,0,0,0,1,1,0,0,0,0,0,0,0,1,0,0,0
0,0,1,0,0,0,0,0,0,0,0,1,0,1,0,0,0,0,1,0,1,1,0,0,1,0
0,0,1,0,1,0,0,1,0,1,1,0,0,0,0,0,0,1,1,0,1,1,1,0,3,0
0,1,0,0,0,1,0,0,1,0,0,1,1,1,1,0,0,0,0,0,0,0,2,0,0,2
0,0,1,1,0,1,0,1,0,0,0,0,0,0,0,0,0,1,0,0,1,1,2,0,2,2
0,0,1,0,0,0,0,0,1,0,0,1,1,1,1,1,0,0,0,0,0,0,1,1,0,2
0,0,1,0,0,0,0,0,1,0,0,1,0,1,0,0,0,0,0,0,0,0,1,0,0,0
0,0,0,0,0,0,0,1,0,0,1,0,0,0,0,0,0,1,1,0,1,0,1,-1,2,0
0,1,0,0,0,1,0,0,1,0,0,1,0,0,0,0,0,0,0,0,0,1,2,0,0,1
0,0,0,1,1,0,0,1,0,1,1,0,0,1,0,0,0,0,1,0,1,1,1,1,2,0
0,1,0,0,0,1,0,1,0,0,0,1,1,1,1,0,0,0,0,0,0,0,2,1,0,2
1,0,1,0,0,0,0,0,1,0,0,0,0,0,0,0,0,0,0,0,1,0,1,0,1,0
0,0,1,0,0,1,0,0,1,0,0,1,0,1,0,0,0,0,0,0,1,0,2,1,1,1
0,0,1,0,1,0,0,0,1,1,1,1,0,1,0,0,0,0,1,0,1,0,1,0,2,0
0,0,0,1,0,0,0,0,1,0,0,0,0,0,0,0,0,1,1,0,1,1,1,0,2,0
0,0,1,0,0,1,0,0,1,0,0,0,0,1,0,0,0,0,0,0,0,1,2,-1,0,1
1,0,1,0,1,0,0,1,0,0,0,0,0,0,0,0,0,1,1,0,0,0,1,0,2,0
0,0,0,0,1,0,0,0,1,0,1,0,0,1,1,0,0,0,1,0,1,1,1,1,2,0
0,0,1,1,0,0,0,0,1,0,0,1,0,1,1,0,0,1,1,0,0,1,1,0,1,0
0,1,0,0,0,0,0,0,1,1,1,0,0,1,0,0,0,0,1,0,0,0,1,0,0,0
0,0,0,1,1,0,0,0,1,1,1,0,0,1,1,0,0,0,1,0,0,1,1,0,1,0
0,0,0,1,0,1,0,0,1,0,0,0,0,0,0,0,0,0,0,0,1,1,2,-1,1,1
0,0,0,1,1,0,0,1,0,0,0,0,0,0,0,0,0,1,1,0,1,1,1,0,3,0
0,0,0,0,0,0,0,0,1,1,0,1,0,1,1,0,0,0,1,0,0,0,1,0,0,0
0,0,0,0,1,0,0,0,1,0,1,1,0,1,1,0,0,0,1,0,0,1,1,-1,1,0
0,0,1,0,0,1,0,0,1,0,0,0,0,1,1,0,0,0,0,0,1,0,2,0,1,1
0,1,0,0,0,0,0,0,1,0,1,1,0,1,0,0,0,0,1,0,0,0,1,1,0,0
0,0,0,0,0,0,0,0,1,0,0,1,0,1,0,0,0,0,1,0,1,0,1,1,1,0
0,1,0,0,0,1,0,0,1,0,0,1,0,1,1,0,0,0,0,0,0,0,2,1,0,1
0,0,0,0,0,1,0,0,1,0,0,1,1,1,0,0,0,0,0,0,0,0,2,0,0,2
0,1,0,0,0,0,0,0,1,1,0,1,0,1,0,0,0,0,1,0,1,1,1,1,1,0
1,1,0,0,0,0,0,0,1,0,0,0,0,1,0,0,0,0,1,0,1,0,1,1,1,1
0,0,0,0,1,0,0,1,0,0,0,1,0,1,1,0,0,0,1,0,1,1,1,1,2,0
0,0,1,0,0,1,0,0,1,0,0,1,0,1,1,0,0,0,0,0,0,0,2,-1,0,1
0,0,0,0,0,0,0,0,0,0,0,0,0,0,1,0,0,1,0,0,1,1,0,-1,2,1
0,0,0,0,0,0,0,0,0,0,1,1,0,0,0,0,0,0,1,0,1,1,0,0,1,0
0,0,1,1,1,0,0,1,0,0,1,1,0,0,0,0,0,1,1,0,0,1,1,0,2,0
0,0,1,0,0,0,0,0,1,0,1,0,0,0,0,1,0,0,1,0,0,1,1,-2,0,0
0,0,0,0,0,0,0,0,1,0,0,0,0,0,1,0,0,0,1,0,0,0,1,0,0,0
0,1,1,0,0,0,0,0,1,0,0,1,1,1,1,0,0,0,0,0,0,0,1,1,0,1
0,0,0,0,1,0,0,0,1,1,1,0,0,0,1,1,0,0,1,0,0,1,1,-1,1,0
0,0,1,0,0,0,0,0,1,0,0,1,0,1,1,0,0,0,1,0,1,1,1,1,1,0
0,0,0,0,0,1,0,1,0,0,0,0,0,0,0,0,0,1,0,0,0,1,2,-1,1,1
0,0,1,0,0,0,0,0,1,0,1,0,0,0,0,0,0,0,1,0,0,1,1,0,0,0
0,0,1,0,0,0,0,0,1,1,1,0,0,0,0,0,0,0,1,0,1,1,1,-1,1,0
0,0,0,0,0,0,0,0,1,1,0,0,0,1,1,0,0,0,1,0,0,0,1,1,0,0
0,1,1,0,0,1,0,0,1,0,0,1,1,1,0,0,1,0,0,0,0,0,2,0,0,2
0,0,0,0,0,0,1,0,1,1,1,0,0,1,1,0,0,0,1,0,0,1,2,0,0,0
1,0,0,0,0,0,0,0,1,0,0,1,0,0,1,0,0,0,1,0,0,0,1,-2,0,0
1,1,1,0,0,0,0,0,1,0,0,1,1,1,1,1,0,0,0,0,0,0,1,1,0,1
0,0,1,0,0,1,0,0,1,0,0,0,0,0,0,0,0,1,0,0,0,0,2,0,1,1
0,0,1,0,0,0,0,0,1,1,1,1,0,1,1,0,0,0,1,0,1,0,1,1,1,0
0,0,1,1,0,1,0,1,0,0,0,0,0,0,1,0,0,1,0,0,1,1,2,0,2,1
0,0,1,0,0,0,0,0,1,0,0,0,0,0,0,0,0,1,0,0,0,1,1,-1,1,0
0,0,1,0,0,1,0,0,1,0,0,1,1,1,1,0,1,0,0,0,0,0,2,0,0,2
0,1,0,0,0,1,0,0,1,0,0,1,0,1,1,1,0,0,0,0,0,0,2,0,0,1
1,0,1,0,0,1,0,0,1,0,0,0,1,1,0,0,0,0,0,0,0,0,2,0,0,2
0,0,0,0,0,0,0,0,0,1,1,1,0,0,1,1,0,0,1,0,0,1,0,-2,0,0
1,0,1,0,0,1,0,0,1,0,0,1,1,1,0,0,0,0,0,0,1,0,2,1,1,2
0,0,0,0,0,0,0,0,1,1,1,0,0,0,1,0,0,0,1,1,0,1,1,-2,1,0
0,1,1,0,0,1,0,0,1,0,0,1,1,1,1,1,0,0,0,0,0,0,2,-1,0,3
0,0,0,0,0,0,0,0,0,0,0,1,1,1,0,0,0,0,0,0,0,1,0,1,0,1
0,1,1,0,0,0,0,0,1,0,0,1,0,1,1,0,0,0,1,0,0,1,1,0,0,0
0,1,0,0,0,0,0,0,1,0,0,1,0,1,1,0,0,0,1,0,0,1,1,1,0,0
0,0,1,0,0,0,0,0,1,1,1,0,0,0,0,0,0,1,1,0,1,1,1,0,2,0
0,0,1,0,0,0,1,0,1,1,1,0,0,0,0,0,0,0,1,0,0,1,2,-1,0,0
0,0,1,0,0,0,0,1,0,1,1,0,0,0,0,0,0,0,1,0,1,1,1,-1,1,0
0,1,0,0,0,0,0,0,1,0,0,1,0,1,0,0,0,0,1,0,0,1,1,1,0,0
0,0,0,0,0,0,0,0,1,1,1,1,0,1,0,0,0,0,1,0,1,0,1,0,1,0
0,1,1,0,0,1,0,0,1,0,0,1,1,1,1,1,0,0,0,0,0,0,2,0,0,2
0,0,0,0,0,0,0,0,1,1,1,0,0,1,0,0,0,0,1,0,0,1,1,1,0,0
0,0,0,0,0,1,0,0,1,0,0,1,0,1,1,1,0,0,0,0,0,0,2,1,0,1
0,0,0,0,0,1,0,0,1,0,0,1,1,1,1,1,0,0,0,0,0,0,2,0,0,2
0,0,1,0,0,0,0,1,0,0,0,0,0,0,0,0,0,1,0,0,0,1,1,-2,1,0
0,0,0,0,1,0,0,0,1,0,1,0,0,0,0,0,0,0,1,0,0,1,1,-1,1,0
0,0,1,0,0,1,0,0,1,0,0,0,0,0,0,0,0,0,0,0,0,0,2,-2,0,1
0,0,0,0,0,0,0,0,1,0,0,1,0,1,1,0,0,0,1,0,0,0,1,1,0,0
0,1,0,0,0,0,0,0,1,1,0,0,0,0,1,0,0,0,1,0,0,0,1,0,0,0
0,1,1,0,0,0,0,0,1,0,1,1,0,1,0,1,0,0,1,0,0,0,1,-1,0,0
0,0,1,1,0,0,0,0,0,1,1,1,0,1,1,0,0,0,1,0,1,1,0,0,1,0
0,0,1,0,0,0,0,0,1,1,1,1,0,1,1,0,0,0,1,0,0,1,1,-1,0,0
1,0,1,0,0,0,0,0,1,0,0,0,0,0,0,0,0,0,1,0,1,1,1,-1,1,0
0,0,1,0,0,0,0,0,1,0,0,1,0,1,1,0,0,0,1,0,0,0,1,0,0,0
0,0,1,0,0,0,0,0,1,0,1,1,0,1,0,0,0,0,1,0,0,0,1,-1,0,0
0,1,0,0,0,0,0,0,1,0,0,1,1,1,1,1,0,0,0,0,0,0,1,1,0,1
1,0,1,0,0,0,0,0,1,0,0,1,0,0,0,0,0,0,1,0,0,1,1,-1,0,0
0,0,1,0,0,1,0,0,1,0,0,1,1,1,0,0,0,0,0,0,0,0,2,0,0,2
0,0,0,0,0,0,0,0,1,1,1,0,0,0,0,0,0,0,1,0,1,1,1,0,1,0
0,0,1,0,0,0,0,0,1,0,0,1,0,1,1,0,0,0,1,0,0,0,1,1,0,0
1,0,0,0,0,1,0,0,1,0,0,0,1,1,0,0,0,0,0,0,0,0,2,1,0,2
0,0,1,0,0,0,0,0,1,0,0,1,1,1,1,1,0,0,0,0,0,0,1,1,0,1
0,0,0,0,0,1,0,0,1,0,0,1,0,1,0,0,0,0,1,0,0,0,2,1,0,1
1,0,1,0,0,0,0,0,1,0,0,0,0,0,0,0,0,1,0,0,0,0,1,0,1,1
0,0,0,0,0,0,0,0,1,1,1,0,0,0,1,1,0,0,1,0,1,0,1,-1,1,0
0,1,0,1,0,0,0,0,1,0,0,1,0,1,1,0,0,0,1,0,0,0,1,1,0,0
0,0,1,0,0,1,0,0,1,0,0,1,0,1,0,0,0,0,0,0,0,1,2,0,0,1
0,0,1,0,0,1,0,0,1,0,0,1,1,1,1,0,0,0,0,0,0,0,2,0,0,2
1,0,0,0,0,1,0,0,1,0,0,0,0,0,0,0,0,0,0,0,1,0,2,0,1,1
0,0,1,1,1,0,0,0,1,1,1,1,0,1,1,0,0,0,1,0,0,1,1,-1,1,0
1,0,0,0,0,0,0,0,1,0,0,0,0,0,0,0,0,0,1,0,1,1,1,0,1,0
0,1,1,0,0,0,0,0,1,0,0,1,0,1,1,0,0,0,1,0,0,0,1,0,0,0
0,0,1,0,0,0,1,0,1,1,1,1,1,1,1,0,0,0,1,0,0,1,2,0,0,1
0,0,0,0,1,0,0,0,1,0,1,0,0,0,0,0,0,0,1,0,0,0,1,-2,1,0
0,0,0,0,0,0,0,0,1,0,1,1,0,0,0,0,0,0,1,0,0,1,1,-2,0,0
0,0,1,0,1,0,0,0,1,1,0,1,0,1,1,0,0,0,1,0,0,0,1,0,1,0
0,0,1,0,0,0,0,0,1,0,0,1,0,1,0,0,0,0,1,1,0,1,1,-1,1,0
0,0,1,0,0,0,0,0,1,1,1,1,0,1,1,0,0,0,1,0,0,0,1,0,0,0
0,1,1,0,0,0,0,0,1,0,0,1,0,1,0,0,0,0,1,0,0,0,1,1,0,0
0,0,0,0,0,0,0,0,1,1,1,1,0,0,1,0,0,0,1,0,0,0,1,-1,0,0
0,0,0,0,0,0,0,0,0,0,0,0,0,0,0,0,0,1,0,0,1,1,0,0,2,0
0,0,0,0,0,1,0,0,1,0,0,1,1,1,1,0,0,0,0,0,0,0,2,0,0,2
1,0,0,0,0,0,0,0,1,0,0,0,0,0,0,0,0,0,0,0,0,0,1,-1,0,0
0,0,0,0,0,1,0,0,1,0,0,0,0,1,1,1,0,0,0,0,0,1,2,1,0,1
0,1,1,0,0,0,0,0,1,0,0,1,1,1,1,1,1,0,0,0,0,0,1,0,0,1
1,1,1,0,0,0,0,0,1,0,0,1,0,1,1,0,0,0,1,0,0,0,1,0,0,0
0,1,1,0,0,1,0,0,1,0,0,1,0,1,0,0,1,0,1,0,0,0,2,0,0,1
0,0,1,0,0,0,0,1,0,0,0,0,0,1,0,0,0,0,1,0,0,0,1,-1,0,0
0,0,0,1,1,0,0,1,0,0,1,1,0,1,0,0,0,1,1,0,0,1,1,-1,2,0
0,1,1,0,0,0,0,0,1,0,0,1,0,1,1,0,0,0,1,0,0,1,1,-1,0,0
0,1,0,0,0,0,0,0,1,0,0,0,0,1,1,0,0,0,1,0,0,0,1,1,0,0
0,0,1,0,0,0,0,0,1,0,0,1,0,1,1,1,0,0,1,0,0,1,1,-1,0,0
0,0,0,0,0,0,0,0,1,0,0,1,0,1,0,0,0,0,1,0,1,1,1,1,1,0
0,0,1,0,1,0,0,0,1,1,1,0,0,0,1,0,0,0,1,0,1,1,1,-1,2,0
0,0,0,0,0,0,0,0,0,1,1,1,0,1,1,0,0,1,1,0,1,1,0,1,2,0
1,0,0,0,0,0,0,0,1,1,1,0,0,0,0,0,0,0,1,0,0,0,1,-2,0,0
0,0,0,0,0,0,0,0,1,0,1,0,0,0,1,0,0,0,1,0,0,0,1,-1,0,0
0,0,1,0,0,0,0,0,1,0,0,1,1,1,0,0,1,0,0,0,1,0,1,1,1,2
0,0,0,0,0,0,0,0,1,0,0,1,0,1,1,0,0,0,1,0,0,0,1,1,0,0
0,0,0,0,0,0,0,0,1,0,1,1,0,0,0,0,0,0,1,0,1,1,1,-1,1,0
0,1,1,0,0,0,0,0,1,0,0,0,0,0,1,0,0,0,1,0,1,0,1,-1,1,0
0,0,0,0,1,0,0,0,1,0,0,1,0,1,1,0,0,0,1,0,0,1,1,0,1,0
0,0,0,0,0,0,0,0,0,1,1,1,0,1,0,0,0,0,1,0,0,1,0,0,0,0
0,0,0,0,0,0,0,0,1,0,0,1,0,1,1,0,0,0,1,0,0,1,1,0,0,0
0,1,0,0,0,1,0,0,1,0,0,1,1,1,1,0,1,0,0,0,0,0,2,1,0,2
0,0,1,0,0,0,0,0,1,0,0,0,0,0,1,0,0,0,0,0,1,0,1,0,1,0
0,0,0,0,0,0,0,0,0,0,0,1,0,1,1,0,0,1,1,0,0,1,0,0,1,0
0,0,1,1,0,0,0,1,0,1,1,0,0,0,0,0,0,1,1,0,1,1,1,0,2,0
0,0,0,0,0,0,0,0,1,0,1,1,0,1,0,0,0,0,1,0,0,1,1,0,0,0
0,0,1,0,0,0,0,0,1,0,0,1,1,1,1,0,0,0,0,0,0,0,1,0,0,1
0,1,0,0,0,0,0,0,1,1,0,1,0,1,0,0,0,0,1,0,1,0,1,0,1,0
0,0,1,0,0,1,0,0,1,0,0,1,1,1,1,1,1,0,0,0,0,0,2,1,0,2
1,0,1,0,0,0,0,0,1,0,0,1,1,1,0,0,0,0,0,0,0,0,1,1,0,1
0,0,0,0,0,0,0,0,0,1,1,1,0,0,1,1,0,0,1,0,0,0,0,0,0,0
0,1,1,0,0,0,0,0,0,1,1,1,0,1,0,0,0,1,1,0,1,1,0,0,2,0
0,0,1,0,0,0,1,0,1,0,0,1,0,1,1,0,0,0,1,0,0,1,2,0,0,0
0,1,1,0,0,0,0,0,1,0,0,1,0,1,1,0,0,0,1,0,1,1,1,1,1,0
0,0,0,0,0,0,0,0,1,0,0,1,0,0,1,0,0,1,1,0,0,1,1,0,1,0
0,0,1,0,0,0,0,0,1,0,0,1,0,1,1,0,0,0,1,1,0,1,1,0,1,0
0,0,1,0,0,0,0,1,0,1,1,0,0,0,1,0,0,0,1,0,1,1,1,-1,1,0
0,1,1,0,0,0,0,0,1,0,0,1,0,1,1,0,1,0,1,0,0,1,1,-1,0,0
0,0,0,0,0,0,0,0,1,0,0,0,0,1,1,0,0,0,0,0,0,1,1,1,0,1
0,0,0,0,0,0,0,0,1,1,1,1,0,0,1,0,0,0,1,0,1,1,1,0,1,0
1,0,0,0,0,0,0,1,0,0,0,0,0,0,0,0,0,1,1,1,1,0,1,0,3,0
0,0,1,1,0,0,0,0,0,0,0,0,0,0,1,0,0,0,1,0,0,1,0,-1,0,0
0,0,0,0,0,0,0,0,1,0,0,0,0,0,1,0,0,0,0,1,0,0,1,-1,1,1
0,1,0,0,0,1,0,0,1,0,0,1,0,1,1,1,0,0,0,0,0,1,2,0,0,1
0,0,1,0,0,0,0,0,0,1,1,0,0,1,1,0,0,0,1,0,0,1,0,0,0,0
0,0,1,0,0,0,0,0,0,1,1,1,0,0,1,0,0,0,1,0,0,1,0,-2,0,0
0,0,0,0,0,0,0,0,0,1,1,1,0,0,1,1,0,0,1,0,1,1,0,-2,1,0
0,1,0,0,0,0,0,0,1,0,0,1,0,1,1,1,0,0,1,0,0,1,1,0,0,0
0,0,1,0,0,0,0,0,1,1,0,1,0,1,1,0,0,0,1,0,0,0,1,-1,0,0
0,1,0,0,0,1,0,0,0,0,0,1,1,1,0,1,0,0,0,0,0,0,1,1,0,2
0,0,1,0,0,1,0,0,1,0,0,1,1,1,1,1,1,0,0,0,0,0,2,-1,0,2
0,0,0,1,0,0,0,0,1,0,0,1,0,0,0,0,0,1,1,0,0,1,1,-1,1,0
0,0,1,0,0,0,0,0,1,0,0,1,1,1,1,1,1,0,0,0,0,0,1,-1,0,1
0,1,1,0,0,1,0,0,1,0,0,0,1,1,0,0,0,0,0,0,0,0,2,0,0,3
0,0,1,0,0,0,0,0,1,1,1,0,0,0,0,0,0,0,1,0,1,1,1,0,1,0
0,0,1,0,0,0,0,0,0,0,1,1,0,1,0,0,0,0,1,0,1,0,0,1,1,0
0,0,0,0,0,1,0,0,1,0,0,1,1,1,1,0,0,0,0,0,0,0,2,-1,0,2
0,0,1,0,0,0,0,0,1,0,0,0,0,1,1,0,0,0,1,0,1,0,1,0,1,0
0,0,1,0,0,0,0,0,1,0,1,1,0,0,1,0,0,0,1,0,0,1,1,-1,0,0
0,1,1,0,0,0,0,0,1,0,0,1,0,1,1,0,0,0,1,0,0,0,1,0,0,0
0,0,0,1,0,0,0,0,0,1,1,1,0,0,1,0,0,0,1,0,0,1,0,0,0,0
0,0,1,0,0,1,0,0,1,0,0,0,0,0,1,0,0,0,0,0,0,0,2,-2,0,2
0,0,1,0,0,0,0,0,1,1,1,0,0,1,1,0,0,0,1,0,0,0,1,-1,0,0
0,0,0,0,1,0,0,0,1,1,1,0,0,1,1,0,0,0,1,0,0,1,1,1,1,0
0,0,0,0,1,0,0,0,1,0,1,1,0,1,1,0,0,0,1,0,0,1,1,0,1,0
0,0,1,0,0,0,0,0,1,0,1,0,0,0,0,0,0,1,1,0,1,1,1,0,2,0
0,0,0,0,0,0,0,0,1,0,0,1,0,1,1,0,0,0,1,0,0,0,1,-1,0,0
0,0,1,0,0,1,0,0,1,0,0,1,0,0,0,0,0,0,0,0,0,0,2,-1,0,1
0,0,1,0,1,0,0,1,0,0,1,1,0,0,0,0,0,1,1,0,1,1,1,0,3,0
0,0,0,0,1,0,0,0,0,0,0,0,0,1,0,0,0,0,1,0,0,1,0,0,1,0
0,1,0,0,0,1,1,0,1,0,0,1,1,1,1,0,0,0,0,0,0,0,3,1,0,2
0,0,0,0,0,0,0,0,1,0,0,1,0,1,0,0,0,0,1,0,0,0,1,1,0,0
0,0,0,0,0,0,0,0,1,1,1,0,0,1,1,0,0,0,1,0,1,0,1,1,1,0
0,1,0,0,0,1,0,0,0,0,0,1,1,1,1,0,0,0,0,0,0,0,1,0,0,2
0,0,1,0,0,0,0,0,1,0,0,0,0,1,1,0,0,0,1,0,0,0,1,1,0,0
1,0,1,0,0,0,0,0,1,0,0,1,0,0,1,0,0,0,1,0,0,1,1,-1,0,0
0,0,1,0,0,0,0,0,1,0,0,0,0,1,0,0,0,0,1,0,0,0,1,1,0,0
0,0,0,1,1,0,0,1,0,1,1,0,0,0,0,0,0,1,1,0,1,1,1,-1,3,0
0,1,0,0,0,1,0,0,1,0,0,0,1,1,1,0,0,0,0,0,0,0,2,0,0,2
0,0,1,0,0,0,0,0,1,1,1,1,0,0,1,0,0,0,1,0,0,1,1,-2,0,0
0,0,1,0,0,1,0,0,1,0,0,1,0,1,1,0,0,0,0,0,1,0,2,1,1,1
0,1,1,0,0,0,0,0,1,0,0,1,1,1,1,0,0,0,1,0,0,0,1,1,0,1
0,0,0,0,0,0,0,0,1,0,0,1,1,1,0,0,0,0,0,0,0,0,1,0,0,1
0,0,1,0,0,0,0,0,1,0,1,1,0,1,0,0,0,0,1,0,0,1,1,1,0,0
1,0,0,1,1,0,0,0,0,1,1,0,0,0,0,0,0,1,1,0,1,1,0,-1,3,0
0,0,0,0,0,0,0,0,1,0,0,1,0,1,1,1,0,0,0,0,0,0,1,1,0,0
0,1,1,0,0,0,0,0,1,1,0,1,0,1,1,0,0,0,1,0,1,0,1,0,1,0
0,1,0,0,0,1,0,0,1,0,0,1,1,1,1,0,0,0,0,0,0,0,2,1,0,2
0,0,1,0,0,1,0,0,1,0,0,1,1,1,0,1,0,0,0,0,0,0,2,-1,0,2
0,0,1,0,0,0,0,0,0,1,1,0,0,0,1,0,0,1,1,0,1,1,0,0,2,0
0,0,0,0,1,0,0,1,0,1,1,1,0,1,0,0,0,1,1,0,1,1,1,0,3,0
1,0,0,0,0,0,0,0,1,0,0,1,0,0,1,0,1,1,0,0,0,0,1,-1,1,1
0,0,0,0,0,0,0,0,1,0,0,1,1,1,1,1,0,0,1,0,0,0,1,-1,0,1
0,0,0,0,0,0,0,0,1,0,0,1,0,1,1,0,0,0,1,0,0,1,1,1,0,1
0,1,1,0,0,0,0,0,1,1,1,1,0,1,0,0,0,0,1,0,0,1,1,-1,0,0
0,0,0,0,0,0,0,1,0,0,1,0,0,0,0,0,0,0,1,0,0,1,1,-1,0,0
0,0,1,0,0,0,0,0,1,1,1,1,0,1,0,0,0,0,1,0,1,1,1,-1,1,0
0,0,0,0,0,0,0,0,1,1,1,1,0,1,1,0,0,0,1,0,0,0,1,0,0,0
0,1,0,0,0,0,0,0,1,1,1,1,0,1,1,0,0,0,1,0,0,1,1,0,0,0
0,0,0,0,0,1,0,0,1,0,0,1,0,1,1,1,0,0,0,0,0,0,2,1,0,1
0,1,1,0,0,1,0,0,1,0,0,1,0,1,0,0,0,0,1,0,1,0,2,1,1,1
0,1,1,0,0,0,0,0,0,0,0,1,0,1,1,0,0,0,1,0,0,0,0,1,0,0
0,1,0,0,0,1,0,0,1,0,0,0,0,1,1,0,0,0,0,0,0,0,2,1,0,1
0,0,0,1,0,0,0,0,0,0,1,1,0,1,1,0,0,0,1,0,1,1,0,1,1,0
0,0,0,0,0,0,0,0,1,0,0,1,0,1,1,1,0,0,1,0,0,0,1,-1,0,1
0,1,1,0,0,1,0,0,1,0,0,1,0,1,1,1,0,0,0,0,0,0,2,1,0,1
0,0,0,0,0,0,1,0,0,1,1,0,0,1,0,0,0,0,1,0,1,1,1,1,1,0
0,0,0,1,0,0,0,0,0,1,1,0,0,0,0,0,0,1,1,0,1,1,0,-1,2,0
0,0,0,0,0,1,0,0,1,0,0,0,1,1,0,0,1,0,0,0,0,0,2,1,0,2
1,1,1,0,0,0,0,0,1,0,0,1,0,1,0,0,0,0,1,0,1,0,1,1,1,0
1,0,0,0,0,0,0,0,1,0,0,0,0,0,0,0,0,0,1,0,1,0,1,0,1,0
0,0,0,0,0,0,0,0,0,1,1,1,0,1,0,0,0,0,1,0,1,1,0,1,1,0
0,0,0,0,0,0,0,0,1,1,1,0,0,0,0,0,0,0,1,0,0,0,1,-1,0,0
0,0,0,0,0,0,1,0,1,0,0,1,0,1,1,0,0,0,1,0,0,1,2,1,0,0
0,0,1,0,0,0,0,0,1,0,0,0,0,0,1,0,0,0,0,0,1,0,1,0,1,0
0,0,0,1,1,0,0,0,0,0,1,1,0,1,1,0,0,0,1,0,0,1,0,0,1,0
0,0,0,0,0,0,0,0,0,0,0,1,0,0,0,0,0,0,1,0,1,0,0,0,1,0
0,0,0,0,0,1,0,0,1,0,0,0,0,0,1,0,0,0,0,0,0,0,2,-2,0,1
0,1,0,0,0,0,0,0,1,1,1,1,0,1,1,0,0,0,1,0,1,0,1,1,1,0
0,0,1,1,1,0,0,0,0,1,1,0,0,1,0,0,0,0,1,0,0,1,0,-1,1,0
1,0,0,0,0,0,0,0,0,0,0,0,0,0,0,0,0,0,0,0,1,0,0,0,1,1
0,1,1,0,0,0,0,0,1,0,0,1,0,1,1,0,0,0,0,0,0,0,1,1,0,0
0,0,1,0,0,0,0,0,1,1,1,1,0,1,1,0,0,0,1,0,0,1,1,1,0,0
1,0,0,0,0,0,0,0,0,1,0,0,0,0,0,1,0,1,1,0,1,0,0,0,2,0
0,1,0,0,0,0,0,0,1,0,0,0,0,1,0,0,0,0,0,0,0,0,1,1,0,0
0,0,0,1,0,0,0,0,0,0,0,0,0,0,1,0,0,0,1,0,0,1,0,-2,0,0
0,0,1,0,1,0,0,0,1,0,0,1,0,1,1,0,0,0,1,0,0,1,1,0,1,0
0,1,1,0,0,0,0,0,1,0,0,0,0,0,1,0,0,0,0,0,0,0,1,-1,0,0
0,1,1,0,0,1,0,0,1,0,0,1,0,1,0,0,1,0,0,0,0,0,2,1,0,1
1,0,1,0,0,0,0,0,0,0,0,0,0,0,0,0,0,1,1,0,1,0,0,0,2,0
0,1,0,0,0,0,0,0,1,0,0,1,1,1,1,0,0,0,0,0,0,0,1,1,0,1
0,0,0,0,0,0,0,0,0,0,0,1,0,1,1,0,0,0,1,0,0,1,0,-1,0,0
0,0,0,1,1,0,0,1,0,1,0,0,0,0,0,0,0,1,1,0,1,1,1,-1,3,0
0,1,1,0,0,1,0,0,1,0,0,1,0,1,0,0,0,0,0,0,0,0,2,1,0,1
0,0,0,0,0,0,0,0,1,1,1,0,0,1,0,0,0,0,1,0,1,0,1,1,1,0
0,1,0,0,0,0,0,0,1,0,1,1,0,1,1,1,0,0,1,0,0,1,1,-1,0,0
1,0,1,0,0,1,0,0,0,0,0,0,0,0,0,0,0,0,0,0,1,1,1,0,1,1
0,0,0,0,0,0,0,0,0,1,1,1,0,0,1,0,0,0,1,0,1,0,0,0,1,0
0,0,0,0,1,0,0,1,0,0,0,1,0,1,0,0,0,1,0,0,1,1,1,1,3,0
0,0,1,0,0,0,0,0,1,0,0,1,0,1,0,0,0,0,1,0,1,0,1,1,1,0
1,0,0,0,0,0,0,0,1,0,0,0,0,0,0,0,0,0,1,0,0,1,1,0,0,0
0,0,1,0,0,0,0,0,1,1,0,1,0,1,1,0,0,0,1,0,0,0,1,1,0,0
0,0,0,0,0,0,0,0,1,0,0,1,0,1,0,0,0,0,1,0,0,1,1,1,0,0
0,1,1,0,0,1,0,0,1,0,0,1,0,1,0,0,0,0,1,0,0,0,2,1,0,1
0,1,0,0,0,0,0,0,1,0,0,1,0,0,1,0,0,0,1,0,1,0,1,0,1,0
0,0,1,1,0,0,0,0,1,1,1,0,0,1,0,0,0,0,1,0,0,1,1,-1,0,0
1,0,0,0,0,0,0,0,1,0,0,1,0,0,0,0,0,0,0,0,1,0,1,-1,1,0
0,0,0,0,0,0,0,0,1,1,1,0,0,0,1,0,0,0,1,0,1,1,1,0,1,0
0,0,0,0,0,0,0,0,1,0,1,0,0,0,0,0,0,0,1,0,1,0,1,0,1,0
0,0,0,0,0,0,0,0,1,0,0,1,0,1,1,0,0,0,1,0,0,0,1,1,0,1
0,0,0,0,0,0,0,0,1,0,0,0,0,0,1,0,0,0,1,0,1,1,1,0,1,0
0,0,0,0,0,0,0,0,1,0,0,1,0,1,1,0,0,0,1,0,0,1,1,1,0,0
0,0,0,0,0,1,0,0,1,0,0,1,0,1,1,0,0,0,0,0,0,0,2,0,0,1
0,0,0,0,0,0,0,0,0,0,0,0,0,0,0,0,0,1,1,0,1,0,0,0,2,0
0,0,1,0,0,0,0,0,1,0,0,0,0,0,0,1,0,0,1,0,0,1,1,-2,0,0
0,0,1,0,0,0,0,1,0,0,0,1,0,1,0,0,0,1,0,0,1,1,1,1,2,0
0,0,1,0,1,0,0,0,1,0,1,1,0,1,0,0,0,0,1,0,0,1,1,0,1,0
0,1,0,0,0,1,0,0,1,0,0,1,0,1,1,1,0,0,0,0,0,0,2,1,0,1
1,0,1,0,0,0,0,0,1,0,0,1,1,1,0,0,0,0,0,0,0,0,1,0,0,1
0,0,0,1,0,0,0,1,0,0,1,1,0,0,0,0,0,1,1,0,1,1,1,0,2,0
0,1,0,0,0,1,0,0,1,0,0,1,0,1,0,1,0,0,0,0,0,0,2,0,0,1
0,0,1,0,0,0,0,0,1,0,1,0,0,0,1,0,0,1,1,0,0,1,1,-1,1,0
0,0,1,0,0,0,0,0,1,0,1,0,0,1,1,0,0,0,1,0,0,1,1,0,0,0
0,1,1,0,0,0,0,0,1,1,1,1,0,1,1,0,0,0,1,0,0,1,1,1,0,0
0,1,0,0,0,0,0,0,1,1,1,1,0,1,1,0,0,0,1,0,0,0,1,1,0,0
1,0,0,0,0,0,0,0,0,0,0,0,0,0,0,0,0,0,0,0,1,0,0,0,1,1
0,0,1,0,0,1,0,0,1,0,0,1,0,1,0,0,0,0,0,0,0,0,2,1,0,1
0,0,0,0,0,0,0,0,1,1,1,1,0,1,1,0,0,0,1,0,1,1,1,1,1,0
0,0,1,0,0,0,0,0,1,1,1,1,0,1,1,0,0,0,1,0,0,0,1,-1,0,0
0,1,1,0,0,0,0,0,1,1,0,1,0,1,1,0,0,0,1,0,0,0,1,1,0,0
0,0,1,0,0,1,0,0,1,0,0,0,1,1,1,0,0,0,0,0,0,1,2,0,0,2
0,0,0,0,0,0,0,0,1,0,0,0,0,1,0,0,0,0,1,0,0,0,1,0,0,0
0,0,0,0,0,0,0,0,1,0,0,1,0,1,1,1,0,0,1,0,0,1,1,0,0,0
0,0,0,0,0,0,0,0,1,1,1,1,0,1,1,0,0,0,1,0,0,1,1,0,0,0
1,1,0,0,0,0,0,0,0,0,0,0,0,0,0,0,0,1,1,0,1,0,0,0,2,0
0,0,0,0,0,0,0,0,1,1,1,0,0,0,1,1,0,0,1,0,1,1,1,0,1,0
0,1,1,0,0,0,0,0,1,0,0,1,1,1,1,0,0,0,0,0,0,0,1,1,0,1
0,0,1,0,0,0,0,0,1,1,0,1,0,1,1,0,0,0,1,0,1,0,1,1,1,0
0,0,0,0,0,0,0,0,0,0,0,1,0,0,0,0,0,0,1,1,1,1,0,0,2,1
0,0,0,0,1,0,0,0,1,1,1,0,0,0,0,0,0,0,1,0,0,1,1,-2,1,0
0,0,1,0,0,1,0,0,1,0,0,1,0,0,1,0,0,0,0,0,0,0,2,-2,0,1
0,1,1,0,0,0,0,0,0,1,1,1,0,1,1,0,0,0,1,0,0,1,0,0,0,0
0,0,1,1,1,0,0,1,0,0,0,1,0,1,0,0,0,0,1,0,0,1,1,1,1,0
0,1,0,0,0,0,0,0,1,1,1,0,0,1,1,1,0,0,1,0,0,0,1,-1,0,0
0,0,1,0,0,0,0,1,0,0,0,0,0,0,0,0,0,0,1,0,0,1,1,-1,0,0
0,1,1,0,0,0,0,0,1,0,0,1,0,1,1,1,0,0,1,0,0,1,1,0,0,0
0,1,1,0,0,0,0,0,1,1,1,1,0,1,1,0,0,0,1,0,1,0,1,1,1,0
0,1,1,0,0,0,0,0,1,1,1,1,0,1,0,0,0,0,1,0,0,0,1,-1,0,0
0,0,0,0,0,0,0,0,1,1,1,0,0,0,1,0,0,1,1,0,1,0,1,-1,2,0
0,1,1,0,0,0,0,0,1,0,0,1,0,1,1,0,0,0,1,0,0,0,1,1,0,0
0,0,0,0,0,0,0,0,1,0,0,0,0,0,1,0,0,0,0,0,0,0,1,-1,0,0
0,0,0,0,0,0,0,1,0,1,1,0,0,0,0,0,0,1,1,0,1,0,1,-1,2,0
0,0,0,1,1,0,0,1,0,0,0,1,0,1,0,0,0,1,1,0,0,1,1,0,2,0
0,0,0,0,0,1,0,0,1,0,0,1,0,1,1,0,0,0,0,0,0,0,2,0,0,1
0,1,0,0,0,0,0,0,1,1,1,1,0,1,0,0,0,0,1,0,1,0,1,0,1,0
0,0,1,0,0,0,0,0,1,1,0,1,0,1,1,0,0,0,1,0,0,0,1,-1,0,0
0,0,1,0,0,0,0,0,1,1,0,1,0,1,1,0,0,0,1,0,1,1,1,0,1,0
0,0,0,0,0,0,0,0,1,0,0,1,0,1,0,0,0,0,0,0,0,1,1,1,0,0
0,1,1,0,0,1,0,0,1,0,0,1,0,1,1,1,0,0,0,0,0,0,2,0,0,1
0,0,0,0,0,0,0,0,1,1,1,1,0,0,0,0,0,0,1,0,0,0,1,-1,0,0
0,0,0,0,0,0,1,0,1,0,0,1,0,1,1,1,0,0,1,1,0,1,2,0,1,1
1,0,0,0,0,0,0,0,1,0,0,0,0,0,0,0,0,0,0,0,1,0,1,0,1,0
0,0,1,0,0,0,0,0,1,0,0,1,0,1,0,0,0,0,1,0,0,0,1,1,0,0
0,0,0,1,0,0,0,0,0,1,1,1,0,1,1,0,0,0,1,0,1,1,0,0,1,0
0,0,1,0,0,0,0,0,1,0,0,0,0,0,0,0,0,1,1,0,1,1,1,-1,2,0
0,0,0,0,0,0,0,0,1,0,1,0,0,0,0,0,0,0,1,0,0,0,1,-2,0,0
0,0,0,1,1,0,0,0,1,0,1,1,0,1,0,0,0,0,1,0,1,1,1,0,2,0
0,0,0,0,0,0,0,0,1,0,1,0,0,0,0,0,0,0,1,0,1,1,1,-1,1,0
0,0,0,0,0,0,0,0,0,1,1,0,0,1,1,0,0,0,1,0,0,1,0,1,0,0
0,1,0,0,0,0,0,0,1,0,0,1,0,1,1,1,0,0,1,0,0,1,1,0,0,0
0,0,0,0,0,1,0,1,0,0,0,0,0,0,1,0,0,1,0,0,1,1,2,-1,2,2
0,0,1,0,1,0,0,0,1,0,0,1,0,1,0,1,0,0,1,0,1,1,1,0,2,0
0,0,1,1,1,0,0,1,0,1,1,0,0,1,0,0,0,0,1,0,0,1,1,0,1,0
0,0,0,0,0,0,0,0,1,1,1,1,0,1,0,0,0,0,1,0,1,0,1,0,1,0
0,1,1,0,0,0,0,0,1,0,0,1,0,1,0,0,0,0,1,0,0,0,1,0,0,0
0,0,1,0,0,0,0,0,1,1,1,1,0,0,1,0,0,0,1,0,0,1,1,-2,0,0
0,0,1,1,0,0,0,0,0,1,1,1,0,1,1,0,0,0,1,0,0,1,0,-1,0,0
0,1,1,0,0,0,0,0,1,0,1,0,0,1,1,0,1,0,1,0,0,0,1,1,0,0
0,0,1,0,0,0,0,0,1,0,0,0,0,0,1,0,0,0,1,0,1,0,1,0,1,0
1,0,1,0,0,0,0,0,1,0,0,0,0,0,1,0,0,0,1,0,1,0,1,0,1,0
1,0,1,0,0,0,0,0,1,0,0,0,0,0,0,0,0,0,0,0,1,0,1,0,1,0
0,0,1,0,0,0,0,0,1,1,1,0,0,1,1,0,0,0,1,0,1,1,1,0,1,0
0,0,1,0,0,0,0,0,1,1,1,0,0,1,1,0,0,0,1,0,0,1,1,1,0,0
0,0,0,1,1,0,0,0,1,0,1,0,0,1,1,0,0,0,1,0,0,1,1,1,1,0
0,1,1,0,0,0,0,0,1,0,0,1,0,1,1,0,0,0,1,0,0,1,1,0,0,0
0,0,1,0,0,0,0,0,1,0,0,1,0,1,1,0,0,0,1,0,1,1,1,1,1,0
0,1,0,0,0,0,0,1,0,1,1,1,0,1,0,0,0,1,1,0,0,1,1,0,1,0
0,0,0,0,1,0,0,0,0,0,0,1,0,1,1,0,0,0,1,0,1,1,0,1,2,0
0,1,0,0,0,1,0,0,1,0,0,0,0,1,1,0,0,0,1,0,0,0,2,1,0,1
0,0,0,0,0,0,0,0,1,1,1,0,0,0,0,0,0,0,1,0,0,0,1,-2,0,0
0,0,1,0,0,0,0,1,0,0,0,0,0,0,0,0,0,1,1,0,1,1,1,-1,2,0
1,0,0,0,0,0,0,0,1,0,0,0,0,0,1,0,0,0,0,0,0,0,1,-1,0,0
0,0,0,0,0,0,0,0,0,0,0,0,0,0,0,0,0,0,0,0,0,0,0,-1,0,1
0,0,1,0,0,0,0,0,1,1,1,1,0,1,0,0,0,0,1,0,1,1,1,0,1,0
0,0,0,0,0,0,0,0,1,1,1,0,0,1,1,0,0,0,1,1,0,1,1,-1,1,0
0,0,0,1,0,0,0,1,0,0,0,0,0,0,0,0,0,1,1,0,1,1,1,0,2,0
0,0,0,0,0,1,0,0,1,0,0,1,1,1,0,1,0,0,0,0,0,0,2,1,0,2
1,1,0,0,0,1,0,0,1,0,0,0,0,1,0,0,0,0,0,0,1,0,2,1,1,1
0,0,0,0,0,0,0,1,0,0,1,0,0,1,0,0,0,0,1,0,0,1,1,-1,0,0
0,0,1,0,0,0,0,0,0,1,1,0,0,1,1,0,0,0,1,0,1,1,0,1,1,0
0,0,0,0,0,0,0,0,1,1,1,0,0,1,1,0,0,0,1,1,0,1,1,0,1,0
1,0,1,0,1,0,0,0,1,0,0,1,0,0,1,0,0,0,1,1,0,1,1,0,2,0
0,0,1,0,0,0,0,0,0,0,1,0,0,0,0,0,0,1,1,0,1,1,0,0,2,0
0,0,0,0,0,1,0,0,1,0,0,0,1,0,1,1,0,0,0,0,0,0,2,0,0,3
0,0,0,1,1,0,0,1,0,0,0,0,0,0,0,0,0,1,1,0,1,1,1,0,3,0
0,0,1,1,0,0,0,0,1,0,0,1,0,0,1,0,0,0,1,1,0,1,1,-1,1,0
0,1,1,0,0,0,0,0,1,0,0,0,0,1,1,0,0,0,1,0,0,1,1,0,0,0
0,0,0,0,0,0,0,0,1,1,0,1,0,0,0,0,0,0,1,0,1,1,1,0,1,0
0,0,1,0,0,1,0,0,1,0,0,1,1,1,1,1,0,0,0,0,0,0,2,0,0,2
0,0,0,0,1,0,0,0,1,1,1,0,0,0,0,0,0,0,1,0,1,0,1,-1,2,0
0,0,0,0,0,0,0,0,1,1,1,1,0,1,0,0,0,0,1,0,1,1,1,0,1,0
0,0,1,0,0,0,0,0,1,0,0,1,0,0,1,0,0,0,0,0,0,0,1,-1,0,0
1,0,1,0,0,0,0,0,1,0,0,1,0,1,1,0,0,0,1,0,1,0,1,1,1,0
0,0,0,0,0,0,0,0,1,0,0,0,0,1,0,0,0,0,1,0,0,0,1,0,0,0
0,0,1,0,0,0,0,0,1,0,0,1,0,1,1,0,0,0,0,0,0,0,1,-1,0,0
0,1,1,0,0,0,0,0,1,1,1,1,0,1,0,0,0,0,1,0,0,0,1,-1,0,0
0,0,0,0,1,0,0,1,0,0,1,0,0,0,1,0,0,1,1,0,1,1,1,0,3,0
0,0,0,0,0,1,0,0,1,0,0,0,0,0,1,0,0,0,0,0,0,0,2,0,0,1
0,0,0,0,0,0,0,0,0,1,1,0,0,1,1,0,0,0,1,0,0,1,0,-1,0,0
0,0,1,0,1,0,0,0,1,0,0,0,0,0,0,0,0,0,1,0,0,0,1,-1,1,0
0,0,1,0,0,0,0,0,1,0,1,0,0,0,1,0,0,0,1,0,0,1,1,-2,0,0
0,0,0,0,0,1,0,0,1,0,0,1,1,1,1,1,1,0,0,0,0,0,2,0,0,3
0,1,0,0,0,0,0,0,1,0,0,1,0,0,1,1,0,0,1,0,1,0,1,0,1,0
0,1,1,0,0,0,0,0,1,0,0,1,0,1,1,0,0,0,1,0,0,1,1,0,0,0
0,0,1,0,1,0,0,0,1,1,1,0,0,1,1,0,0,0,1,0,0,1,1,-1,1,0
0,1,1,0,0,1,0,0,1,0,0,1,1,1,0,1,0,0,0,0,0,0,2,1,0,2
0,0,1,0,0,1,0,0,1,0,0,0,0,1,1,0,0,0,0,0,0,1,2,-1,0,1
0,0,0,0,0,0,0,1,0,0,0,0,0,0,0,0,0,1,0,0,1,1,1,-1,2,1
0,0,1,0,0,0,0,0,1,0,0,1,0,0,1,0,1,0,1,0,0,0,1,0,0,0
0,0,1,0,0,0,0,0,1,1,1,1,0,1,1,0,0,0,1,0,1,1,1,1,1,0
0,0,0,0,1,0,0,0,1,0,1,0,0,0,0,0,0,0,1,0,0,1,1,-2,1,0
1,0,0,0,0,0,0,0,1,0,0,0,0,0,0,0,0,0,1,0,0,0,1,-2,0,0
0,0,0,0,0,0,0,0,1,0,1,1,0,0,0,0,0,0,1,0,1,1,1,-1,1,0
0,0,0,0,0,0,0,0,1,0,0,1,0,1,1,0,0,0,0,0,0,0,1,0,0,0
0,0,0,0,0,0,0,0,1,0,0,1,0,1,0,1,0,0,0,0,0,0,1,1,0,0
0,0,1,0,0,0,0,0,1,1,1,1,0,0,1,0,0,0,1,0,0,1,1,-1,0,0
0,0,0,0,0,0,0,0,1,1,1,0,0,0,1,0,0,0,1,0,0,1,1,-2,0,0
0,0,1,0,0,0,0,0,1,0,0,1,1,1,1,1,0,0,0,0,0,0,1,0,0,1
0,1,1,0,0,0,0,0,1,1,1,1,0,1,1,0,0,0,1,0,1,0,1,0,1,0
0,0,0,1,0,0,0,0,0,0,0,1,0,0,1,0,0,0,1,0,1,1,0,-1,1,0
0,0,1,0,0,0,0,0,1,0,0,1,0,0,1,0,0,0,1,0,0,0,1,-1,0,0
0,0,1,0,0,0,0,0,1,0,0,1,0,1,0,0,0,0,1,0,0,1,1,0,0,0
0,0,0,1,1,0,0,0,0,0,1,1,0,1,0,0,0,1,1,0,1,1,0,0,3,0
1,0,0,0,0,1,0,1,0,1,0,0,0,0,0,0,0,0,1,0,1,1,2,-1,1,1
0,0,1,0,0,0,0,0,1,0,0,1,1,0,1,0,0,0,1,0,0,0,1,0,0,1
0,0,1,0,0,0,0,0,0,0,0,0,0,0,0,0,0,0,1,0,1,1,0,-1,1,0
0,1,1,0,0,1,0,0,1,0,0,1,1,1,1,0,0,0,0,0,0,0,2,-1,0,2
0,1,0,0,0,1,0,0,1,0,0,1,1,1,0,1,0,0,0,0,0,0,2,1,0,2
0,1,0,0,0,0,0,0,1,1,1,1,0,1,1,1,0,0,1,0,0,0,1,0,0,0
0,0,1,0,0,0,0,0,1,0,0,1,0,1,0,0,0,0,1,0,1,1,1,1,1,0
0,0,1,0,0,0,0,0,1,0,1,1,0,0,1,0,0,0,1,0,0,1,1,-2,0,0
0,0,1,0,0,0,0,0,1,1,0,1,0,1,0,0,0,0,1,0,1,1,1,1,1,0
0,0,1,0,0,0,0,0,0,0,0,1,0,1,0,0,0,0,1,0,0,1,0,0,0,0
0,0,0,0,0,1,0,0,1,0,0,1,0,1,0,0,1,0,0,0,0,0,2,1,0,1
0,0,1,1,0,0,0,0,1,0,1,1,0,1,0,0,0,0,1,0,1,1,1,1,1,0
1,0,0,0,0,1,0,0,1,0,1,0,0,0,0,0,0,0,1,0,1,0,2,-1,1,1
0,0,1,0,0,1,0,0,0,0,0,1,0,1,1,0,0,0,0,0,0,0,1,1,0,1
0,0,1,0,0,0,0,0,1,1,1,1,0,1,1,0,0,0,1,0,0,0,1,1,0,0
0,0,1,0,0,0,0,0,0,0,0,0,0,0,1,0,0,0,1,1,1,1,0,-1,2,0
0,1,1,0,0,0,0,1,0,1,1,0,0,1,1,0,0,0,1,0,1,1,1,0,1,0
1,0,0,0,0,1,0,0,1,0,1,0,0,0,0,0,0,0,1,0,1,0,2,0,1,1
0,0,1,0,0,0,0,0,0,0,1,0,0,0,0,0,0,1,1,0,1,1,0,0,2,0
0,0,0,0,0,1,0,0,1,0,0,0,0,1,0,0,0,0,0,0,0,0,2,0,0,1
0,0,1,0,0,0,0,0,1,1,0,1,0,1,1,0,0,0,1,0,0,0,1,0,0,0
0,0,0,0,0,0,0,0,1,0,1,1,0,1,0,0,0,0,1,0,0,1,1,-1,0,0
0,0,1,0,0,0,0,0,1,1,1,0,0,0,1,0,0,0,1,0,1,0,1,0,1,0
1,0,0,0,0,1,0,0,1,0,0,0,0,0,0,0,0,0,0,0,0,0,2,-1,0,1
0,0,1,0,0,0,0,0,1,1,1,1,0,1,0,0,0,0,1,0,0,1,1,-1,0,0
1,0,0,0,0,0,0,0,0,0,0,0,0,0,0,0,0,0,1,0,0,0,0,-1,0,0
0,0,0,0,0,0,0,0,0,0,0,0,0,0,0,0,0,1,1,0,1,1,0,0,2,0
0,0,1,0,1,0,0,0,1,1,1,1,0,1,1,0,0,0,1,0,0,1,1,0,1,0
0,0,0,0,1,0,0,0,1,0,0,1,0,1,0,0,0,0,1,0,1,1,1,0,2,0
0,0,1,0,0,0,0,0,1,0,0,0,0,1,1,0,0,0,1,0,0,1,1,0,0,1
0,0,1,0,1,0,0,0,1,0,1,0,0,0,0,0,0,0,1,0,1,1,1,0,2,0
0,0,1,0,0,0,0,0,1,0,1,0,0,0,1,0,0,0,1,0,0,0,1,-2,0,0
0,0,1,0,0,0,0,0,0,0,0,1,0,1,1,0,0,0,0,0,0,0,0,0,0,0
0,1,0,0,0,0,0,0,1,0,0,0,0,0,1,1,0,0,1,0,1,0,1,0,1,0
0,0,0,0,0,0,0,0,1,1,1,0,0,1,1,0,0,0,1,0,0,0,1,0,0,0
0,0,1,0,0,0,0,0,1,1,1,1,0,1,0,0,0,0,1,0,0,1,1,1,0,0
1,0,1,0,0,1,0,0,1,0,0,0,0,1,0,0,0,0,0,0,1,0,2,1,1,1
0,1,1,0,0,0,0,0,1,0,0,1,0,1,0,0,0,0,1,0,1,1,1,1,1,0
0,1,1,0,0,1,0,0,1,0,0,1,1,1,0,0,1,0,0,0,0,0,2,-1,0,2
0,0,0,0,0,0,0,0,1,0,1,0,0,0,1,0,0,0,1,0,0,1,1,-2,0,0
0,0,1,0,0,1,0,0,1,0,0,0,0,1,0,0,1,0,0,0,0,0,2,0,0,1
0,1,0,0,0,0,0,0,0,1,0,1,0,1,0,0,0,0,1,0,1,1,0,0,1,0
0,0,1,0,0,0,0,0,1,1,1,0,0,0,1,0,0,0,1,0,1,0,1,0,1,0
0,0,1,0,0,1,0,0,1,0,0,0,0,0,0,0,0,0,0,0,0,0,2,-2,0,2
0,1,1,0,0,1,0,0,1,0,0,1,1,1,1,0,0,0,0,0,0,0,2,0,0,2
0,0,1,0,0,1,0,0,1,0,0,1,0,1,1,1,0,0,0,0,0,0,2,0,0,1
0,0,0,0,0,0,0,0,1,0,1,1,0,1,1,0,0,0,1,0,0,1,1,-1,0,0
0,0,0,0,0,0,0,0,1,1,1,0,0,0,0,0,0,0,1,0,0,0,1,-1,0,0
0,0,1,1,1,0,0,1,0,0,1,0,0,0,0,0,0,0,1,0,0,1,1,-1,1,0
0,1,1,0,0,0,0,0,1,1,1,1,0,1,1,1,0,0,1,0,0,0,1,-1,0,0
0,0,0,0,1,0,0,0,1,0,0,1,0,1,0,0,0,0,1,0,1,1,1,1,2,0
0,1,0,0,0,1,0,0,1,0,0,1,0,1,1,0,0,0,0,0,0,0,2,1,0,2
0,1,1,0,0,0,0,0,1,0,0,0,1,0,0,0,0,0,0,0,0,0,1,0,0,1
0,0,0,0,0,0,0,0,1,1,1,0,0,0,0,0,0,0,1,0,1,1,1,-1,1,0
0,0,1,0,0,1,0,0,1,0,0,1,0,1,0,0,0,0,0,0,0,1,2,0,0,2
0,1,1,0,0,0,0,0,1,0,1,1,0,0,0,0,0,0,1,0,0,1,1,-1,0,0
0,0,0,0,0,0,0,0,0,0,1,0,0,0,0,0,0,0,1,1,0,1,0,-1,1,0
0,0,0,0,0,0,0,0,1,0,0,0,0,1,1,0,0,0,1,0,0,0,1,-1,0,0
0,1,1,0,0,0,0,0,1,1,1,1,0,1,1,1,0,0,1,0,0,1,1,-1,0,0
0,1,0,0,0,1,0,0,1,0,0,0,1,1,0,0,0,0,0,0,0,0,2,1,0,2
0,0,1,0,0,0,0,1,0,1,1,0,0,0,0,0,0,1,1,0,1,1,1,0,2,0
0,0,0,0,0,1,0,0,0,0,0,1,1,1,1,1,0,0,0,0,0,0,1,1,0,2
0,1,0,0,0,0,0,0,1,0,0,1,0,1,1,1,0,0,1,0,0,1,1,0,0,0
0,1,0,0,0,0,0,0,1,1,1,1,0,1,1,0,0,0,1,0,1,0,1,1,1,0
0,1,1,0,0,1,0,0,1,0,0,0,1,0,0,1,0,0,0,0,0,0,2,-1,0,2
0,0,1,0,0,1,0,0,1,0,0,1,1,1,0,1,1,0,0,0,0,0,2,1,0,2
1,0,0,0,0,0,0,0,0,0,0,0,0,0,0,0,0,0,0,0,1,1,0,-1,1,0
0,0,0,0,0,1,0,0,1,0,0,1,1,1,1,1,0,0,0,0,0,0,2,0,0,3
1,0,0,0,0,0,0,0,1,0,0,0,0,0,0,0,0,0,0,0,0,0,1,0,0,1
0,1,1,0,0,1,0,0,1,0,0,1,0,1,0,1,0,0,0,0,0,0,2,-1,0,1
0,0,0,0,0,1,0,1,0,0,0,0,0,0,0,0,0,0,0,0,0,1,2,-1,0,2
0,1,0,0,0,1,0,0,1,0,0,1,0,0,1,1,0,0,1,0,0,0,2,-1,0,1
0,0,1,1,0,0,0,0,0,0,0,0,0,1,1,0,0,0,1,0,0,0,0,0,0,0
0,0,0,0,0,0,0,0,1,0,1,0,0,0,0,0,0,0,1,1,1,1,1,-1,2,0
0,0,0,0,0,0,0,0,0,0,1,1,0,1,1,0,0,0,1,0,0,1,0,1,0,0
0,0,0,0,1,0,0,0,1,0,1,1,0,1,1,0,0,0,1,0,0,1,1,0,1,1
0,0,0,0,0,0,0,1,0,0,0,0,0,0,0,1,0,0,1,0,1,0,1,0,1,0
0,1,0,0,0,0,0,0,1,1,0,1,0,1,1,1,0,0,1,0,1,0,1,1,1,0
0,0,0,0,0,0,0,0,1,0,0,0,0,0,0,0,0,0,1,0,0,1,1,-2,0,0
0,0,0,0,0,0,0,0,1,1,1,0,0,0,0,0,0,0,1,0,0,1,1,-1,0,0
0,0,1,0,0,0,0,0,1,1,1,0,0,1,0,0,0,0,1,0,1,1,1,1,1,0
0,0,0,0,0,0,0,1,0,0,0,1,0,0,0,0,0,1,1,0,0,1,1,-1,1,0
1,0,1,1,0,0,0,0,0,0,1,0,0,0,0,0,0,0,1,0,1,1,0,0,1,0
0,0,0,0,0,0,0,0,0,0,0,0,0,0,1,0,0,1,1,0,1,1,0,0,2,0
0,0,1,0,0,0,0,0,1,1,1,1,0,1,1,0,0,0,1,0,0,1,1,-1,0,0
0,1,0,0,0,0,0,0,1,0,0,1,0,1,0,0,0,0,1,0,0,0,1,1,0,0
0,0,1,1,1,0,0,0,1,1,1,0,0,0,1,0,0,0,1,0,0,1,1,-1,1,0
0,0,0,1,1,0,0,0,1,0,0,0,0,1,1,1,0,0,1,0,0,0,1,0,1,0
0,0,0,0,0,0,0,0,1,0,0,0,0,0,1,0,0,0,1,0,0,0,1,0,0,0
0,0,1,0,0,0,0,0,1,0,0,1,0,1,0,0,0,0,1,0,0,0,1,0,0,0
1,0,1,0,0,0,0,0,1,0,0,0,1,1,1,0,0,0,0,0,0,0,1,0,0,2
0,0,1,0,0,0,0,1,0,0,0,1,0,1,0,0,0,1,1,0,1,1,1,0,2,0
0,0,0,0,1,0,0,0,1,0,0,0,0,1,0,0,0,0,1,0,0,0,1,1,1,0
0,0,1,0,0,1,0,0,1,0,0,1,0,1,0,0,0,0,0,0,0,0,2,1,0,2
0,0,0,1,0,0,0,0,1,0,1,1,0,0,0,0,0,0,1,0,1,1,1,0,1,0
0,0,1,0,0,0,0,1,0,0,0,0,0,0,0,0,0,1,0,0,0,1,1,-1,1,0
0,0,0,0,0,0,0,0,1,1,1,0,0,0,0,1,0,0,1,0,0,0,1,-1,0,0
0,1,1,0,0,0,0,0,1,0,1,1,0,0,1,0,0,0,1,0,0,0,1,-1,0,0
0,0,1,0,0,0,0,0,0,1,1,0,0,0,1,0,0,0,1,0,0,1,0,-1,0,0
0,0,0,0,0,0,0,0,1,1,1,1,0,1,0,0,0,0,1,0,1,1,1,1,1,0
0,0,0,0,0,0,0,0,1,0,0,1,0,1,1,0,0,0,1,0,0,0,1,0,0,0
0,0,1,0,1,0,0,0,1,0,0,0,0,1,0,0,0,1,1,1,0,1,1,1,3,0
0,0,1,0,0,0,0,0,1,1,1,1,0,1,1,0,0,0,1,0,1,0,1,1,1,0
0,1,1,0,0,0,0,0,0,1,1,0,0,1,1,0,0,0,1,0,0,0,0,0,0,0
0,0,1,1,1,0,0,0,0,0,0,0,0,0,0,0,0,0,1,0,1,1,0,-1,2,0
0,1,0,1,1,0,0,1,0,0,0,1,0,1,0,0,0,1,1,0,1,0,1,1,3,0
0,0,1,1,1,0,0,1,0,1,1,0,0,0,0,0,0,1,1,0,0,1,1,-1,2,0
0,0,0,0,0,0,1,0,1,0,0,1,0,1,0,0,0,0,1,0,1,0,2,1,1,0
0,0,1,0,0,1,0,0,1,0,0,1,1,1,1,1,0,0,0,0,0,0,2,0,0,2
0,0,0,0,0,0,0,0,1,0,1,1,0,1,1,1,0,0,1,0,0,0,1,-1,0,0
0,1,1,0,0,1,0,0,0,0,0,1,1,1,0,0,0,0,0,0,1,0,1,1,1,2
0,0,1,0,0,0,0,0,0,0,0,0,0,0,0,0,0,1,0,0,0,1,0,-1,1,1
0,0,0,0,0,0,0,0,1,0,0,1,0,1,0,0,0,0,1,0,1,0,1,1,1,0
1,0,0,0,1,0,0,0,1,0,0,0,0,0,0,0,0,0,1,1,1,1,1,0,3,0
0,0,0,0,0,1,0,0,1,0,0,1,1,1,1,0,0,0,0,0,0,0,2,0,0,3
0,0,0,0,0,0,0,0,1,0,0,1,0,1,0,0,0,0,0,0,0,0,1,1,0,0
0,0,1,0,0,0,0,0,1,1,1,0,0,1,1,0,0,0,1,0,0,1,1,-1,0,0
0,0,1,0,0,0,0,0,1,0,0,1,0,0,1,0,0,0,0,0,0,0,1,-1,0,0
1,1,0,0,0,0,0,1,0,0,1,0,0,0,1,0,0,0,1,0,0,0,1,-1,0,1
0,0,0,0,0,0,0,0,1,0,1,1,0,1,1,0,0,0,1,0,0,0,1,-1,0,0
0,0,0,0,0,1,0,0,1,0,0,1,1,1,0,1,0,0,0,0,0,0,2,1,0,2
0,0,1,0,0,1,0,0,1,0,0,0,0,1,0,0,0,0,0,0,1,0,2,1,1,1
0,0,1,1,1,0,0,0,1,0,1,1,0,1,1,0,0,0,1,0,1,1,1,1,2,0
0,1,0,0,0,0,0,0,1,1,1,1,0,1,1,1,0,0,1,0,0,0,1,-1,0,0
0,0,1,0,0,0,0,0,1,1,1,1,0,1,0,0,0,0,1,0,1,1,1,-1,1,0
0,0,1,0,0,0,0,0,1,1,1,1,0,1,1,0,0,0,1,0,0,0,1,1,0,0
0,0,0,0,0,0,0,0,1,1,1,0,0,1,1,0,0,0,1,0,0,0,1,-1,0,1
1,0,0,0,0,0,0,0,0,0,0,0,1,0,0,0,0,0,0,0,0,1,0,0,0,1
0,0,0,0,0,0,0,1,0,0,0,0,0,0,0,0,0,1,0,0,1,1,1,-1,2,1
0,1,0,0,0,1,0,0,1,0,0,1,1,1,0,1,0,0,0,0,0,0,2,1,0,2
0,1,1,0,0,0,0,0,1,0,0,0,0,1,0,0,0,0,1,0,1,1,1,1,1,0
0,1,1,0,0,0,0,0,0,0,0,1,0,0,1,0,0,0,1,0,1,0,0,0,1,0
0,0,1,0,0,0,0,0,0,0,0,1,0,1,0,0,0,0,0,0,0,0,0,0,0,0
0,0,1,0,1,0,0,1,0,0,0,1,0,1,0,0,0,0,1,0,0,1,1,0,1,0
0,0,0,0,0,0,0,0,1,0,0,1,0,0,0,0,0,0,1,0,1,1,1,0,1,0
0,1,1,0,0,0,0,0,1,0,0,1,0,1,1,0,0,0,0,0,0,1,1,-1,0,0
0,0,0,0,0,0,0,0,1,0,1,1,0,0,1,1,0,0,1,0,0,0,1,0,0,0
0,0,0,0,0,0,0,1,0,0,0,1,0,1,1,0,0,1,1,0,0,1,1,1,1,0
0,1,1,0,0,1,0,0,1,0,0,1,1,1,1,1,0,0,0,0,0,0,2,-1,0,3
0,1,0,0,0,0,0,0,1,1,1,1,0,1,1,1,0,0,1,0,1,0,1,0,1,0
0,0,0,0,0,0,0,0,1,1,1,0,0,0,1,0,0,0,1,0,1,1,1,0,1,0
0,1,0,0,0,0,0,0,1,1,1,1,0,1,1,1,0,0,1,0,0,1,1,-1,0,0
1,0,1,1,1,0,0,0,1,0,0,1,0,0,1,0,0,0,1,0,0,0,1,-2,1,0
0,0,1,0,0,0,0,0,1,0,0,1,1,1,1,0,0,0,0,0,0,0,1,-1,0,2
0,0,1,0,0,0,0,0,1,0,0,1,0,1,1,1,0,0,0,0,0,0,1,0,0,0
0,1,1,0,0,1,0,0,1,0,0,1,1,1,1,1,0,0,0,0,0,0,2,-1,0,2
0,0,1,1,1,0,0,1,0,1,1,0,0,1,0,0,0,1,1,0,1,1,1,1,3,0
0,1,1,0,0,0,0,0,1,0,0,1,0,1,0,0,0,0,1,0,0,1,1,0,0,0
0,0,0,0,0,0,0,0,1,1,1,0,0,1,1,0,0,0,1,0,0,1,1,1,0,1
1,0,0,0,0,0,0,0,1,0,0,0,0,0,0,0,0,0,1,0,0,0,1,-2,0,0
0,0,1,0,0,0,0,0,1,0,0,1,0,1,0,0,0,0,1,0,0,1,1,0,0,0
0,0,0,0,0,0,0,0,1,0,0,0,0,1,0,0,0,0,1,0,1,0,1,1,1,0
0,0,0,1,1,0,0,0,0,0,1,0,0,0,0,0,0,1,1,0,1,1,0,-1,3,0
0,0,1,0,0,0,0,0,1,0,0,1,0,1,1,0,0,0,1,0,0,0,1,0,0,0
0,0,1,0,0,0,1,0,1,1,1,0,0,1,1,0,0,0,1,0,0,1,2,-1,0,0
0,0,0,0,0,0,0,0,1,0,1,1,0,0,1,0,0,0,1,1,1,1,1,0,2,0
0,0,1,0,0,0,0,0,1,0,0,1,1,1,1,0,0,0,1,0,0,0,1,-1,0,1
0,1,0,0,0,1,0,0,1,0,0,1,1,1,1,1,0,0,0,0,0,0,2,0,0,2
0,1,1,0,0,0,0,0,1,0,0,1,1,1,0,1,1,0,0,0,0,0,1,0,0,1
0,0,0,1,0,0,0,0,0,0,0,0,0,1,1,0,0,0,1,0,0,1,0,0,0,0
0,0,0,0,0,0,0,0,1,0,0,1,0,1,0,0,0,0,1,0,0,1,1,0,0,0
0,0,1,0,1,0,0,0,0,0,1,0,0,1,1,0,0,0,1,0,0,0,0,-1,1,0
0,0,1,0,0,0,0,0,1,1,1,0,0,1,1,0,0,0,1,0,0,1,1,0,0,0
0,0,0,0,0,0,0,0,1,1,1,1,1,1,0,0,0,0,1,0,1,0,1,0,1,1
0,0,0,0,0,0,0,0,1,1,1,1,0,1,0,0,0,0,1,0,0,1,1,1,0,0
0,0,1,1,1,0,0,0,0,0,1,0,0,1,1,0,0,1,1,0,1,1,0,0,3,0
0,0,1,0,0,0,0,0,1,0,0,0,1,1,0,0,0,0,0,0,0,0,1,1,0,1
0,1,1,0,0,1,0,0,1,0,0,1,1,1,0,0,0,0,0,0,0,0,2,0,0,3
0,1,0,0,0,1,0,0,1,0,0,1,1,1,1,1,0,0,0,0,0,0,2,0,0,2
0,0,0,0,0,0,0,0,0,0,0,0,0,0,0,0,0,0,0,0,0,1,0,-1,0,0
0,0,0,0,0,1,0,0,0,0,0,0,1,1,1,0,0,0,0,0,0,0,1,1,0,3
0,0,0,0,0,0,0,0,1,1,1,0,0,1,0,0,0,0,1,0,1,0,1,0,1,0
0,0,1,0,1,0,0,1,0,0,0,1,0,0,0,0,0,1,1,0,1,1,1,0,3,0
0,1,0,0,0,0,0,0,0,1,1,0,0,0,1,0,0,0,1,0,1,0,0,-1,1,0
0,0,0,0,0,0,0,0,0,0,0,0,0,0,0,0,0,1,0,0,1,1,0,0,2,1
0,1,0,0,0,0,0,0,1,0,0,1,0,1,0,0,0,0,1,0,1,0,1,1,1,0
0,1,1,0,0,0,0,0,1,0,0,1,1,1,1,1,1,0,1,0,0,0,1,0,0,1
0,0,1,0,0,0,0,0,1,0,0,1,0,1,0,0,0,0,0,0,0,0,1,-1,0,0
0,0,0,0,0,0,0,0,1,0,0,1,0,1,1,0,0,0,1,0,0,1,1,1,0,0
0,1,1,0,0,0,0,0,1,1,1,0,0,1,0,0,0,0,1,0,0,1,1,-1,0,0
0,0,1,0,0,0,0,1,0,0,0,0,0,0,0,0,0,1,1,0,1,1,1,-1,2,0
0,1,0,0,0,0,0,0,1,0,0,0,0,0,0,0,0,0,1,0,0,0,1,0,0,0
0,0,1,1,1,0,0,0,1,0,0,1,0,1,0,1,0,0,1,0,0,0,1,0,1,0
0,0,0,0,0,0,0,0,0,0,1,0,0,0,0,0,0,0,1,0,1,1,0,-1,1,0
1,0,0,0,0,0,0,0,0,0,0,0,0,0,0,0,0,0,1,0,0,0,0,-1,0,0
0,1,1,0,0,1,0,0,1,0,1,1,0,1,1,0,0,0,1,0,0,0,2,0,0,1
0,0,0,1,0,0,0,0,0,1,1,0,0,1,1,0,0,1,1,0,0,0,0,1,1,0
0,0,0,0,0,0,0,0,1,0,0,0,0,0,0,0,0,0,0,0,0,0,1,-1,0,0
0,0,0,0,0,0,0,0,1,0,0,0,0,0,0,0,0,0,1,0,1,0,1,0,1,0
0,0,1,0,0,0,0,0,0,1,1,1,0,1,0,1,0,1,1,0,0,1,0,-1,1,1
1,0,0,0,0,0,0,0,1,0,0,0,0,0,0,0,0,0,0,0,1,1,1,0,1,1
0,0,0,0,0,0,0,0,1,0,0,0,0,1,0,0,0,0,1,1,1,1,1,1,2,0
0,0,1,0,0,0,0,0,1,1,1,1,0,1,0,0,0,0,1,0,1,1,1,1,1,0
0,0,1,0,1,0,0,0,0,1,1,1,0,1,1,0,0,0,1,0,0,1,0,0,1,0
0,1,0,0,0,0,0,0,1,0,0,0,0,0,1,1,0,0,1,0,0,0,1,0,0,0
0,0,1,1,1,0,0,1,0,1,1,0,0,1,0,0,0,1,1,0,1,1,1,0,3,0
0,0,1,0,0,0,0,0,1,1,1,1,0,1,0,0,0,0,1,0,0,1,1,-1,0,0
0,0,0,0,1,0,0,0,1,0,0,0,0,0,1,0,0,0,1,0,0,0,1,-2,1,0
0,0,1,0,0,0,0,0,1,0,0,1,0,1,0,0,0,0,0,0,0,0,1,0,0,1
0,0,1,0,0,0,0,0,1,0,0,1,0,1,1,0,0,0,0,0,0,1,1,1,0,0
0,0,0,0,0,0,0,0,0,0,0,0,0,0,0,0,0,0,1,0,0,0,0,0,0,0
0,1,0,0,0,0,0,1,0,0,0,0,0,0,0,0,0,0,1,0,0,0,1,-2,0,0
0,0,1,1,0,0,0,0,0,1,1,0,0,0,1,0,0,0,1,0,1,1,0,0,1,0
0,0,0,0,0,0,0,0,0,0,0,1,0,1,1,0,0,0,1,0,0,1,0,0,0,0
0,1,0,0,0,0,0,0,1,0,0,1,0,1,1,0,0,0,1,0,0,0,1,1,0,0
0,1,1,0,0,0,0,0,1,0,0,0,1,1,1,0,0,0,0,0,0,0,1,1,0,1
0,0,0,0,0,0,0,0,1,0,0,0,0,0,1,0,0,1,1,0,1,1,1,0,2,0
0,0,1,0,0,0,0,0,0,1,1,1,0,0,0,0,0,1,1,0,1,1,0,0,2,0
0,0,0,0,0,0,0,0,0,1,1,0,0,0,1,0,0,0,1,0,0,1,0,-1,0,0
0,0,1,0,0,0,0,1,0,1,1,0,0,0,0,0,0,1,1,0,1,1,1,0,2,0
1,0,0,0,0,0,0,0,0,1,0,0,0,0,0,0,0,0,1,0,1,1,0,0,1,0
1,0,0,0,0,0,0,0,1,0,0,1,1,1,0,0,0,0,0,0,1,0,1,0,1,1
1,0,1,0,0,1,0,0,1,0,0,0,1,0,0,0,0,0,0,0,0,1,2,-2,0,2
0,0,0,0,0,0,0,0,0,0,0,0,1,1,1,0,0,0,0,0,0,0,0,0,0,2
0,0,1,1,1,0,0,1,0,0,0,1,0,1,0,0,0,0,1,0,1,1,1,0,2,0
0,0,1,0,0,1,0,0,1,0,0,1,0,1,1,0,0,0,0,0,0,1,2,-1,0,1
1,1,0,0,0,0,0,1,0,0,0,1,0,0,0,0,0,0,1,0,1,1,1,0,1,0
0,0,1,0,0,0,0,0,0,0,1,0,0,1,0,0,0,0,1,0,1,1,0,1,1,0
0,0,1,0,0,0,0,0,0,1,1,0,0,0,1,0,0,0,1,0,1,1,0,-1,1,0
0,0,0,1,1,0,0,0,1,0,1,0,0,1,1,0,0,0,1,0,0,1,1,-1,1,0
0,0,1,0,0,1,0,0,1,0,0,1,0,1,1,0,1,0,0,0,0,0,2,-1,0,1
0,0,0,0,0,0,0,0,1,0,1,0,0,0,0,0,0,0,1,0,0,1,1,-1,0,0
0,0,0,1,0,0,0,1,0,0,0,0,0,0,0,0,0,1,0,0,1,1,1,0,2,1
0,0,1,0,0,0,0,0,1,0,0,1,0,1,1,0,0,0,1,0,0,0,1,0,0,0
0,1,1,0,0,1,0,0,1,0,0,1,1,1,0,0,0,0,0,0,0,0,2,1,0,2
0,1,0,0,0,0,0,0,1,1,1,1,1,1,1,0,0,0,1,0,0,0,1,1,0,1
0,0,1,0,0,0,0,0,0,1,1,0,0,0,0,0,0,0,1,0,1,1,0,0,1,0
0,0,0,0,1,0,0,0,1,1,1,0,0,1,1,1,0,0,1,0,0,0,1,0,1,0
0,0,1,0,0,0,0,0,1,1,1,0,0,1,1,0,0,0,1,0,1,0,1,0,1,0
0,0,1,1,0,1,0,0,1,0,0,0,0,0,0,0,0,0,0,0,0,1,2,-2,0,1
0,0,1,0,0,0,0,0,1,1,1,1,0,1,0,0,0,0,1,0,0,0,1,0,0,0
0,0,0,0,1,0,0,0,1,1,1,1,0,1,0,0,0,0,1,0,1,1,1,1,2,0
0,1,0,0,0,1,0,0,1,0,0,1,1,1,1,1,0,0,0,0,0,0,2,1,0,2
0,0,0,0,0,0,0,0,1,0,0,0,0,1,1,0,0,0,1,0,0,1,1,0,0,0
0,0,0,0,0,0,0,0,0,1,1,0,0,1,0,0,0,0,1,0,1,1,0,1,1,0
0,0,0,0,0,0,0,0,1,0,0,1,0,1,0,0,0,0,1,1,0,1,1,-1,1,0
0,0,1,0,0,0,0,0,1,1,0,1,0,1,1,0,0,0,1,0,0,1,1,-1,0,0
0,1,1,0,0,0,0,0,1,0,0,1,0,0,1,0,0,0,1,0,0,0,1,-2,0,0
0,0,0,0,0,0,0,0,1,0,0,0,0,1,0,1,0,0,1,0,0,0,1,0,0,0
0,0,0,0,0,1,0,0,1,0,0,1,1,1,1,1,0,0,0,0,0,0,2,1,0,2
0,0,1,0,1,0,0,0,0,0,1,0,0,0,1,0,0,0,1,0,0,1,0,-2,1,0
0,0,0,1,1,0,0,0,0,0,0,0,0,1,0,0,0,0,1,0,1,1,0,0,2,0
0,1,1,0,0,0,0,0,1,0,1,1,0,1,1,0,0,0,1,0,0,1,1,0,0,0
0,0,1,0,0,0,0,0,1,0,0,1,0,1,0,0,0,0,1,0,1,1,1,1,1,0
0,0,0,0,0,0,0,0,1,0,0,1,0,1,0,0,0,0,1,0,1,0,1,1,1,0
0,1,1,0,0,0,0,0,1,0,0,1,0,1,0,0,0,0,0,0,0,0,1,1,0,0
1,1,0,0,1,0,0,0,1,1,1,0,0,0,0,0,0,0,1,1,1,0,1,0,3,0
0,0,0,0,0,0,0,1,0,1,1,1,0,0,0,0,0,1,1,0,1,1,1,0,2,0
0,1,1,0,0,0,0,0,1,0,0,1,0,1,1,1,0,0,1,0,0,0,1,-1,0,0
0,1,0,0,0,0,0,0,1,0,0,1,0,1,1,0,0,0,0,0,0,1,1,0,0,0
0,0,0,0,0,0,0,0,1,0,1,1,0,1,1,0,0,0,1,1,1,1,1,1,2,0
0,0,1,0,0,1,0,0,1,0,0,1,1,1,0,0,0,0,0,0,0,0,2,-1,0,2
0,0,0,1,1,0,0,0,1,1,1,1,0,1,0,0,0,0,1,0,0,1,1,-1,1,0
0,0,0,0,0,0,0,0,1,1,1,1,0,1,1,0,0,0,1,0,0,0,1,0,0,0
0,1,0,0,0,1,0,0,1,0,0,1,0,1,1,0,0,0,0,0,0,0,2,1,0,2
0,1,0,0,0,1,0,0,1,0,0,1,0,1,1,0,0,0,0,0,0,1,2,0,0,2
0,0,1,1,0,0,0,1,0,0,0,1,0,1,1,0,0,1,1,0,1,1,1,0,2,0
0,0,0,1,0,0,0,0,0,1,1,0,0,0,0,0,0,1,1,0,1,1,0,0,2,0
0,0,0,0,1,0,1,0,0,1,1,0,0,0,0,0,0,0,1,0,1,1,1,-1,2,0
0,1,0,0,0,1,0,0,1,0,0,1,0,0,1,1,0,1,1,0,0,0,2,0,1,2
0,0,1,0,1,0,0,1,0,0,1,0,0,0,0,0,0,1,1,0,1,1,1,0,3,0
0,0,0,0,0,0,0,0,1,0,0,1,0,0,1,1,0,0,1,0,0,0,1,-1,0,0
0,0,0,0,0,0,0,0,1,1,1,1,0,1,1,0,1,0,1,0,0,0,1,-1,0,0
1,0,1,0,0,1,0,0,1,0,0,0,0,1,0,0,0,0,0,0,0,0,2,1,0,1
0,0,0,0,0,0,1,0,1,0,0,1,0,1,1,1,0,0,0,0,0,0,2,0,0,0
0,0,1,0,0,1,0,0,1,0,0,0,0,1,1,1,0,0,0,1,0,1,2,0,1,1
1,0,1,0,0,0,0,0,0,0,0,0,0,1,0,0,0,0,0,0,0,0,0,1,0,0
0,0,0,0,0,1,0,0,1,0,0,1,0,1,1,0,0,0,0,0,0,0,2,1,0,1
0,0,1,0,0,0,0,0,1,0,0,0,1,1,0,0,0,0,0,0,0,0,1,0,0,1
0,0,1,1,1,0,0,1,0,0,1,0,0,1,0,0,0,1,1,0,1,1,1,1,3,0
0,0,0,0,0,1,0,0,1,0,0,0,0,0,0,0,0,0,0,0,1,0,2,0,1,1
0,0,0,0,0,0,0,1,0,0,1,1,0,1,0,0,0,1,1,0,1,1,1,1,2,0
0,1,1,0,0,0,0,0,1,0,0,1,0,1,0,0,0,0,0,0,0,0,1,0,0,0
0,1,1,0,0,1,0,0,1,0,0,1,0,1,0,0,0,0,0,0,1,1,2,-1,1,1
0,0,1,0,0,1,0,0,1,0,0,0,0,1,1,0,0,0,0,0,0,0,2,0,0,1
0,0,1,0,0,0,0,0,0,0,0,0,0,0,1,0,0,0,1,0,0,0,0,-2,0,0
0,0,0,0,0,0,0,0,1,0,0,1,0,1,0,0,0,0,1,0,0,1,1,0,0,0
0,1,0,0,0,0,0,0,1,0,1,1,0,1,1,0,0,0,1,0,0,0,1,0,0,0
0,1,1,0,0,0,1,0,1,0,0,0,0,1,1,1,0,0,1,0,0,1,2,-1,0,0
0,0,1,0,0,1,0,0,1,0,0,1,0,1,1,0,0,0,0,0,0,1,2,0,0,2
0,0,1,0,0,0,0,0,1,0,1,0,0,1,1,0,0,0,1,0,0,0,1,0,0,0
0,1,1,0,0,1,0,0,1,0,0,1,1,1,1,0,0,0,0,0,0,0,2,0,0,2
0,0,0,0,0,0,0,0,1,0,0,1,0,1,1,0,0,0,1,0,1,1,1,0,1,0
0,1,1,0,0,0,1,0,1,0,0,1,0,1,0,0,0,0,1,0,0,1,2,1,0,0
0,0,0,0,0,0,0,0,1,1,1,1,0,1,0,0,0,0,1,0,0,0,1,1,0,0
0,1,0,0,0,0,0,0,1,0,0,1,0,1,0,0,0,0,1,0,0,0,1,-1,0,0
0,0,1,0,0,0,0,0,1,1,1,1,0,1,0,0,0,0,1,0,1,1,1,0,1,0
0,0,1,0,0,0,0,0,1,0,0,1,0,1,1,0,0,0,1,0,0,0,1,0,0,0
0,0,0,0,0,1,0,0,1,0,1,0,0,0,1,0,0,0,1,0,0,1,2,0,0,1
0,1,1,0,0,0,0,0,1,1,1,1,0,1,1,0,0,0,1,0,0,1,1,1,0,0
0,0,0,0,0,0,0,1,0,0,0,0,0,1,0,0,0,1,1,0,0,0,1,0,1,0
0,1,0,0,0,0,0,0,1,0,0,1,0,0,1,1,0,0,1,0,0,0,1,-2,0,0
0,0,0,0,0,0,0,0,1,1,1,0,0,0,0,0,0,0,1,0,0,0,1,-1,0,0
0,0,0,0,0,0,0,0,0,1,1,1,0,1,0,0,0,0,1,0,0,0,0,0,0,0
0,0,0,0,0,0,0,0,1,1,1,1,0,1,0,0,0,0,1,0,0,1,1,0,0,0
0,0,0,0,0,0,0,0,1,1,1,1,0,1,0,0,0,0,1,0,0,0,1,1,0,0
0,0,0,0,0,1,0,0,1,0,0,0,0,0,0,0,0,0,0,0,0,0,2,-1,0,2
0,0,1,0,0,0,0,0,1,1,1,1,0,1,1,0,0,0,1,0,1,0,1,1,1,0
0,0,1,0,0,0,0,0,0,1,1,0,0,0,0,0,0,0,1,0,1,1,0,-1,1,0
0,0,0,0,0,0,0,0,1,1,1,1,0,0,1,0,0,0,1,0,1,1,1,0,1,0
1,0,0,0,0,0,0,0,1,0,0,1,0,0,0,0,0,0,1,0,1,0,1,0,1,0
0,0,1,0,0,0,0,0,1,0,0,0,0,1,1,0,0,0,0,0,0,0,1,1,0,1
0,0,0,0,0,1,0,0,1,0,0,1,0,1,1,1,0,0,0,0,0,1,2,0,0,2
0,0,0,0,0,1,0,0,1,0,0,0,0,1,1,1,0,0,0,0,0,0,2,0,0,1
0,1,0,0,0,1,0,0,1,0,0,0,0,1,0,0,1,0,0,0,0,0,2,1,0,1
1,1,1,0,0,1,0,0,1,0,0,1,1,1,1,1,1,0,0,0,0,0,2,1,0,2
0,0,0,0,0,0,0,1,0,0,0,1,0,0,0,0,0,1,0,0,1,1,1,-2,2,0
0,0,1,0,0,1,0,0,1,0,0,1,0,0,1,1,1,0,0,0,1,0,2,0,1,2
0,0,1,0,0,0,0,0,1,0,1,1,0,0,0,0,0,0,1,0,0,0,1,0,0,0
0,0,0,0,0,0,0,0,1,1,1,0,0,0,0,1,0,0,1,0,0,1,1,0,0,0
0,0,0,0,0,0,0,0,1,0,1,0,0,0,0,0,0,0,1,0,1,0,1,-1,1,0
0,1,0,0,1,0,0,0,1,0,0,1,1,0,1,1,0,0,0,0,0,0,1,-1,1,2
0,0,0,0,0,0,0,0,1,0,1,0,0,1,0,0,0,0,1,0,1,1,1,1,1,0
0,0,0,0,1,0,0,0,1,1,1,0,0,0,1,1,0,0,1,0,0,1,1,0,1,0
0,0,1,0,0,1,0,0,1,0,0,1,1,1,0,0,0,0,0,0,0,0,2,0,0,2
1,0,0,0,0,1,0,1,0,0,0,0,0,0,0,0,0,0,0,0,0,0,2,0,0,2
0,0,1,0,0,1,0,0,1,0,0,1,1,1,0,1,0,0,0,0,0,0,2,0,0,2
0,0,0,1,0,1,0,0,1,0,0,0,0,0,0,0,0,1,0,0,1,1,2,0,2,1
0,1,0,0,0,1,0,0,1,0,0,1,0,1,0,0,1,0,0,0,1,0,2,0,1,1
0,1,1,0,0,1,0,0,1,0,0,0,0,0,1,0,0,0,0,0,0,0,2,-1,0,1
0,0,1,0,0,0,0,0,1,0,0,1,1,1,1,0,0,0,0,0,0,0,1,0,0,2
1,0,0,1,0,0,0,0,0,0,0,0,0,0,0,0,0,0,0,0,0,1,0,0,0,1
0,0,0,0,0,0,0,0,1,0,0,1,0,1,1,0,0,0,1,0,0,0,1,0,0,0
0,0,0,0,0,0,0,0,0,0,0,0,0,0,0,0,0,0,1,0,1,0,0,-1,1,0
1,1,0,0,0,0,0,0,1,0,0,0,0,0,1,0,0,0,1,0,0,0,1,0,0,0
0,0,0,0,0,0,0,0,1,1,1,0,0,1,1,0,0,0,1,0,1,0,1,-1,1,0
0,0,1,0,0,0,0,0,1,0,0,1,1,1,1,1,0,0,0,0,0,0,1,0,0,1
0,1,0,0,0,0,0,0,0,0,0,1,0,1,0,0,0,0,1,0,1,0,0,1,1,0
0,0,0,1,0,0,0,1,0,0,0,1,0,0,0,0,0,1,1,0,1,1,1,-1,2,0
0,0,1,0,0,1,0,0,1,0,0,1,1,1,1,0,1,0,0,0,0,0,2,-1,0,2
0,0,0,0,0,0,0,0,1,0,1,0,0,0,0,0,0,0,1,0,0,0,1,-1,0,0
0,0,0,0,0,0,0,0,0,1,1,1,0,1,1,0,0,0,1,0,1,1,0,1,1,0
0,0,1,0,0,0,0,0,1,0,0,1,0,1,0,0,0,0,0,0,0,0,1,0,0,0
0,1,0,0,0,0,0,0,1,0,0,0,0,0,1,1,0,0,0,0,1,0,1,0,1,1
0,0,1,0,0,0,0,0,1,0,1,0,0,0,1,0,0,0,1,0,1,1,1,0,1,0
0,1,0,0,0,0,0,0,1,0,0,0,0,0,0,0,0,0,1,0,0,0,1,-1,0,0
0,0,0,0,0,0,0,0,1,0,0,0,0,0,1,0,0,0,1,1,0,1,1,-2,1,0
1,1,0,0,0,0,0,0,1,0,0,1,0,1,0,0,0,0,0,0,0,0,1,0,0,0
1,0,0,0,0,0,0,0,0,1,1,0,0,0,0,0,0,0,1,0,1,1,0,0,1,0
0,0,1,0,0,0,0,0,1,1,1,1,0,0,0,0,0,0,1,0,1,1,1,0,1,0
0,1,0,0,0,0,0,0,1,1,1,0,0,0,1,1,0,0,1,0,0,0,1,-1,0,0
0,0,1,0,0,0,0,0,1,0,0,1,1,1,1,0,1,0,0,0,0,0,1,-1,0,1
0,0,0,0,0,1,0,0,1,0,0,1,0,1,1,1,0,0,0,0,0,0,2,1,0,1
0,0,1,0,0,0,0,0,1,0,0,1,1,1,0,0,0,0,0,0,0,1,1,1,0,1
0,0,1,0,0,0,0,0,0,1,1,1,0,0,0,0,0,0,1,0,0,1,0,0,0,0
0,0,1,0,1,0,0,0,1,1,1,1,0,0,1,0,0,0,1,0,0,1,1,-1,1,0
0,1,1,0,0,1,0,0,1,0,0,0,0,1,1,0,0,0,1,0,0,0,2,1,0,1
0,0,0,1,1,0,0,1,0,1,1,1,0,1,0,0,0,0,1,0,1,1,1,1,2,0
1,0,0,0,0,0,0,0,1,0,0,0,0,0,0,0,0,0,1,0,1,0,1,0,1,0
0,1,1,0,0,1,0,0,1,0,0,1,1,1,1,0,1,0,0,0,0,0,2,0,0,3
0,0,1,0,0,1,0,0,1,0,0,0,0,0,1,0,0,0,0,0,1,0,2,-1,1,1
0,1,0,0,0,0,0,0,1,1,1,1,1,1,0,0,0,0,1,0,1,1,1,1,1,1
0,0,0,0,0,0,0,0,1,0,0,1,1,1,0,0,0,0,0,0,0,0,1,0,0,1
0,0,0,0,0,1,0,0,0,0,0,1,1,1,0,0,0,0,0,0,0,0,1,1,0,2
0,0,1,0,0,0,0,0,1,1,1,1,0,1,1,0,0,0,1,0,0,1,1,0,0,0
0,1,0,0,0,0,0,0,1,0,0,1,0,1,1,1,0,0,1,0,0,1,1,1,0,0
0,0,0,0,0,0,0,0,1,0,0,1,0,0,0,0,0,0,1,0,1,0,1,0,1,0
0,0,0,0,1,0,0,0,0,0,0,1,0,1,0,0,0,0,1,0,1,1,0,1,2,0
0,0,0,0,0,0,0,0,1,0,0,1,0,1,0,0,0,0,1,0,1,1,1,0,1,0
0,0,1,0,0,0,0,0,1,1,1,1,0,1,0,0,0,0,1,0,1,0,1,0,1,0
1,0,0,0,0,1,0,0,0,0,0,0,0,0,0,0,0,0,0,0,0,0,1,0,0,1
0,0,0,0,0,1,0,0,1,0,0,1,1,1,1,0,0,0,0,0,0,0,2,0,0,2
0,0,1,0,0,0,0,0,1,0,0,1,1,1,1,0,0,0,0,0,0,0,1,0,0,1
0,0,0,0,0,0,0,0,1,1,1,0,0,0,1,0,0,0,1,0,1,0,1,0,1,0
0,0,0,0,0,0,0,0,1,0,0,1,0,1,1,0,0,0,1,0,0,1,1,0,0,0
0,0,1,0,0,0,0,0,1,1,1,0,0,1,0,0,0,0,1,0,0,0,1,-1,0,0
1,0,1,0,1,0,0,1,0,0,0,0,0,0,0,0,0,1,1,0,1,1,1,0,3,0
0,0,1,1,0,0,0,0,1,1,1,0,0,0,0,0,0,0,1,0,0,1,1,-2,0,0
0,1,1,1,0,0,0,0,0,0,0,1,0,1,0,0,0,1,1,0,0,1,0,1,1,0
0,0,0,0,0,0,0,0,0,0,0,1,0,0,0,0,0,0,0,0,1,0,0,0,1,0
0,0,1,0,0,0,0,0,1,0,1,1,0,1,0,0,0,0,1,0,1,1,1,1,1,0
0,0,0,1,0,0,0,0,1,0,0,1,0,1,0,0,0,0,1,0,0,0,1,1,0,0
1,0,0,0,0,0,0,0,1,0,1,0,0,0,0,0,0,0,1,0,1,0,1,-1,1,0
0,0,1,1,1,0,0,0,0,0,0,1,0,1,0,0,0,1,1,1,0,1,0,1,3,0
0,1,1,0,0,1,0,0,1,0,0,1,1,1,1,0,1,0,0,0,0,0,2,0,0,2
0,1,1,0,0,0,0,0,1,0,0,1,0,1,1,0,0,0,1,0,1,0,1,0,1,0
0,0,1,0,0,0,0,0,1,0,0,0,0,0,1,0,0,0,1,0,1,1,1,0,1,0
0,0,1,0,0,1,0,0,0,0,0,1,0,1,0,0,0,0,1,0,1,0,1,1,1,1
0,0,0,0,0,0,0,0,0,1,1,0,0,0,0,0,0,0,1,0,1,1,0,-1,1,0
0,1,1,0,0,1,0,0,1,0,0,1,1,1,1,0,0,0,0,0,0,0,2,-1,0,2
0,0,1,0,0,1,0,0,1,0,0,1,1,1,1,1,1,0,0,0,0,0,2,1,0,2
1,0,1,0,0,1,0,0,1,0,0,1,1,1,0,0,0,0,0,0,0,0,2,0,0,2
0,0,1,0,1,0,0,0,1,0,0,1,0,1,0,0,0,1,1,0,0,1,1,0,2,0
1,0,0,0,1,0,0,0,1,0,0,0,0,0,0,0,0,1,1,0,0,1,1,0,2,0
0,0,0,0,0,0,0,0,0,0,0,0,0,1,1,0,0,0,1,0,0,0,0,0,0,0
0,0,1,1,0,0,0,1,0,0,0,1,0,1,0,0,0,1,1,0,1,1,1,1,2,0
0,0,0,0,0,1,0,0,0,0,0,0,0,0,0,0,0,1,0,0,0,1,1,-2,1,2
0,0,1,0,0,0,0,0,1,0,0,0,0,0,0,0,0,0,1,0,0,1,1,0,0,0
0,0,1,0,0,1,0,0,1,0,0,1,1,0,1,0,0,0,0,0,0,0,2,-1,0,2
0,1,1,0,0,0,0,0,1,1,0,1,0,0,1,0,0,0,1,0,0,0,1,-1,0,0
0,0,1,0,0,0,0,0,1,0,0,1,0,1,1,1,0,0,1,0,0,0,1,0,0,0
0,0,1,0,0,0,0,0,0,0,1,1,0,1,1,0,0,0,1,0,0,0,0,0,0,0
0,0,1,0,0,1,0,0,1,0,0,1,0,0,0,0,0,0,0,0,0,0,2,-1,0,2
1,0,1,1,0,0,0,1,0,1,1,0,0,0,0,0,0,0,1,0,0,0,1,-2,0,0
0,1,0,0,0,0,0,0,1,0,0,1,0,1,0,0,0,0,1,0,0,0,1,0,0,0
0,0,0,1,1,0,0,0,0,1,1,0,0,0,0,0,0,0,1,0,1,1,0,0,2,0
1,0,1,0,1,0,0,0,1,0,0,0,0,0,0,0,0,0,0,0,1,0,1,0,2,0
0,0,0,0,0,0,0,0,1,1,1,0,0,1,0,0,0,0,1,0,1,1,1,1,1,0
0,0,1,0,0,0,0,0,1,0,0,1,0,1,0,0,0,1,1,0,0,1,1,1,1,0
0,1,0,0,0,0,0,0,0,0,0,1,0,0,0,0,0,0,0,0,1,0,0,0,1,0
0,1,1,0,0,0,0,0,1,0,0,1,1,1,1,1,0,0,0,0,0,0,1,-1,0,1
0,0,1,0,0,1,0,0,1,0,0,1,1,1,0,0,0,0,0,0,0,1,2,-1,0,2
0,0,0,1,1,0,0,0,1,0,1,1,0,1,0,0,0,0,1,0,0,1,1,-1,1,0
0,0,1,0,1,0,0,0,1,0,0,1,0,0,0,0,0,0,1,0,0,1,1,-1,1,0
0,0,1,0,0,0,0,0,1,0,0,0,1,1,0,0,0,0,0,0,0,0,1,1,0,1
0,0,0,0,0,0,0,0,1,1,1,0,0,1,0,0,0,0,1,0,0,1,1,0,0,0
0,0,1,0,0,1,0,0,1,0,0,1,1,1,0,1,0,0,0,0,0,0,2,1,0,2
0,0,0,0,0,0,0,0,1,1,1,1,1,1,1,0,0,0,1,0,0,0,1,1,0,1
0,1,0,0,0,0,0,0,1,0,0,1,0,1,1,1,0,0,1,0,0,1,1,1,0,0
0,0,1,0,0,0,0,0,1,1,1,1,0,1,0,0,0,0,1,0,0,0,1,-1,0,0
0,0,1,0,0,0,0,0,1,1,1,1,0,1,0,0,0,0,1,0,1,1,1,0,1,0
1,0,1,0,0,0,0,0,1,0,0,0,0,0,1,1,0,0,1,0,0,0,1,-2,0,0
0,0,1,0,0,0,0,0,1,0,0,0,0,0,0,0,0,0,1,0,0,0,1,-1,0,0
0,0,1,0,0,1,0,0,1,0,0,0,0,1,1,0,0,1,0,0,0,0,2,0,1,1
0,1,1,0,0,0,0,0,1,1,0,1,0,1,1,0,1,0,1,0,0,0,1,-1,0,0
0,0,1,0,0,1,0,0,1,0,0,1,1,1,1,0,0,0,0,0,0,0,2,1,0,3
0,0,1,1,0,0,0,0,1,1,1,0,0,0,1,0,0,0,1,0,1,1,1,0,1,0
0,0,0,0,0,1,0,0,1,0,0,1,0,1,0,1,0,1,0,0,0,0,2,0,1,1
0,0,0,0,0,1,0,0,1,0,0,0,0,1,1,0,0,0,0,0,0,0,2,1,0,1
0,1,0,0,0,0,0,0,1,0,0,1,0,1,1,0,0,0,1,0,0,0,1,1,0,0
0,0,0,0,0,0,0,0,1,0,0,1,0,1,1,0,0,0,1,0,0,1,1,-1,0,1
0,0,1,0,0,0,0,0,1,0,0,1,1,1,1,0,1,0,0,0,0,0,1,0,0,1
0,0,1,0,0,0,0,0,1,1,1,1,0,1,0,0,0,0,1,0,0,0,1,0,0,0
0,0,1,0,0,0,0,0,1,1,1,0,0,0,0,0,0,0,1,0,0,1,1,-2,0,0
0,1,1,0,0,0,0,0,1,0,0,1,0,1,0,0,0,0,1,0,0,0,1,0,0,0
0,0,0,1,0,0,0,1,0,0,0,1,0,0,0,0,0,1,1,0,0,1,1,-1,1,0
0,1,0,0,0,0,0,0,0,0,0,1,0,1,0,1,0,0,1,0,0,0,0,-1,0,0
0,0,0,0,0,0,0,0,1,1,1,0,0,1,0,0,0,0,1,0,0,0,1,0,0,0
0,0,1,0,0,0,0,0,0,0,1,1,0,0,1,0,0,0,1,0,1,1,0,-2,1,0
0,0,0,0,0,1,0,0,0,0,0,1,1,1,1,0,0,0,0,0,0,0,1,1,0,2
0,1,1,0,0,0,0,0,1,1,1,1,1,1,1,0,0,0,1,0,0,0,1,0,0,1
0,0,1,0,0,0,0,0,1,1,1,1,0,1,1,0,0,0,1,0,1,0,1,0,1,0
0,1,0,0,0,1,0,0,0,0,0,1,0,1,1,1,0,0,0,0,0,0,1,1,0,1
0,0,0,0,0,0,0,0,1,1,1,1,0,0,1,0,0,0,1,0,1,1,1,0,1,0
0,1,1,0,0,0,0,0,1,0,0,1,0,1,0,1,0,1,0,0,0,0,1,1,1,0
0,0,1,0,1,0,0,0,0,0,0,0,0,0,0,0,0,0,1,0,1,1,0,-1,2,0
0,0,1,1,1,0,0,0,1,0,1,0,0,0,0,0,0,0,1,0,0,1,1,-1,1,0
0,0,0,0,0,0,0,0,1,0,1,0,0,1,1,1,0,0,1,0,0,1,1,0,0,0
0,0,0,0,0,0,0,1,0,0,0,1,0,1,0,0,0,1,1,0,1,1,1,0,2,0
0,0,0,0,0,0,0,0,1,1,1,0,0,0,0,1,0,0,1,0,1,1,1,-2,1,0
0,0,0,0,0,0,0,0,0,1,1,1,0,0,0,0,0,0,1,0,1,1,0,-1,1,0
0,0,0,0,0,0,0,0,1,0,0,1,0,0,0,1,0,0,1,0,0,0,1,-1,0,0
0,0,1,0,0,0,0,0,1,0,0,0,0,0,0,0,0,0,1,0,1,1,1,-1,1,0
0,1,0,0,0,0,0,0,1,0,0,0,0,1,1,0,0,0,1,0,0,1,1,1,0,0
1,0,1,0,0,0,0,0,1,0,0,0,0,0,1,0,0,0,1,0,0,0,1,0,0,0
0,0,0,0,0,1,0,0,1,0,0,1,1,0,1,0,0,0,0,0,0,0,2,-1,0,2
0,0,1,0,0,1,0,0,1,0,0,0,0,1,1,0,0,0,0,0,0,0,2,0,0,1
0,0,1,1,1,0,0,0,1,0,0,0,0,1,0,0,0,0,1,0,0,1,1,0,1,0
0,0,1,0,0,0,0,0,1,0,0,1,0,1,1,0,1,0,0,0,0,0,1,0,0,0
0,0,1,0,0,0,0,0,1,0,0,0,0,1,1,0,0,0,0,0,0,0,1,0,0,0
0,1,0,0,0,0,0,0,1,1,1,1,0,1,1,1,0,0,1,0,0,0,1,0,0,0
0,0,0,1,1,0,0,1,0,1,1,0,0,1,0,0,0,1,1,0,1,1,1,0,3,0
0,0,0,0,0,1,0,0,1,0,0,0,0,1,1,0,0,0,0,0,0,0,2,0,0,1
0,1,0,1,0,0,0,0,0,0,1,0,0,0,0,0,0,0,1,0,0,1,0,-2,0,0
0,0,1,0,0,0,0,0,0,0,0,1,0,1,0,0,0,0,1,0,1,0,0,1,1,0
0,1,0,0,0,0,0,0,1,1,1,0,0,1,1,0,0,0,1,0,0,0,1,0,0,0
0,0,0,0,0,0,0,0,0,0,1,1,0,1,0,0,0,1,1,0,1,1,0,0,2,0
0,0,0,0,1,0,0,0,1,1,1,0,0,1,1,0,0,0,1,0,1,0,1,0,2,0
0,0,0,0,0,1,0,0,1,0,0,1,1,1,1,0,1,0,0,0,0,0,2,0,0,2
0,1,0,0,0,0,0,0,1,0,0,1,0,1,0,0,0,0,1,0,0,0,1,0,0,0
0,0,0,0,0,0,0,0,1,0,0,1,1,1,1,1,0,0,0,0,0,0,1,1,0,1
0,0,0,0,0,0,0,1,0,1,1,0,0,0,0,0,0,1,1,0,1,1,1,-1,2,0
0,1,0,0,0,1,0,0,1,0,0,1,1,1,1,1,0,0,0,0,0,0,2,1,0,4
0,0,0,0,0,0,0,0,1,0,0,0,0,0,1,1,0,0,1,0,0,0,1,-1,0,0
0,1,1,0,0,1,0,0,1,0,0,1,1,1,0,0,0,0,0,0,0,0,2,0,0,2
0,1,0,0,0,0,0,1,0,0,0,0,0,1,0,0,0,1,1,0,1,1,1,1,2,0
0,0,0,0,1,0,0,1,0,0,1,0,0,0,1,0,0,0,1,0,1,1,1,0,2,0
0,0,0,0,0,0,0,1,0,1,1,0,0,0,0,0,0,1,1,0,1,1,1,0,2,0
1,0,0,0,0,0,0,0,1,1,1,0,0,0,0,0,0,0,1,0,1,0,1,0,1,0
0,0,1,0,0,0,0,0,1,0,0,1,1,1,1,0,0,0,0,0,0,0,1,0,0,1
0,0,1,0,0,0,0,0,1,0,0,1,0,1,1,0,0,0,1,0,1,1,1,1,1,0
1,0,1,0,0,0,0,0,0,0,0,0,0,0,0,0,0,0,0,0,1,1,0,0,1,2
0,0,1,0,0,0,0,0,1,1,1,1,0,1,1,0,0,0,1,0,1,0,1,0,1,0
0,0,1,0,0,0,0,0,1,0,1,1,0,1,1,0,0,0,1,0,0,0,1,0,0,0
1,0,0,0,0,0,0,0,1,0,0,1,0,1,0,0,0,0,1,0,0,0,1,1,0,0
1,0,0,0,0,0,0,0,0,0,0,0,0,0,0,0,0,0,0,0,0,1,0,-1,0,0
0,0,0,0,0,0,0,0,1,0,0,0,0,0,0,0,0,0,1,0,0,0,1,-1,0,0
0,0,0,1,1,0,0,0,1,0,1,1,0,1,0,0,0,0,1,0,0,1,1,1,1,0
1,0,0,0,0,0,0,0,0,1,1,0,0,0,0,0,0,0,1,0,1,0,0,0,1,0
0,0,0,0,0,0,0,0,0,0,1,0,0,0,1,0,0,1,0,0,1,1,0,-1,2,1
0,0,0,1,1,0,0,1,0,0,1,0,0,1,0,0,0,1,1,0,0,1,1,0,2,0
0,0,0,0,0,0,0,1,0,1,1,1,0,1,0,0,0,1,1,0,1,1,1,1,2,0
0,0,0,0,0,0,0,0,1,0,0,1,0,1,0,0,0,0,1,0,1,1,1,1,1,0
0,0,1,0,0,0,0,0,1,0,0,1,0,0,0,0,0,0,1,0,1,1,1,0,1,0
0,0,1,0,1,0,0,1,0,0,0,0,0,0,1,0,0,1,1,0,0,1,1,-1,2,0
0,0,0,0,0,1,0,0,1,0,0,1,0,1,1,0,0,0,0,0,0,0,2,-1,0,1
0,0,0,0,0,1,0,1,0,0,0,0,0,1,0,0,0,1,0,0,1,1,2,1,2,1
0,0,1,0,0,1,0,0,1,0,0,1,1,1,1,0,0,0,0,0,0,0,2,0,0,2
0,0,1,0,1,0,0,0,1,0,0,1,0,1,0,0,0,0,1,0,0,1,1,-1,1,0
0,0,1,0,0,0,1,0,1,1,1,1,0,1,1,0,0,0,1,0,0,0,2,0,0,0
0,1,1,1,1,0,0,0,1,0,0,1,0,1,1,1,0,0,1,0,0,0,1,0,1,0
0,1,1,0,0,0,0,0,1,1,1,0,0,0,1,0,0,0,1,0,0,1,1,-1,0,0
0,0,0,0,0,0,0,0,1,0,0,1,1,1,0,0,0,0,1,0,0,0,1,0,0,1
0,0,1,1,1,0,0,1,0,1,1,1,0,0,0,0,0,1,1,0,1,1,1,0,3,0
0,1,1,0,0,0,0,0,1,0,0,1,0,0,0,0,0,0,1,0,0,0,1,-1,0,0
0,0,0,0,0,1,0,0,1,0,0,1,1,1,0,0,0,0,0,0,0,0,2,1,0,4
0,0,1,0,0,0,0,0,0,1,0,0,0,1,0,0,0,0,1,0,1,0,0,1,1,0
0,0,0,0,0,0,0,0,1,0,0,1,0,1,1,0,0,0,1,0,0,1,1,-1,0,0
0,0,1,0,0,1,0,0,1,0,0,1,0,1,0,0,0,0,0,0,0,1,2,0,0,1
0,1,0,0,0,0,0,0,1,0,0,1,0,1,1,0,0,0,1,0,0,0,1,-1,0,0
0,0,0,1,1,0,0,1,0,1,0,1,0,1,0,0,0,1,1,0,1,1,1,1,3,0
0,0,0,1,0,0,0,0,0,0,0,1,0,0,1,0,0,0,1,0,0,1,0,0,0,0
0,0,0,0,0,0,0,0,1,0,0,1,1,1,1,0,0,0,0,0,0,0,1,0,0,2
0,0,0,0,0,1,0,0,1,0,0,1,1,1,1,0,0,0,0,0,0,0,2,1,0,2
0,0,0,0,0,0,0,0,1,1,1,0,0,1,1,0,0,0,1,0,0,1,1,0,0,0
1,0,1,0,0,1,0,0,1,0,0,1,1,1,0,0,0,0,0,0,0,0,2,0,0,2
0,0,0,0,0,0,0,0,1,1,1,1,0,1,1,0,0,0,1,0,0,0,1,-1,0,0
1,0,0,0,0,0,0,1,0,0,0,1,0,0,0,0,0,0,1,0,0,0,1,0,0,0
0,0,0,0,0,0,0,0,0,0,0,1,0,1,1,0,0,0,1,0,0,0,0,1,0,0
0,0,0,0,0,0,0,0,1,1,1,1,0,1,0,0,0,0,1,0,1,0,1,0,1,0
0,0,1,0,0,0,0,0,0,0,0,1,0,1,0,0,0,0,0,0,0,0,0,0,0,0
0,1,1,0,0,0,0,0,1,1,1,1,0,1,1,0,0,0,1,0,0,1,1,-1,0,0
0,0,1,0,0,0,0,0,1,1,0,1,0,1,1,1,0,0,1,0,0,0,1,-1,0,0
1,0,0,0,0,0,0,0,1,0,0,0,0,0,1,0,0,0,1,0,1,1,1,-1,1,0
0,1,1,0,0,0,0,0,1,1,0,1,0,1,1,0,0,0,1,0,0,0,1,0,0,0
0,0,1,0,0,0,0,0,1,1,0,1,0,1,1,0,0,0,1,0,0,1,1,-1,0,0
0,0,1,0,0,1,0,0,1,0,0,1,0,1,0,0,0,0,0,0,0,1,2,0,0,2
0,0,0,0,1,0,0,0,1,1,1,1,0,1,0,0,0,0,1,0,1,0,1,0,2,0
0,1,0,0,0,0,0,1,0,1,1,1,0,1,0,0,0,1,1,0,1,1,1,1,2,0
0,1,1,0,0,0,0,0,1,0,0,1,0,1,0,0,0,0,1,0,0,1,1,1,0,0
0,0,1,0,0,0,0,0,1,0,0,0,1,1,1,0,1,0,0,0,0,0,1,1,0,1
0,0,1,1,0,0,0,0,1,0,0,0,0,1,0,0,0,0,1,0,0,0,1,-1,0,0
0,0,0,0,0,0,1,0,1,0,0,1,0,1,1,0,0,0,1,0,0,0,2,0,0,0
0,0,0,0,0,0,0,0,1,0,1,1,0,1,0,1,0,0,1,0,0,1,1,0,0,0
0,1,1,1,0,0,0,0,1,0,0,1,0,1,0,0,0,0,1,0,0,0,1,1,0,0
0,0,0,0,0,0,1,0,1,0,0,1,0,1,1,1,0,0,1,0,0,1,2,0,0,0
0,0,0,0,0,0,0,0,1,0,0,1,0,1,1,1,0,0,1,0,0,0,1,0,0,0
0,0,1,0,0,0,0,0,1,0,1,0,0,1,1,0,0,0,1,0,0,1,1,0,0,0
0,1,0,0,0,0,0,0,1,1,1,0,0,1,0,0,0,0,1,0,0,0,1,0,0,0
1,0,1,0,0,1,0,0,0,0,0,1,1,1,0,0,0,0,0,0,1,1,1,1,1,2
0,0,0,0,0,0,0,0,1,1,1,0,0,0,1,0,0,0,1,0,0,0,1,-1,0,0
0,1,1,0,0,0,0,0,1,0,0,1,0,1,1,0,0,0,1,0,0,0,1,1,0,0
0,0,0,1,1,0,0,1,0,1,1,1,0,0,1,0,0,1,1,0,1,1,1,0,3,0
0,0,1,0,0,0,0,0,1,1,0,1,0,1,1,0,0,0,1,0,0,1,1,0,0,0
0,0,0,0,1,0,0,0,1,0,1,1,0,1,1,0,0,0,1,0,1,1,1,1,2,0
0,1,0,0,0,0,0,0,1,1,1,0,0,0,1,1,0,0,1,0,1,0,1,0,1,0
0,0,0,0,0,0,0,0,0,0,1,0,0,0,1,0,0,0,1,0,1,1,0,0,1,0
0,0,0,0,0,1,0,0,1,0,0,1,1,1,1,0,0,0,0,0,0,0,2,1,0,3
0,1,0,0,0,0,0,0,1,1,1,1,0,1,1,1,0,0,1,0,0,0,1,1,0,0
0,0,1,0,0,1,0,0,1,0,0,1,1,1,0,0,0,0,0,0,0,0,2,0,0,3
0,0,1,0,0,0,0,0,1,0,0,1,0,1,1,1,0,0,1,0,0,1,1,0,0,0
0,1,0,0,0,1,0,0,1,0,0,1,0,1,0,0,0,0,1,0,0,1,2,0,0,1
1,0,0,1,1,0,0,0,1,0,0,1,0,1,0,0,0,0,1,0,0,1,1,1,1,0
0,1,0,0,0,0,0,0,1,0,0,1,0,1,0,0,0,0,1,0,0,0,1,1,0,0
0,0,1,1,1,0,0,0,1,0,1,1,0,1,0,0,0,0,1,0,1,1,1,0,2,0
0,0,1,1,1,0,0,1,0,0,0,1,0,1,0,0,0,1,1,0,0,1,1,1,2,0
0,0,1,0,0,0,0,0,1,1,1,1,0,1,1,0,0,0,1,0,0,0,1,0,0,0
0,1,1,0,0,1,0,0,1,0,0,1,0,1,0,0,0,0,0,0,1,1,2,1,1,1
0,0,0,0,0,0,0,0,1,0,0,1,0,1,0,0,0,0,1,0,0,0,1,0,0,0
0,0,0,1,1,0,0,0,1,0,0,0,0,0,0,0,0,0,0,0,1,0,1,-1,2,0
0,0,0,0,0,0,0,0,1,0,0,1,0,0,1,1,0,0,0,0,0,0,1,-2,0,0
0,0,0,0,0,0,0,0,1,0,0,1,0,1,0,0,0,0,1,0,1,1,1,0,1,0
0,0,1,0,0,0,0,0,1,1,1,1,0,1,0,0,0,0,1,0,0,1,1,0,0,0
0,0,1,0,1,0,0,0,1,0,0,1,0,0,0,0,0,0,1,0,0,0,1,-2,1,0
0,0,1,0,0,0,0,0,1,0,0,0,0,0,1,0,0,0,1,0,1,1,1,-1,1,0
1,0,0,0,0,0,0,0,0,1,1,0,0,0,0,0,0,0,1,0,0,0,0,-1,0,0
1,0,0,0,0,0,0,0,1,0,1,0,0,0,0,0,0,0,1,0,0,1,1,-1,0,0
0,1,1,0,0,0,0,0,1,1,1,1,0,1,1,0,0,0,1,0,0,0,1,-1,0,0
0,0,1,0,0,0,1,0,0,0,0,1,1,1,1,0,0,1,0,0,0,0,1,1,1,2
0,0,0,0,0,0,0,0,0,1,0,1,0,1,0,0,0,0,1,0,0,0,0,-1,0,0
0,0,0,0,0,0,0,0,1,1,1,1,0,1,1,0,0,0,1,0,0,0,1,0,0,0
0,1,0,0,0,0,0,0,1,0,0,1,1,1,1,0,0,0,0,0,0,0,1,1,0,2
0,0,1,0,1,0,0,0,1,0,1,1,0,1,0,0,0,1,1,0,1,1,1,1,3,0
0,1,1,0,0,0,0,0,1,0,1,1,0,1,1,0,0,0,1,0,0,0,1,0,0,0
0,0,1,0,0,1,0,0,1,0,0,0,1,1,1,1,0,0,0,0,0,0,2,1,0,2
0,0,1,0,0,1,0,0,1,0,0,0,1,1,1,0,0,0,0,0,0,0,2,1,0,2
0,1,0,0,0,0,0,0,1,0,0,0,0,1,0,1,0,0,1,0,1,0,1,1,1,0
0,0,1,0,0,0,0,0,1,0,0,1,1,1,0,0,1,0,0,0,0,0,1,0,0,1
0,0,0,0,0,0,0,0,0,0,1,0,0,0,0,0,0,1,1,0,1,1,0,0,2,0
0,1,0,0,0,0,0,0,1,1,1,1,0,1,0,0,0,0,1,0,0,1,1,0,0,0
0,1,0,0,0,1,0,1,0,0,0,0,0,0,0,0,0,1,0,0,1,1,2,0,2,1
0,0,1,0,0,1,0,0,1,0,0,1,1,1,1,0,0,0,0,0,0,0,2,1,0,2
0,0,1,0,0,0,0,0,1,0,0,1,0,1,0,0,0,0,1,0,1,0,1,1,1,0
0,0,1,0,0,0,0,1,0,0,0,1,0,1,0,0,0,1,1,0,1,1,1,1,2,0
0,0,0,0,0,0,0,0,1,0,0,0,0,1,1,0,0,0,1,0,1,1,1,1,1,0
0,0,0,0,0,0,0,0,0,0,0,1,0,1,0,0,0,0,1,0,0,0,0,0,0,0
0,0,1,0,0,1,0,1,0,0,0,0,0,1,0,0,0,1,0,0,0,0,2,1,1,1
0,0,1,1,1,0,0,1,0,0,0,0,0,1,0,0,0,1,1,0,1,1,1,1,3,0
0,1,0,0,0,1,0,0,1,0,0,1,0,1,1,1,0,0,1,0,0,0,2,0,0,1
0,0,0,1,0,0,0,0,1,0,0,1,0,1,0,0,0,0,1,0,0,1,1,1,0,0
0,0,1,0,1,0,0,0,1,0,0,1,0,1,0,1,0,0,1,0,1,1,1,-1,2,0
0,0,1,0,0,0,0,0,1,1,1,0,0,0,1,0,0,0,1,0,0,0,1,-2,0,0
0,0,0,0,0,0,0,0,1,0,0,1,0,1,1,1,0,0,1,0,1,1,1,0,1,0
1,0,0,0,0,0,0,0,1,0,0,0,0,0,0,0,0,0,1,0,1,0,1,-1,1,0
0,0,1,0,0,1,0,0,1,0,0,0,0,1,1,0,0,0,0,0,0,0,2,-1,0,1
0,0,1,0,0,0,0,0,1,0,0,0,0,0,1,1,0,0,1,0,0,1,1,-1,0,0
0,0,1,0,0,0,0,1,0,0,0,0,0,0,1,0,0,0,1,1,0,1,1,-2,1,0
0,0,0,0,1,0,0,0,0,0,0,0,0,1,0,0,0,1,1,0,1,1,0,1,3,0
0,0,0,0,0,0,0,0,1,1,0,0,0,0,1,0,0,0,1,0,0,0,1,-2,0,0
0,0,1,0,0,0,0,0,0,0,0,0,0,0,0,0,0,0,0,0,0,1,0,-1,0,1
0,1,0,0,0,0,0,0,1,1,1,0,0,0,1,0,0,0,1,0,0,1,1,-2,0,0
0,0,0,0,1,0,0,0,1,1,1,0,0,1,0,0,0,0,1,0,0,1,1,-1,1,0
0,1,1,0,0,0,0,0,1,0,0,0,0,0,1,0,0,0,1,0,1,0,1,0,1,0
0,1,1,0,0,1,0,0,1,0,0,1,0,0,0,0,0,0,0,0,0,1,2,-1,0,1
0,1,1,1,0,0,0,0,0,0,0,1,0,1,0,0,0,1,1,0,0,1,0,0,1,0
0,0,0,1,0,0,0,0,0,0,0,1,0,1,0,0,0,0,1,0,1,1,0,0,1,0
0,0,1,0,0,0,0,0,1,1,1,1,0,0,1,0,0,0,1,0,1,1,1,0,1,0
0,1,1,0,0,0,0,0,1,0,0,1,0,1,0,0,0,0,1,0,0,0,1,0,0,0
1,1,0,0,0,0,0,0,1,0,0,0,0,0,0,0,0,1,0,0,0,0,1,0,1,0
0,0,1,0,0,0,0,0,1,1,1,0,0,0,0,0,0,0,1,0,1,1,1,-1,1,0
0,0,0,1,1,0,0,0,1,1,1,0,0,0,1,0,0,0,1,0,0,1,1,-1,1,0
0,0,1,0,0,0,0,0,1,0,0,1,1,1,0,0,0,0,0,0,0,0,1,1,0,1
0,0,0,0,0,0,0,0,1,1,1,0,0,0,1,0,0,0,1,0,0,1,1,-1,0,0
0,0,1,1,0,0,0,1,0,0,1,1,0,1,0,0,0,1,1,0,1,1,1,0,2,0
0,0,0,0,0,1,0,0,1,0,0,0,0,1,1,1,0,0,0,0,0,0,2,1,0,1
1,0,0,0,0,0,0,0,1,1,1,0,0,0,0,0,0,0,1,0,1,0,1,0,1,0
0,0,0,0,0,0,0,0,1,1,1,0,0,1,0,0,0,0,1,0,1,1,1,1,1,0
0,0,1,0,0,1,0,0,1,0,0,0,0,1,1,0,0,0,0,0,0,0,2,1,0,2
0,0,0,0,0,0,0,0,1,0,0,0,0,1,1,0,0,0,0,0,0,0,1,1,0,0
0,1,1,0,0,0,0,0,1,1,1,1,0,1,1,0,0,0,1,0,0,1,1,0,0,0
0,1,1,0,0,1,1,0,1,0,0,1,1,1,1,0,0,0,0,0,0,0,3,0,0,2
0,0,0,0,0,0,0,0,0,0,1,0,0,0,0,0,0,0,1,0,1,1,0,0,1,0
0,0,0,0,0,0,0,0,1,0,0,1,0,1,0,0,0,0,1,0,1,0,1,0,1,0
0,0,0,0,0,0,0,0,0,1,1,0,0,0,0,0,0,1,1,1,1,1,0,0,3,0
0,0,1,0,0,0,0,0,1,1,1,1,0,1,0,0,0,0,1,0,1,1,1,0,1,0
0,0,1,0,0,0,0,0,0,0,0,0,0,1,0,0,0,0,0,0,0,0,0,0,0,0
0,0,1,1,1,0,0,1,0,0,0,0,0,1,0,0,0,1,1,0,1,1,1,0,3,0
0,0,1,0,0,0,0,0,1,0,0,1,0,1,1,0,0,0,1,0,1,0,1,1,1,0
0,0,0,0,0,0,0,0,1,1,1,1,0,1,1,0,0,0,1,0,0,1,1,-1,0,0
1,0,1,0,0,0,0,0,1,0,0,0,0,0,0,0,0,0,1,0,0,1,1,-2,0,0
0,0,0,0,0,0,0,0,1,0,0,1,1,1,0,0,0,0,0,0,0,0,1,0,0,2
0,0,0,0,1,0,0,0,1,0,0,1,0,1,1,0,0,0,1,0,0,1,1,0,1,0
1,0,0,1,1,0,0,0,0,0,1,0,0,0,0,0,0,1,1,0,1,1,0,-1,3,0
0,0,0,0,0,1,0,0,0,0,0,0,0,0,1,0,0,1,0,0,1,1,1,0,2,2
0,0,1,0,0,0,0,0,1,0,0,0,0,0,1,0,0,0,1,0,0,0,1,-1,0,0
0,1,1,0,0,0,0,0,1,0,1,0,0,0,1,0,0,0,1,0,0,0,1,-2,0,0
0,0,1,0,0,1,0,0,1,0,0,1,0,1,0,1,0,0,0,0,0,0,2,0,0,1
0,0,0,0,0,0,0,0,1,1,0,1,0,1,0,0,0,0,1,0,1,0,1,1,1,0
1,0,0,0,0,0,0,0,1,0,0,0,0,0,0,0,0,0,1,0,1,0,1,-1,1,0
0,0,1,0,0,0,0,0,1,0,0,1,0,1,0,0,0,0,1,0,0,0,1,0,0,0
0,1,1,0,0,0,0,0,1,1,1,0,0,0,0,0,0,0,1,0,0,1,1,-1,0,0
0,0,1,1,1,0,0,1,0,0,0,1,0,1,0,0,0,1,1,0,1,1,1,0,3,0
0,0,0,0,0,1,0,0,1,0,0,1,0,1,1,0,0,0,0,0,0,0,2,1,0,1
0,0,0,0,0,0,0,0,1,0,0,0,0,0,0,0,0,0,0,0,0,0,1,-1,0,0
0,0,1,1,0,0,0,0,1,0,0,1,0,1,0,0,0,0,1,1,0,1,1,-1,1,0
0,0,0,0,1,0,0,0,1,1,1,0,0,0,0,0,0,0,1,0,1,0,1,-1,2,0
1,0,0,0,0,0,0,0,1,0,0,0,0,0,0,0,0,0,0,0,0,0,1,-2,0,0
1,0,0,0,0,1,0,0,1,0,0,0,1,1,0,0,0,0,0,0,0,0,2,1,0,2
0,0,0,0,0,0,0,0,1,0,1,1,0,1,1,0,0,0,1,0,0,1,1,0,0,0
0,1,0,0,0,0,0,0,1,0,0,1,0,0,0,0,0,0,1,0,0,0,1,-2,0,0
0,1,0,0,0,1,0,0,1,0,0,1,0,1,1,0,0,0,1,0,0,0,2,1,0,1
0,0,0,0,0,0,0,0,1,0,0,1,0,1,1,0,0,0,0,0,0,0,1,-1,0,0
0,0,0,0,0,0,0,0,1,1,1,0,0,1,1,1,0,0,1,0,0,0,1,0,0,0
0,1,0,0,0,0,0,0,1,1,1,0,0,0,1,0,0,0,1,0,0,1,1,-2,0,0
0,1,1,0,0,0,0,0,1,0,0,1,0,1,0,1,0,0,1,0,0,1,1,1,0,0
0,0,0,0,0,0,0,0,1,0,0,1,0,1,1,0,0,0,1,0,0,0,1,1,0,0
0,0,1,0,0,0,0,1,0,0,1,1,0,0,0,0,0,1,1,0,1,1,1,0,2,0
0,0,0,0,0,0,0,1,0,1,1,0,0,0,0,0,0,0,1,0,1,1,1,-1,1,0
0,0,1,0,0,0,0,0,1,0,0,1,0,1,0,0,0,1,1,0,0,1,1,-1,1,0
0,0,0,0,0,0,0,0,0,0,0,0,0,0,0,0,0,1,0,0,1,1,0,0,2,1
0,0,0,0,0,0,0,0,1,0,0,0,0,0,1,0,0,1,0,0,0,0,1,-1,1,1
0,0,0,0,0,0,0,0,1,1,1,1,0,1,0,0,0,0,1,0,1,1,1,1,1,0
0,0,0,0,1,0,0,1,0,1,1,0,0,0,0,0,0,1,1,0,1,1,1,0,3,0
0,0,1,0,0,0,0,0,1,1,1,0,0,1,1,0,0,0,1,0,0,0,1,0,0,0
0,1,1,0,0,0,0,0,1,0,0,0,0,1,1,0,0,0,1,0,0,0,1,0,0,0
0,0,1,0,1,0,0,0,0,0,1,0,0,0,0,0,0,0,1,0,1,1,0,-1,2,0
0,0,0,0,0,1,0,1,0,0,0,0,0,0,0,0,0,1,0,0,1,1,2,-1,2,1
1,0,0,0,1,0,0,0,1,0,0,0,0,0,0,0,0,0,0,0,1,1,1,0,2,0
0,0,1,0,0,0,0,0,0,0,1,0,1,0,1,0,0,1,1,0,1,0,0,-1,2,2
0,0,0,0,0,0,0,0,0,1,1,0,0,1,0,0,0,0,1,0,1,1,0,1,1,0
0,0,0,1,1,0,0,0,1,0,0,1,0,1,1,1,0,0,1,0,0,0,1,-1,1,0
0,0,1,0,0,0,0,0,1,0,0,1,0,0,0,0,0,0,0,0,0,0,1,0,0,0
0,0,0,0,0,0,0,0,1,0,1,1,0,1,1,0,0,0,1,1,0,1,1,0,1,0
0,0,0,0,0,0,0,0,1,0,0,1,0,0,0,0,0,0,1,0,1,0,1,0,1,0
1,0,1,0,0,0,0,0,0,1,1,0,0,0,1,0,0,1,1,0,1,1,0,0,2,0
0,0,1,0,0,0,0,0,1,0,1,1,0,1,1,0,0,0,1,0,0,1,1,0,0,0
0,1,0,0,0,0,0,0,1,1,1,1,0,1,1,0,0,0,1,0,0,1,1,0,0,0
0,0,0,0,0,0,0,0,1,0,1,1,0,0,1,0,0,0,1,0,1,1,1,-1,1,0
0,0,0,0,0,1,0,0,1,0,0,1,0,1,0,1,0,0,0,0,0,1,2,0,0,1
0,0,0,0,0,1,0,0,1,0,0,1,0,1,1,1,0,0,0,0,0,0,2,0,0,1
0,1,1,0,0,1,0,0,1,0,0,1,1,1,1,1,1,0,0,0,0,0,2,0,0,2
0,0,0,1,0,0,0,0,0,0,0,1,0,1,0,0,0,0,1,0,0,1,0,-1,0,0
0,1,1,0,0,1,0,0,1,0,0,1,1,1,0,1,1,0,0,0,0,0,2,0,0,2
0,0,1,0,0,0,0,0,1,1,1,1,0,1,1,0,0,0,1,0,0,0,1,0,0,0
0,0,0,0,0,0,0,0,1,0,0,0,0,1,1,0,0,0,1,0,0,0,1,1,0,0
0,0,1,0,0,0,0,0,1,1,1,0,0,1,1,0,0,0,1,0,1,0,1,1,1,0
0,0,1,0,0,1,0,0,1,0,0,1,1,1,1,1,1,0,0,0,0,0,2,1,0,3
0,1,1,0,0,1,0,0,1,0,0,1,0,1,0,0,0,0,0,0,1,0,2,1,1,1
0,0,1,0,0,0,0,0,1,0,0,1,0,1,1,0,0,0,1,0,0,1,1,1,0,0
0,0,1,0,1,0,0,0,1,0,0,1,0,1,0,0,0,0,1,0,1,1,1,-1,2,0
0,0,0,0,0,0,0,0,0,1,1,0,0,0,0,0,0,0,1,0,1,1,0,0,1,0
0,1,0,0,0,1,0,0,1,0,0,1,1,1,0,1,0,0,0,0,0,0,2,1,0,2
0,1,1,0,0,1,0,0,1,0,0,1,0,1,1,1,0,0,0,0,0,0,2,0,0,1
1,0,1,0,0,0,0,0,1,0,0,1,0,0,0,0,0,0,0,0,1,1,1,-1,1,0
0,0,1,1,0,0,0,0,1,0,0,1,0,1,0,0,0,0,1,0,0,1,1,0,0,0
0,0,0,1,1,0,0,1,0,1,1,0,0,0,0,0,0,1,1,0,1,1,1,0,3,0
0,0,1,0,0,0,0,0,1,1,1,1,0,1,1,0,0,0,1,0,0,0,1,1,0,0
1,0,1,0,0,0,0,0,1,0,0,1,0,0,0,0,0,0,1,0,0,0,1,-1,0,0
0,0,0,0,0,1,0,0,1,0,0,1,0,1,0,0,0,0,0,0,1,0,2,1,1,1
0,0,1,0,1,0,0,0,0,0,0,1,0,1,0,0,0,0,1,0,0,1,0,0,1,0
0,0,1,0,0,0,0,1,0,0,1,1,0,0,0,0,0,1,1,0,1,1,1,-1,2,0
0,1,1,0,0,1,0,0,1,0,0,1,1,1,0,1,0,0,0,0,0,0,2,0,0,2
0,0,0,0,0,0,0,0,1,0,1,0,0,0,0,0,0,0,1,0,0,1,1,-1,0,0
0,0,0,0,0,0,0,0,0,0,0,1,0,1,0,0,0,0,1,0,0,1,0,0,0,0
0,0,1,0,1,0,0,0,1,1,1,0,0,1,0,0,0,0,1,0,0,1,1,0,1,1
0,0,1,0,0,1,0,0,1,0,0,1,1,1,1,0,1,0,0,0,0,0,2,-1,0,2
0,0,0,0,0,0,0,0,1,0,0,1,0,1,1,0,0,1,1,0,0,1,1,0,1,0
0,1,0,0,0,1,0,0,1,0,0,1,0,1,0,1,0,0,0,0,0,0,2,1,0,1
0,0,1,1,0,0,0,0,0,1,1,1,0,1,1,0,0,0,1,0,0,1,0,-1,0,0
0,1,0,0,0,1,0,0,1,0,0,1,1,1,1,1,1,0,0,0,0,0,2,0,0,2
1,0,1,0,0,0,0,0,1,0,1,0,0,0,1,0,0,0,1,0,0,1,1,-1,0,1
1,0,0,0,0,0,0,1,0,0,0,0,0,0,0,0,0,0,1,0,1,0,1,-1,1,0
0,0,1,0,0,0,0,0,1,0,0,1,1,1,1,1,1,0,0,0,0,0,1,-1,0,1
0,0,0,0,0,0,0,0,1,1,1,0,0,0,0,0,0,0,1,0,0,0,1,-2,0,1
0,0,0,0,0,1,0,0,1,0,0,1,1,1,1,0,0,0,0,0,0,0,2,1,0,3
0,0,0,0,0,0,0,0,1,0,0,1,0,0,0,0,0,0,1,0,1,0,1,-1,1,0
0,0,0,0,0,0,0,0,0,0,0,0,1,0,0,0,0,0,0,0,0,0,0,-1,0,1
0,0,1,0,0,0,0,0,1,0,0,0,0,1,1,0,0,0,0,0,0,0,1,0,0,0
0,0,0,0,0,0,0,0,0,0,0,0,0,0,0,0,0,1,0,0,1,1,0,-1,2,0
0,0,1,0,0,0,0,0,1,1,1,1,0,0,0,0,0,0,1,0,0,0,1,-1,0,0
0,0,0,0,0,0,0,0,1,0,0,1,0,1,1,1,0,0,0,0,0,0,1,1,0,0
0,0,1,0,1,0,0,1,0,0,1,1,0,1,0,0,0,1,1,0,1,1,1,1,3,0
0,0,1,0,0,1,0,0,1,0,0,1,0,1,1,1,0,0,0,0,0,0,2,1,0,1
0,1,0,0,0,0,0,0,1,0,0,1,0,1,1,0,0,0,1,0,0,1,1,-1,0,0
0,0,0,0,0,1,0,0,1,0,0,1,0,1,1,1,0,0,0,0,0,0,2,1,0,2
0,0,1,0,0,1,0,0,1,0,0,1,0,1,1,1,0,0,0,0,0,1,2,1,0,2
0,1,1,0,0,0,0,0,1,0,0,1,0,1,1,1,0,0,1,0,0,0,1,0,0,0
0,1,1,0,0,1,0,0,1,0,0,1,1,1,1,1,0,0,0,0,0,0,2,0,0,3
0,0,1,0,0,0,0,0,1,0,0,1,1,1,1,0,1,0,0,0,0,0,1,1,0,1
1,0,0,0,0,1,0,0,1,0,0,1,1,1,0,0,0,0,0,0,0,0,2,1,0,2
0,0,0,0,0,0,0,0,1,0,0,1,1,1,1,1,0,0,0,0,0,0,1,1,0,1
0,0,0,0,0,0,0,0,1,1,1,1,0,1,1,0,0,0,1,0,0,0,1,0,0,0
1,1,0,0,0,0,0,0,1,1,0,0,0,0,0,0,0,0,0,0,1,0,1,0,1,0
0,0,0,0,1,0,0,0,1,1,1,1,0,1,1,1,0,0,1,0,0,1,1,0,1,0
1,1,0,0,0,0,0,0,1,0,0,0,0,1,0,0,0,0,1,0,0,0,1,0,0,0
0,1,0,0,0,0,0,0,1,1,0,1,0,1,0,0,0,0,1,0,0,0,1,1,0,0
0,0,1,0,0,0,0,0,1,0,0,1,0,1,1,0,1,0,1,0,0,0,1,-1,0,0
0,1,0,0,0,0,0,0,1,0,0,1,0,1,1,0,0,0,1,0,0,0,1,0,0,0
0,0,1,0,0,0,0,0,1,0,0,1,0,1,1,0,0,0,1,0,1,0,1,0,1,0
0,0,1,0,0,0,0,0,0,1,1,1,0,1,1,0,0,0,1,0,0,1,0,-1,0,0
0,0,0,0,0,1,0,0,1,0,0,0,0,1,0,0,0,0,0,0,0,0,2,1,0,1
0,0,1,0,0,0,0,0,1,0,1,1,0,0,0,0,0,1,1,0,1,1,1,0,2,0
0,1,1,0,0,0,0,0,1,0,0,1,0,1,0,0,0,0,1,0,0,1,1,0,0,0
1,1,1,0,0,0,0,0,1,0,0,1,0,1,0,0,0,0,1,0,1,0,1,1,1,0
0,0,1,1,0,0,0,0,0,0,0,0,0,0,0,0,0,0,1,0,0,1,0,-2,0,0
0,0,1,1,1,0,0,0,0,1,1,0,0,0,0,0,0,1,1,0,1,1,0,-1,3,0
0,1,1,0,0,0,0,0,1,0,1,0,1,1,1,0,1,0,1,0,0,0,1,0,0,1
0,0,0,0,0,0,0,0,1,1,1,1,0,1,1,1,0,0,1,0,0,0,1,0,0,0
0,0,0,0,0,0,0,0,0,0,1,0,0,0,0,0,0,1,1,0,1,1,0,0,2,0
1,1,0,0,0,0,0,0,1,1,1,1,0,1,1,1,0,0,1,0,0,0,1,0,0,0
1,0,1,0,0,0,0,0,1,0,0,1,1,0,1,0,0,0,0,0,0,0,1,0,0,1
1,0,0,0,0,0,0,0,1,0,1,0,0,0,0,0,0,0,1,0,0,0,1,-1,0,0
0,0,0,0,0,0,0,0,1,1,1,1,0,1,1,0,0,0,1,0,0,1,1,0,0,0
0,1,0,0,0,0,0,0,1,1,0,1,0,1,0,0,0,0,1,0,1,1,1,1,1,0
0,0,0,1,1,0,0,0,0,0,0,1,0,1,1,0,0,1,1,0,0,1,0,0,2,0
0,0,0,0,0,0,0,0,1,0,0,0,0,0,0,1,0,0,1,0,0,1,1,-1,0,0
0,0,1,1,0,0,0,1,0,0,0,0,0,1,0,0,0,1,0,0,1,1,1,1,2,0
0,1,1,0,0,1,0,0,1,0,0,1,1,1,1,1,1,0,0,0,0,0,2,-1,0,3
0,1,0,0,0,0,0,0,0,0,0,0,0,0,0,0,0,0,1,0,0,1,0,-1,0,0
0,0,1,0,0,0,0,0,1,1,1,0,0,1,0,0,0,0,1,0,0,1,1,-1,0,0
0,1,0,0,0,0,0,0,1,0,0,0,0,0,0,0,0,0,1,0,1,1,1,0,1,0
0,1,0,0,0,0,0,0,1,0,0,1,0,0,0,0,0,0,1,0,1,1,1,0,1,1
0,0,1,0,0,1,0,0,1,0,0,1,1,1,0,0,1,0,0,0,0,0,2,-1,0,2
0,0,1,0,0,1,0,0,1,0,0,1,1,1,0,0,0,0,0,0,0,0,2,1,0,2
0,0,1,0,0,0,0,0,1,1,1,0,0,1,0,0,0,0,1,0,1,1,1,0,1,0
0,0,0,0,0,0,0,0,1,1,1,1,0,1,1,0,0,0,1,0,0,0,1,0,0,0
0,0,1,0,0,1,0,0,1,0,0,0,0,0,0,0,1,0,0,0,0,0,2,-1,0,2
0,0,0,0,0,0,0,0,0,0,0,1,0,1,1,0,0,0,1,0,1,0,0,1,1,0
0,0,0,0,1,0,0,0,1,0,1,0,0,0,0,0,0,0,1,0,0,1,1,-1,1,0
0,0,0,0,1,0,0,0,1,0,0,1,0,1,1,0,0,0,1,0,0,1,1,-1,1,0
0,1,0,1,1,0,0,1,0,0,0,0,0,0,0,0,0,1,1,0,1,1,1,0,3,0
0,0,1,1,1,0,0,0,1,1,1,0,0,1,0,0,0,1,1,0,1,1,1,0,3,0
0,1,1,0,0,0,0,0,1,0,0,1,0,1,1,0,1,0,1,0,0,0,1,-1,0,0
0,0,0,0,1,0,0,0,1,0,0,1,0,1,0,0,0,0,1,0,1,1,1,1,2,0
0,0,1,0,0,0,0,0,1,1,1,1,0,1,1,0,0,0,1,0,0,1,1,0,0,0
0,0,1,0,0,0,0,0,0,0,0,0,0,1,1,0,0,0,1,0,0,0,0,0,0,0
0,1,1,0,0,0,0,0,1,1,1,1,0,1,1,0,1,0,1,0,0,0,1,-1,0,0
0,0,1,0,0,0,0,0,1,1,1,0,0,0,1,0,0,0,1,0,0,0,1,-2,0,0
0,0,0,0,0,0,0,0,1,0,0,0,0,0,1,0,0,0,1,0,1,0,1,-1,1,0
1,0,1,0,0,1,0,0,1,0,0,0,0,0,0,0,0,0,0,0,0,0,2,0,0,1
0,0,0,0,0,1,0,0,1,0,0,0,0,0,0,0,0,1,0,0,1,1,2,0,2,1
0,0,0,0,0,0,0,0,1,0,0,0,0,0,1,0,1,0,0,0,0,0,1,-2,0,0
0,1,1,0,0,1,0,0,1,0,0,1,1,1,1,1,0,0,0,0,0,1,2,0,0,3
0,0,0,0,0,0,1,0,1,0,0,1,0,1,1,0,0,0,1,1,0,1,2,1,1,0
1,0,1,0,0,0,0,0,1,0,0,0,1,0,0,0,0,0,0,0,1,1,1,0,1,2
0,0,0,0,0,0,0,0,1,1,1,0,0,0,1,0,0,0,1,0,1,0,1,-1,1,0
0,0,0,0,0,0,0,0,1,0,0,0,0,0,0,0,0,1,0,0,0,1,1,0,1,0
0,0,1,0,0,1,0,0,1,0,0,1,1,1,1,0,0,0,0,0,0,0,2,0,0,2
0,0,0,0,0,0,0,0,1,0,0,0,0,0,0,0,0,0,1,0,1,1,1,-1,1,0
0,0,1,0,1,0,0,0,1,0,0,1,0,1,0,0,0,0,1,1,0,1,1,0,2,0
0,1,0,0,0,1,0,0,1,0,0,1,1,1,1,0,0,0,0,0,0,0,2,-1,0,3
0,0,1,0,0,1,0,0,1,0,0,0,1,0,0,0,0,0,0,0,0,0,2,-1,0,2
0,0,1,0,0,1,0,0,1,0,0,0,0,1,0,0,0,0,0,0,1,0,2,0,1,1
0,0,1,0,0,1,0,0,1,0,0,0,0,0,0,1,0,0,0,0,0,0,2,-1,0,1
1,0,0,0,0,1,0,0,0,0,0,0,0,0,0,0,0,0,0,0,0,1,1,-1,0,1
0,0,1,0,0,1,0,0,1,0,0,1,1,1,1,0,1,0,0,0,0,0,2,0,0,2
1,0,1,0,0,1,0,0,0,0,0,0,0,0,0,0,0,0,0,0,0,0,1,-1,0,1
0,0,0,0,0,0,0,0,0,0,0,0,0,1,0,0,0,0,0,0,0,0,0,1,0,0
0,0,1,0,0,1,0,0,1,0,0,1,1,1,1,0,0,0,0,0,0,0,2,0,0,2
0,0,0,0,0,0,0,0,0,0,1,0,0,0,1,0,0,0,1,0,0,0,0,0,0,0
0,0,1,0,0,0,0,0,1,0,0,1,0,1,1,1,0,0,1,0,0,0,1,-1,0,0
0,1,0,0,0,1,0,0,1,0,0,1,0,1,1,1,0,0,0,0,0,0,2,0,0,1
0,0,1,0,1,0,0,0,0,0,1,1,0,0,0,0,0,1,1,1,1,1,0,0,4,0
0,0,0,1,1,0,0,1,0,0,1,1,0,0,0,0,0,1,1,0,1,1,1,0,3,0
0,1,1,0,0,0,0,0,0,0,0,1,0,1,0,0,0,0,1,0,0,0,0,0,0,0
1,0,0,0,0,0,0,0,0,0,0,0,0,0,0,0,0,1,1,0,0,1,0,0,1,0
0,0,0,0,1,0,0,1,0,0,1,0,0,0,0,0,0,1,1,0,1,0,1,-1,3,0
0,1,1,0,0,1,0,0,1,0,0,1,0,1,1,0,0,0,0,0,0,0,2,-1,0,1
0,0,1,0,0,0,0,0,1,1,1,0,0,0,1,0,0,0,1,0,0,1,1,-1,0,0
0,0,1,0,1,0,0,1,0,1,1,1,0,1,1,0,0,1,1,0,1,1,1,0,3,0
0,0,0,0,0,1,0,0,1,0,0,1,0,1,1,1,0,0,0,0,0,0,2,0,0,1
0,1,1,0,0,0,0,0,1,1,0,1,0,1,1,0,0,0,1,0,0,0,1,-1,0,0
1,0,1,0,0,0,0,0,1,0,0,1,0,1,1,0,0,0,1,0,0,0,1,0,0,0
0,0,0,0,0,0,0,0,1,0,0,1,0,1,1,0,0,0,1,0,0,0,1,1,0,0
0,0,0,0,0,1,0,0,1,0,0,1,1,1,0,0,0,0,0,0,0,0,2,0,0,3
0,0,0,0,0,0,0,1,0,1,1,0,0,0,1,0,0,1,1,0,1,1,1,-1,2,0
0,0,0,0,0,1,0,1,0,0,0,0,0,0,0,0,0,1,0,0,1,1,2,0,2,1
0,0,0,0,0,0,0,0,1,0,0,0,0,0,1,0,0,0,1,0,0,1,1,0,0,0
0,0,0,0,0,0,0,0,1,1,1,0,0,0,0,1,0,0,1,0,1,1,1,0,1,0
0,0,1,0,0,0,0,0,1,0,0,1,0,1,1,1,0,0,1,0,0,0,1,1,0,0
0,0,0,0,0,0,0,0,0,1,1,1,0,1,0,0,0,0,1,0,1,1,0,0,1,0
0,0,0,0,0,0,0,0,1,1,1,1,0,1,1,1,0,0,1,0,0,1,1,-1,0,0
0,0,1,0,0,0,0,0,1,0,0,0,0,0,1,0,0,0,1,0,1,0,1,0,1,0
0,0,0,1,0,0,0,0,0,0,0,0,0,1,0,0,0,1,1,0,1,1,0,0,2,0
0,0,0,0,0,1,0,0,1,0,0,1,1,1,1,1,1,0,0,0,0,0,2,0,0,2
0,0,1,0,0,0,0,1,0,1,1,0,0,1,0,0,0,1,1,0,1,0,1,0,2,0
0,0,1,0,1,0,0,1,0,1,1,1,0,0,0,0,0,1,1,0,1,1,1,-1,3,0
0,0,0,0,0,0,0,1,0,0,0,0,0,0,1,0,0,0,1,0,0,1,1,0,0,0
0,0,0,0,0,0,0,0,1,0,0,1,0,1,0,0,0,0,1,0,1,1,1,1,1,0
0,0,1,1,0,0,0,0,1,0,0,1,0,1,1,0,0,0,1,1,0,1,1,1,1,0
0,1,0,0,0,1,0,0,1,0,0,0,1,1,1,0,0,0,0,0,0,0,2,1,0,2
0,0,1,0,0,0,0,0,1,1,1,1,0,1,0,0,0,0,1,0,1,1,1,1,1,0
0,1,0,0,0,0,0,0,0,0,1,1,0,1,0,0,0,0,1,0,0,1,0,-1,0,0
0,0,1,0,0,0,0,0,1,0,0,1,1,1,1,0,0,0,0,0,0,0,1,1,0,1
0,1,1,0,1,0,0,0,1,0,0,1,0,0,0,0,0,0,1,0,0,0,1,-2,1,0
0,0,0,0,0,0,0,0,0,0,0,0,0,0,0,0,0,1,0,0,1,1,0,-1,2,1
1,0,0,1,0,0,0,0,1,1,1,1,0,1,0,0,0,0,1,0,1,1,1,1,1,0
0,0,0,1,0,0,0,0,1,0,1,0,0,0,1,0,0,0,1,0,1,1,1,-1,1,0
0,0,1,0,0,1,0,0,1,0,0,1,1,1,1,1,0,0,0,0,0,0,2,1,0,3
0,1,0,0,0,0,0,0,0,0,0,1,0,1,0,0,0,0,1,0,0,0,0,1,0,0
0,1,0,0,0,0,0,0,1,1,1,0,0,0,1,0,0,0,1,0,1,1,1,0,1,0
0,1,0,0,0,0,1,0,1,0,0,1,0,1,1,1,0,0,1,0,0,0,2,-1,0,0
0,0,0,1,1,0,0,0,1,0,1,0,0,0,0,0,0,0,1,0,0,1,1,-2,1,0
0,0,0,1,0,0,0,0,0,0,1,1,0,0,1,0,0,0,1,0,1,1,0,0,1,0
0,0,1,0,0,0,0,0,0,1,1,0,0,0,0,0,0,1,1,0,1,0,0,0,2,0
0,0,0,0,0,1,0,0,1,0,0,0,1,1,1,0,1,0,0,0,0,0,2,1,0,2
0,0,0,0,0,0,0,0,1,0,0,1,0,1,0,0,0,0,1,0,1,1,1,1,1,0
0,0,1,0,0,0,0,0,1,0,0,0,0,0,0,0,0,1,0,1,1,1,1,-1,3,0
0,0,0,0,0,0,0,1,0,0,0,0,0,0,0,0,0,1,1,0,1,1,1,-1,2,0
0,1,1,0,0,1,0,0,1,0,0,1,1,1,1,1,1,0,0,0,0,0,2,0,0,2
0,0,0,0,0,0,0,1,0,1,1,0,0,1,0,0,0,0,1,0,1,1,1,1,1,0
0,1,1,0,0,1,0,0,1,0,0,0,1,1,1,0,1,0,0,0,0,0,2,1,0,2
0,1,0,0,0,0,0,0,1,0,0,1,0,1,0,0,0,0,1,0,1,0,1,1,1,0
0,0,0,1,0,0,0,1,0,0,0,1,0,1,0,0,0,1,1,0,1,0,1,1,2,0
0,0,1,0,0,0,0,0,0,1,1,0,0,1,0,0,0,0,1,0,1,1,0,0,1,0
0,0,1,0,0,1,0,0,1,0,0,1,1,1,1,0,1,0,0,0,0,0,2,0,0,3
0,0,0,0,0,1,0,0,1,0,0,1,0,1,1,1,0,0,0,0,0,1,2,1,0,1
1,0,0,0,0,0,0,1,0,0,0,0,0,0,1,0,0,1,0,0,1,1,1,0,2,1
0,1,0,0,0,1,0,0,1,0,0,1,1,1,0,0,0,0,0,0,0,0,2,1,0,2
0,0,0,0,0,0,0,0,1,0,0,0,1,0,1,0,0,0,0,0,1,0,1,0,1,1
0,0,0,0,0,0,0,0,1,0,0,0,0,0,0,0,0,1,0,0,1,0,1,0,2,0
0,0,1,1,0,0,0,0,0,0,0,1,0,1,1,0,0,0,1,0,0,0,0,0,0,0
0,0,1,0,0,0,0,0,1,0,0,1,1,1,1,0,0,0,0,0,0,0,1,1,0,1
0,0,0,0,0,0,0,0,1,0,0,0,0,0,0,0,0,0,1,0,0,0,1,0,0,0
1,0,0,0,1,0,0,0,0,1,1,0,0,0,0,0,0,0,1,0,1,1,0,0,2,0
0,0,0,0,1,0,0,0,1,1,1,0,0,0,0,0,0,0,1,0,1,1,1,-1,2,0
0,0,1,0,0,0,0,0,1,0,1,1,0,1,0,0,0,0,1,0,0,1,1,0,0,0
0,1,1,0,0,0,0,0,1,0,0,1,0,1,1,1,0,0,1,0,0,1,1,0,0,0
1,0,1,0,0,0,0,0,1,0,0,0,0,0,0,0,0,0,1,0,1,1,1,0,1,0
0,0,1,0,0,1,0,0,1,0,0,0,0,0,0,0,0,0,0,0,0,1,2,-2,0,2
0,0,1,1,0,0,0,0,0,0,0,0,0,0,1,0,0,0,1,0,0,1,0,-1,0,0
0,0,0,0,0,0,0,0,0,0,0,1,0,1,0,0,0,0,0,0,0,0,0,0,0,1
0,1,0,0,0,0,0,0,1,0,0,1,0,1,1,0,0,0,1,0,0,0,1,1,0,0
0,1,1,0,0,0,1,0,1,1,1,1,0,1,0,0,0,0,1,0,0,0,2,0,0,0
0,0,0,0,1,0,0,0,1,0,0,1,0,0,1,0,0,0,1,0,0,1,1,-1,1,0
0,1,0,0,0,0,0,0,1,0,1,0,0,1,1,0,0,0,1,0,0,1,1,0,0,0
0,0,0,0,0,1,0,0,1,0,0,1,1,1,1,0,0,0,0,0,0,1,2,1,0,3
0,0,1,0,0,0,0,0,1,0,1,1,0,1,1,0,0,0,1,1,1,1,1,0,2,0
0,0,0,0,0,0,0,0,1,0,0,1,0,1,0,0,0,0,1,0,1,1,1,1,1,0
0,0,0,0,0,0,0,1,0,0,0,1,0,1,1,0,0,0,1,0,0,1,1,0,0,0
0,0,0,1,1,0,0,0,0,0,1,1,0,1,1,0,0,1,1,0,1,1,0,1,3,0
0,1,0,0,0,0,0,0,1,1,0,1,0,1,0,0,0,0,1,0,1,1,1,1,1,0
1,0,0,0,0,0,0,0,1,1,1,0,0,0,0,0,0,1,1,0,1,0,1,-1,2,0
0,0,0,0,0,0,0,0,1,1,0,1,0,1,1,0,0,0,1,0,0,0,1,1,0,0
0,1,0,0,0,1,0,0,1,0,0,1,0,1,1,1,0,0,1,0,0,0,2,0,0,1
0,0,1,0,0,1,0,0,1,0,0,1,0,1,1,0,0,0,0,0,0,1,2,1,0,1
0,1,0,0,0,1,1,0,1,1,1,1,0,1,1,0,0,0,1,0,0,0,3,0,0,1
0,0,1,0,0,1,0,0,0,0,0,1,1,1,1,0,0,0,0,0,0,0,1,0,0,2
1,1,0,0,0,0,0,0,0,1,1,0,0,0,1,0,0,0,1,0,1,0,0,0,1,0
0,0,1,0,0,0,0,0,1,0,0,0,0,1,1,0,0,0,1,0,0,1,1,1,0,0
0,0,1,0,0,0,0,0,1,0,0,1,1,1,0,1,1,0,0,0,0,0,1,0,0,1
0,1,0,0,0,1,0,0,1,0,0,1,1,1,1,1,1,0,0,0,0,0,2,0,0,2
0,0,0,0,0,0,0,0,0,0,0,1,1,1,0,0,0,0,0,0,0,0,0,-1,0,2
0,1,0,0,0,0,0,0,1,0,0,1,0,0,0,0,0,0,1,0,0,0,1,-2,0,0
0,0,1,0,0,0,0,0,1,0,0,0,0,1,1,0,0,0,0,0,0,0,1,-1,0,0
0,0,0,0,0,0,0,0,0,0,0,1,0,1,0,0,0,0,1,0,0,1,0,0,0,0
0,1,0,0,0,0,0,0,1,1,1,0,0,1,1,0,0,0,1,0,0,0,1,-1,0,0
0,0,1,1,0,0,0,0,1,0,1,0,0,0,0,0,0,0,1,1,0,1,1,-2,1,0
0,0,1,0,0,0,0,1,0,0,1,0,0,0,0,0,0,0,1,0,1,1,1,0,1,0
0,0,1,0,0,0,0,0,1,0,0,1,0,1,1,1,0,0,1,0,0,1,1,-1,0,0
0,0,0,0,0,0,0,0,0,0,0,0,0,0,0,0,0,0,1,0,0,0,0,-1,0,0
0,1,0,0,0,0,0,1,0,1,1,0,0,0,0,0,0,1,1,0,0,1,1,0,1,0
0,0,0,0,0,0,0,0,1,0,1,1,0,0,0,0,0,0,1,0,1,0,1,0,1,0
0,1,0,0,0,1,0,0,1,0,0,0,1,1,1,1,0,0,0,0,0,0,2,1,0,2
0,1,1,0,0,0,0,0,1,1,1,1,0,1,1,0,0,0,1,0,0,1,1,-1,0,0
0,1,1,0,0,0,0,0,1,1,1,1,0,1,1,0,0,0,1,0,0,1,1,0,0,0
0,0,1,0,0,1,0,0,1,0,0,1,0,1,1,1,0,0,0,1,1,1,2,1,2,1
0,1,0,0,0,1,0,0,0,0,0,1,1,1,1,0,0,0,0,0,0,0,1,1,0,2
0,0,0,0,0,0,0,0,0,0,0,1,0,1,1,0,0,0,0,0,0,0,0,0,0,0
0,0,1,0,0,0,0,0,1,0,0,1,0,0,1,0,0,0,1,0,0,1,1,-1,0,0
0,0,0,1,0,0,0,0,0,1,1,1,0,1,0,0,0,0,1,0,0,1,0,0,0,0
0,0,0,0,0,0,0,0,1,1,1,0,0,1,1,0,0,0,1,0,0,1,1,0,0,0
0,0,1,1,0,0,0,1,0,0,0,1,0,1,0,0,0,1,1,0,1,1,1,1,2,0
0,1,0,1,0,0,0,0,0,0,0,1,0,1,1,0,0,0,1,0,0,1,0,1,0,0
0,0,0,0,0,1,0,0,1,0,0,1,1,0,1,1,1,0,0,0,0,0,2,0,0,2
0,0,0,0,0,0,0,0,0,1,1,0,0,1,1,0,0,0,1,0,1,0,0,1,1,0
0,0,0,0,0,0,0,0,1,1,0,0,0,0,1,0,0,0,1,0,0,0,1,-1,0,0
0,0,0,0,0,0,0,0,1,1,1,1,0,1,1,0,0,0,1,0,0,1,1,0,0,0
0,0,0,0,0,1,0,0,0,0,0,1,0,1,0,1,0,0,0,0,0,0,1,1,0,1
1,0,0,0,0,0,0,0,0,0,0,0,0,0,0,0,0,0,1,0,1,0,0,-1,1,0
0,0,0,0,0,0,0,0,1,0,0,1,0,1,0,0,0,0,0,0,0,0,1,1,0,0
0,0,1,1,1,0,0,1,0,1,1,1,0,1,0,0,0,0,1,0,1,1,1,0,2,0
0,0,1,0,0,0,0,0,1,0,1,1,0,1,0,0,0,0,1,0,1,1,1,1,1,0
0,0,0,0,0,0,0,0,1,1,1,1,0,1,0,0,0,0,1,0,1,1,1,1,1,0
0,1,0,0,0,0,0,0,1,0,0,1,0,1,1,1,0,0,1,0,0,0,1,0,0,0
0,0,1,0,0,0,0,0,1,1,1,1,0,1,1,0,0,0,1,0,0,1,1,0,0,0
1,0,1,0,0,0,0,0,0,0,0,0,0,0,0,0,0,0,0,0,1,1,0,0,1,1
0,1,1,0,0,1,0,0,1,0,0,1,1,1,1,1,0,0,0,0,0,0,2,0,0,2
0,0,1,0,0,0,0,0,1,0,0,1,0,0,1,0,1,0,1,0,0,1,1,-1,0,0
0,0,1,0,0,0,0,0,0,1,1,1,0,0,1,0,0,0,1,0,0,1,0,-1,0,0
0,0,1,0,0,1,0,0,1,0,0,1,0,1,0,1,0,0,0,0,0,0,2,0,0,1
0,0,1,0,0,0,0,0,1,0,0,0,0,1,1,0,0,0,1,0,0,0,1,0,0,0
0,1,1,0,0,1,0,0,1,0,0,1,0,1,0,1,0,0,0,0,0,0,2,0,0,1
1,0,0,0,0,0,0,0,1,0,0,0,0,0,0,0,0,0,1,0,1,0,1,0,1,0
0,0,0,1,0,0,0,1,0,0,1,0,0,0,0,0,0,0,1,0,0,1,1,-1,0,0
0,0,1,0,0,1,0,0,1,0,0,0,1,1,1,0,0,0,0,0,0,0,2,0,0,2
0,0,1,0,0,0,0,0,1,0,0,1,0,0,0,0,0,0,1,0,0,1,1,0,0,0
0,0,1,0,0,1,0,1,0,0,0,0,0,1,0,0,0,1,0,0,0,1,2,0,1,1
0,1,0,0,0,0,0,0,1,0,0,1,0,1,1,0,0,0,1,0,0,1,1,0,0,0
0,0,0,0,0,0,0,1,0,0,0,1,0,0,0,0,0,1,1,0,1,1,1,-1,2,0
0,0,1,0,0,0,0,0,1,1,0,1,0,1,1,0,0,0,1,0,0,0,1,0,0,0
0,0,0,0,0,0,0,0,1,0,0,0,0,0,0,0,0,0,0,0,0,0,1,-1,0,0
0,0,0,0,0,0,0,0,1,0,0,1,0,1,1,0,0,0,1,0,0,0,1,0,0,0
0,0,1,0,0,0,0,0,0,0,0,1,0,0,0,1,0,0,1,0,1,1,0,0,1,0
0,1,0,0,0,1,0,0,1,0,0,1,0,1,0,0,0,0,0,0,0,1,2,1,0,1
0,0,1,0,1,0,0,0,1,0,0,1,0,1,0,0,0,0,1,0,0,1,1,1,1,0
0,0,0,0,0,0,0,0,1,0,0,1,0,1,1,0,0,0,1,0,1,1,1,1,1,0
0,0,1,0,0,1,0,0,1,0,0,1,0,1,0,0,0,0,0,0,0,1,2,1,0,1
0,0,1,0,0,0,0,0,1,0,0,1,0,1,0,0,0,0,0,0,0,0,1,-1,0,0
0,0,0,0,1,0,0,0,1,0,0,0,0,0,0,0,0,0,1,0,1,1,1,-1,2,0
0,0,1,1,1,0,0,0,0,0,0,1,0,0,1,0,0,1,1,0,0,1,0,-2,2,0
0,1,1,0,0,0,0,0,1,0,0,1,1,1,1,1,1,0,0,0,0,0,1,1,0,1
0,1,1,0,0,1,0,0,1,0,0,1,1,1,1,1,1,0,0,0,0,0,2,1,0,2
0,0,0,0,0,0,0,0,1,0,1,0,0,0,1,0,0,0,1,0,0,1,1,-2,0,0
0,0,0,0,0,0,0,0,0,1,1,0,0,0,1,1,0,0,1,0,0,1,0,-2,0,0
0,0,0,0,0,0,0,0,1,0,0,1,1,1,1,1,0,0,0,0,0,0,1,1,0,1
0,1,1,0,0,0,0,0,1,0,0,1,0,1,0,0,0,0,1,0,0,1,1,0,0,0
1,0,0,0,0,0,0,0,0,0,1,0,0,0,0,0,0,0,1,0,1,0,0,0,1,0
0,0,0,0,0,0,0,0,0,1,1,0,0,1,1,0,0,0,1,0,0,1,0,0,0,0
0,0,1,1,1,0,0,1,0,1,1,0,0,1,1,0,0,0,1,0,0,1,1,0,1,0
0,1,1,0,0,1,0,0,1,0,0,1,1,1,1,1,0,0,0,0,0,0,2,0,0,3
0,0,1,0,0,0,0,0,1,1,0,1,0,1,1,0,0,0,1,0,0,0,1,1,0,0
0,0,1,0,0,1,0,0,1,0,0,1,1,1,0,0,1,0,0,0,0,0,2,0,0,2
0,0,1,0,1,0,0,0,1,0,0,0,0,1,0,0,0,0,1,1,0,1,1,0,2,0
1,0,1,0,0,0,0,0,1,0,0,1,1,1,1,0,0,0,0,0,0,0,1,-1,0,1
0,0,1,0,0,0,0,1,0,1,1,0,0,0,0,0,0,0,1,0,1,1,1,0,1,0
0,0,1,0,0,0,0,0,1,0,0,1,0,1,1,0,0,0,1,0,1,1,1,1,1,0
0,1,1,0,0,0,0,1,0,1,1,0,0,0,0,0,1,1,1,0,1,1,1,-1,2,0
0,0,0,0,0,1,1,0,1,0,0,1,0,1,1,1,0,0,0,0,0,0,3,1,0,1
0,0,1,0,0,1,0,0,1,0,0,0,0,1,0,0,0,0,0,0,0,1,2,1,0,1
0,0,1,0,0,0,0,0,0,1,1,0,0,0,1,0,0,0,1,0,0,0,0,-1,0,0
0,0,0,0,0,0,0,0,1,1,1,0,0,0,1,0,0,0,1,0,1,0,1,0,1,0
1,0,0,0,0,0,0,0,0,0,0,0,0,0,0,0,0,1,0,0,0,0,0,-1,1,1
0,0,0,0,0,1,0,0,1,0,0,1,1,1,1,0,0,0,0,0,0,0,2,1,0,3
0,0,1,0,0,0,0,0,0,0,0,0,0,0,0,0,0,0,0,0,0,1,0,-2,0,1
0,0,0,0,1,0,0,0,1,0,0,1,0,0,1,1,0,0,1,0,0,1,1,-2,1,0
0,1,1,0,0,0,0,0,1,1,0,1,0,1,1,0,0,0,1,0,0,0,1,0,0,0
0,0,0,0,0,1,0,0,1,1,1,0,0,0,1,0,0,0,1,0,0,1,2,-1,0,1
0,0,1,0,0,1,0,0,1,0,0,1,1,1,0,0,0,0,0,0,0,0,2,1,0,2
0,0,0,0,0,1,0,0,1,0,0,1,0,1,1,1,0,0,0,0,0,0,2,1,0,1
0,0,1,0,0,1,0,0,1,0,0,1,1,1,1,1,0,0,0,0,0,0,2,1,0,2
0,0,0,0,0,1,0,0,1,0,0,1,0,1,1,0,0,0,0,0,0,0,2,1,0,1
0,0,0,0,0,0,0,0,1,0,1,0,0,0,0,0,0,0,1,0,0,0,1,-2,0,0
0,0,0,0,0,0,0,0,0,0,0,0,0,1,0,0,0,1,1,1,1,1,0,1,3,0
0,0,0,0,0,0,0,0,1,0,1,1,0,1,1,0,0,0,1,0,0,1,1,-1,0,0
0,0,1,0,0,0,0,0,1,0,1,1,0,1,1,0,0,0,1,0,0,1,1,0,0,0
0,0,0,0,0,0,0,0,1,0,0,0,0,0,1,0,0,0,0,0,0,1,1,-2,0,0
0,0,1,0,0,0,0,0,1,1,0,1,0,1,0,0,0,0,1,0,0,1,1,1,0,0
0,0,0,0,1,0,0,0,1,1,1,1,0,1,1,0,0,0,1,0,0,1,1,0,1,0
0,0,1,1,1,0,0,1,0,1,1,0,0,0,0,0,0,0,1,0,1,1,1,-1,2,0
0,0,0,0,0,0,0,0,1,0,0,1,0,1,1,0,0,0,1,0,0,1,1,1,0,0
0,0,1,0,0,0,0,0,1,0,1,1,0,1,1,0,0,0,1,0,0,1,1,-1,0,0
0,0,1,0,0,0,0,0,1,0,0,1,0,1,1,0,0,0,1,0,0,1,1,0,0,0
0,0,0,1,0,0,0,0,1,0,0,0,0,0,0,0,0,0,0,0,1,0,1,0,1,0
0,0,1,1,1,0,0,1,0,0,1,0,0,0,0,0,0,1,1,0,1,1,1,0,3,0
0,0,0,0,0,0,0,0,1,0,0,1,0,1,1,0,0,0,0,0,0,0,1,1,0,0
1,0,0,0,0,0,0,0,1,0,1,0,0,0,1,0,0,0,1,0,1,0,1,0,1,0
0,0,0,0,0,0,0,0,1,0,0,1,0,1,0,0,0,0,1,0,1,0,1,1,1,0
0,0,1,0,1,0,0,0,1,0,0,0,0,0,0,0,0,0,1,0,0,0,1,-2,1,0
0,0,1,0,0,0,0,0,0,1,1,0,0,0,1,0,0,0,1,0,0,1,0,0,0,0
0,1,0,0,0,0,0,0,1,1,1,1,0,1,0,0,0,0,1,0,0,1,1,-1,0,0
0,0,0,0,0,0,0,0,1,0,1,0,0,0,1,1,0,0,1,0,0,0,1,-1,0,0
0,0,0,0,0,0,0,0,1,1,1,1,0,1,1,1,0,0,1,0,0,0,1,0,0,0
0,0,1,0,0,0,0,0,1,1,1,1,0,1,0,0,0,0,1,0,0,1,1,0,0,0
1,0,0,0,0,0,0,0,1,1,1,0,0,0,1,0,0,0,1,0,0,0,1,-2,0,0
0,0,0,0,0,0,0,0,1,0,0,0,0,0,0,0,0,0,1,0,0,0,1,0,0,0
0,0,1,0,0,0,0,0,1,0,0,1,0,1,1,1,0,0,1,0,0,0,1,0,0,0
0,0,1,0,0,0,0,0,1,1,1,0,0,1,0,0,0,0,1,0,0,0,1,0,0,0
0,0,0,0,0,0,0,0,0,1,1,0,0,0,0,0,0,0,1,0,1,1,0,0,1,0
0,0,0,1,0,0,0,0,0,0,0,1,0,1,1,0,0,0,1,0,1,1,0,0,1,0
0,0,0,0,1,0,0,0,0,0,0,1,0,1,1,0,0,0,1,0,0,0,0,1,1,0
0,0,1,0,0,1,0,0,1,0,0,0,0,1,0,0,0,0,0,0,0,0,2,1,0,1
0,0,0,0,1,0,0,0,1,1,1,0,0,1,1,0,0,0,1,0,1,1,1,1,2,0
0,0,0,0,0,1,1,0,1,0,0,1,1,1,1,1,0,0,0,0,0,0,3,1,0,2
0,0,1,0,1,0,0,0,0,1,1,1,0,1,0,0,0,0,1,0,0,1,0,-1,1,0
0,0,0,0,0,0,0,0,0,0,0,0,0,0,0,0,0,1,0,0,0,0,0,0,1,0
0,0,0,0,0,0,0,0,1,0,0,1,0,0,1,0,0,0,1,0,1,1,1,0,1,0
0,0,1,0,0,0,0,0,1,0,0,0,0,0,0,0,0,1,0,0,0,0,1,-1,1,0
0,0,0,0,0,0,0,0,1,0,1,0,0,0,1,0,0,0,1,0,0,0,1,-1,0,0
1,0,1,0,1,0,0,0,1,0,1,0,0,0,0,0,0,0,1,0,0,0,1,-1,1,0
0,0,0,0,0,1,0,0,1,0,0,1,1,1,0,0,0,0,0,0,0,0,2,1,0,2
0,0,1,0,0,0,0,0,0,0,0,1,0,1,1,0,0,0,1,0,0,1,0,1,0,0
0,0,0,0,0,1,0,0,1,0,0,0,0,1,0,0,0,0,0,0,0,0,2,0,0,2
0,0,0,1,1,0,0,0,1,1,1,0,0,1,1,0,0,0,1,0,0,1,1,1,1,0
0,0,0,0,0,0,0,0,1,1,1,1,0,1,0,0,0,0,1,0,0,0,1,0,0,0
0,0,1,0,0,0,0,0,1,0,1,0,0,1,0,0,0,0,1,0,0,1,1,0,0,0
0,0,0,0,0,1,0,0,1,0,0,1,0,1,0,0,0,0,1,0,0,0,2,-1,0,2
0,0,0,0,0,0,0,0,1,0,1,0,0,1,1,1,0,0,1,0,0,1,1,0,0,0
0,0,0,0,1,0,0,0,0,1,1,1,0,1,1,0,0,0,1,0,1,1,0,1,2,0
0,0,1,0,0,0,0,0,1,0,0,1,0,1,1,1,0,0,1,0,0,0,1,-1,0,0
0,0,0,0,1,0,0,1,0,1,1,0,0,1,1,0,0,0,1,0,0,1,1,0,1,0
0,1,0,0,0,0,0,0,1,1,1,1,0,1,1,0,0,0,1,0,1,1,1,1,1,0
0,1,0,0,0,0,0,0,1,1,1,0,0,1,1,0,0,0,1,0,0,0,1,0,0,0
0,1,0,0,0,0,0,0,1,1,1,1,0,0,1,0,0,0,1,0,0,0,1,0,0,0
0,0,1,0,0,1,0,0,1,0,0,1,1,1,0,0,0,0,0,0,0,0,2,0,0,3
0,1,0,0,0,0,0,0,1,1,0,0,0,1,0,1,0,0,1,0,0,0,1,-1,0,0
0,1,0,0,0,1,0,0,1,0,0,0,0,1,1,0,0,0,0,0,0,0,2,-1,0,1
0,0,0,0,0,0,0,0,1,0,0,0,0,0,1,0,0,0,0,0,0,0,1,-1,0,0
0,0,0,0,0,1,0,0,1,0,0,0,0,1,1,0,0,0,0,0,0,0,2,0,0,1
0,1,1,0,0,1,0,0,1,0,0,1,0,1,1,1,0,0,0,0,0,0,2,1,0,1
0,0,1,0,1,0,0,0,1,0,0,1,0,0,1,0,0,0,1,0,0,0,1,-1,1,0
0,1,0,0,0,1,0,0,1,0,0,1,0,1,1,0,0,0,0,0,0,0,2,1,0,1
0,0,0,0,0,1,0,0,1,0,0,0,0,0,0,1,0,0,0,0,0,0,2,-1,0,1
0,0,0,0,0,0,0,0,1,1,1,0,0,0,0,0,0,0,1,0,0,0,1,-1,0,0
0,0,0,0,0,0,0,0,0,0,0,1,0,1,0,0,0,0,1,0,0,1,0,0,0,0
0,1,0,0,0,0,0,0,1,0,0,0,0,1,1,0,0,0,1,0,0,0,1,1,0,0
0,0,1,0,0,0,0,0,0,1,1,1,0,0,1,0,0,0,1,0,1,1,0,-1,1,0
0,0,1,0,0,0,0,0,1,0,0,0,0,1,0,0,0,0,1,0,1,0,1,0,1,0
0,0,0,0,0,0,0,1,0,0,1,0,0,0,0,0,0,1,1,0,1,1,1,0,2,0
0,1,0,0,0,1,0,0,1,0,0,1,0,0,1,1,0,0,0,0,0,0,2,0,0,1
0,0,1,0,0,1,0,0,1,0,0,0,1,1,0,0,0,0,0,0,0,0,2,0,0,2
0,0,0,1,1,0,0,1,0,0,0,1,0,0,0,0,0,1,1,0,1,1,1,0,3,0
0,1,1,0,0,0,0,0,1,0,0,1,0,1,1,0,0,0,0,0,0,0,1,-1,0,0
0,0,1,0,0,1,0,0,1,0,0,0,1,1,1,0,0,0,0,0,1,0,2,1,1,2
0,0,0,0,0,0,0,0,1,1,1,1,0,1,1,0,0,0,1,0,0,0,1,1,0,0
0,0,1,0,0,0,0,0,1,0,1,1,0,0,0,0,0,0,1,0,1,1,1,0,1,0
0,0,0,0,0,0,0,0,1,0,0,1,0,0,0,0,0,1,1,0,0,1,1,-2,1,0
0,0,1,0,0,1,0,0,1,0,0,1,1,1,1,1,0,0,0,0,0,0,2,1,0,2
0,0,0,0,0,0,0,0,0,1,1,0,0,0,0,0,0,1,1,0,1,0,0,-1,2,0
1,0,0,0,1,0,0,0,1,0,0,0,0,0,0,0,0,0,1,0,1,1,1,0,2,0
0,0,0,0,0,1,0,0,1,0,0,0,0,1,0,0,0,0,0,0,0,0,2,0,0,1
1,0,1,0,0,0,0,0,1,0,0,0,0,0,0,0,0,0,0,0,0,1,1,-1,0,0
0,1,0,0,0,1,0,0,1,0,1,0,0,0,0,0,0,0,1,0,0,1,2,-1,0,1
0,0,1,0,0,0,0,0,1,0,0,1,0,1,1,0,0,0,1,0,1,1,1,1,1,0
0,0,1,1,1,0,0,0,0,0,0,1,0,1,1,0,0,0,1,0,0,1,0,1,1,0
0,1,0,0,0,0,0,1,0,1,1,0,0,0,0,0,0,1,1,0,0,1,1,-2,1,0
1,0,1,0,0,0,0,0,1,0,0,1,0,0,0,0,0,0,1,0,0,0,1,-1,0,0
0,0,0,0,0,0,0,0,1,0,0,1,0,0,0,1,0,0,1,0,0,1,1,-2,0,0
0,0,0,0,0,0,0,0,1,0,0,1,0,1,0,0,0,1,1,0,0,1,1,0,1,0
0,0,0,0,0,0,0,0,1,0,0,1,0,1,1,1,0,0,1,0,0,1,1,1,0,0
0,0,0,0,1,0,0,0,1,0,0,1,0,1,1,1,0,0,1,0,1,1,1,0,2,0
0,0,1,0,0,1,0,1,0,0,0,1,1,1,1,0,0,1,0,0,1,1,2,1,2,2
0,0,1,1,0,0,0,0,1,0,0,1,0,1,1,0,0,0,1,0,0,1,1,1,0,0
0,1,1,0,0,0,0,0,1,1,1,0,0,0,0,0,0,0,1,0,0,1,1,-1,0,0
0,0,0,0,0,1,0,0,1,0,0,1,1,1,1,0,0,0,0,0,0,0,2,0,0,2
0,0,0,0,0,1,0,0,1,0,0,1,1,1,1,0,0,0,0,0,0,0,2,0,0,3
0,1,0,0,0,0,0,0,1,0,0,1,1,1,1,1,0,0,0,0,0,0,1,1,0,1
0,1,0,0,0,0,0,0,1,0,0,1,0,1,0,1,1,0,1,0,0,0,1,1,0,0
0,0,0,0,0,0,0,0,1,1,1,1,0,1,1,0,1,0,1,0,0,0,1,-1,0,0
0,0,1,0,0,1,0,0,1,0,0,1,0,1,1,0,0,0,0,0,0,0,2,1,0,1
0,0,1,0,0,0,0,0,0,1,1,1,0,0,1,0,0,0,1,0,0,1,0,-2,0,0
0,0,0,0,0,0,0,0,1,1,0,1,0,1,1,0,0,0,1,0,0,0,1,0,0,0
0,0,1,0,0,0,0,0,1,1,1,1,0,1,1,0,0,0,1,0,0,1,1,-1,0,0
0,0,1,0,0,0,0,0,1,0,0,0,0,0,0,0,0,0,0,1,1,0,1,0,2,0
0,1,1,1,0,0,0,0,0,1,1,1,0,1,1,0,0,0,1,0,0,0,0,0,0,0
0,0,1,0,1,0,0,0,1,1,1,1,0,1,1,0,0,0,1,0,0,1,1,0,1,0
0,0,0,0,0,0,0,0,0,0,0,0,0,1,0,0,0,0,1,0,1,1,0,1,1,0
0,0,0,0,0,0,0,0,0,0,0,1,0,1,0,0,0,0,0,0,0,0,0,1,0,0
0,0,1,0,0,0,0,0,1,1,1,1,0,0,1,0,0,0,1,0,0,1,1,-1,0,0
0,0,1,0,1,0,0,0,1,0,0,1,0,1,1,0,0,0,1,0,0,0,1,-1,1,0
0,0,0,0,0,0,0,0,1,0,0,1,0,0,1,1,0,0,1,0,0,1,1,-1,0,0
0,0,0,1,1,0,0,1,0,0,1,0,0,0,1,0,0,0,1,1,0,1,1,-2,2,0
1,0,0,0,0,0,0,0,1,0,0,0,0,0,0,0,0,0,0,0,1,0,1,0,1,0
0,0,1,0,0,1,0,0,1,0,0,0,0,1,0,0,1,0,0,0,0,0,2,1,0,1
0,0,0,0,0,1,1,0,1,0,0,1,0,1,1,0,0,0,0,0,0,0,3,0,0,1
0,0,1,0,0,0,0,0,0,1,1,0,0,0,0,0,0,1,1,0,1,1,0,0,2,0
0,0,1,0,0,1,0,0,1,0,0,1,1,1,1,0,0,0,0,0,0,0,2,1,0,2
1,0,0,0,0,1,0,0,1,0,0,1,0,1,0,0,0,0,0,0,1,0,2,1,1,1
0,0,1,0,0,0,0,0,1,0,0,0,0,0,1,0,0,1,1,0,0,1,1,-1,1,0
0,1,1,0,0,0,0,0,1,1,1,1,0,1,0,0,0,0,1,0,0,0,1,-1,0,0
0,0,0,0,0,0,0,0,1,0,0,1,0,0,1,0,0,0,1,0,0,1,1,-1,0,0
0,0,1,0,0,0,0,0,1,1,1,0,0,0,0,1,0,0,1,0,0,0,1,-2,0,0
0,0,1,0,0,0,0,0,1,1,1,1,0,0,1,0,0,0,1,0,0,1,1,0,0,0
0,0,0,0,0,0,0,0,0,1,1,0,0,0,1,0,0,0,1,0,1,0,0,0,1,0
0,1,0,0,0,0,0,1,0,1,1,0,0,1,1,0,0,1,1,0,1,1,1,0,2,0
0,1,1,1,0,0,0,0,0,0,0,1,0,1,0,0,0,1,1,0,0,1,0,1,1,0
1,0,0,0,0,1,0,0,1,1,1,0,0,0,0,0,0,0,1,0,1,0,2,0,1,1
0,1,1,0,0,0,0,0,1,1,1,1,0,0,1,0,0,0,1,0,0,1,1,-2,0,0
0,0,1,0,0,0,0,0,1,0,1,1,0,1,1,0,0,0,1,0,0,0,1,0,0,0
1,0,1,0,0,1,0,0,1,0,0,0,1,0,0,0,0,0,0,0,0,0,2,-1,0,2
0,1,1,0,0,1,0,0,1,0,0,1,0,1,1,0,0,0,0,0,0,0,2,1,0,1
0,0,1,0,0,0,0,0,1,0,0,0,0,1,0,0,0,0,1,0,0,0,1,-1,0,0
0,0,1,0,0,0,0,0,1,0,0,1,1,1,1,0,0,0,1,0,0,0,1,-1,0,1
0,0,1,0,0,0,0,0,1,0,0,1,0,1,1,0,0,0,0,0,1,0,1,1,1,0
0,0,1,0,0,0,0,0,1,1,1,0,0,1,1,0,0,0,1,0,0,0,1,-1,0,0
0,0,1,0,0,0,0,0,1,0,0,1,1,1,1,0,0,1,0,0,0,0,1,1,1,1
0,1,1,0,0,0,0,0,1,0,0,1,0,1,0,0,0,0,1,0,0,1,1,-1,0,0
0,0,1,0,0,0,0,0,1,1,1,1,0,1,1,0,0,0,1,0,0,0,1,1,0,0
0,0,1,0,1,0,0,0,0,0,0,1,0,1,1,0,0,0,1,0,0,1,0,0,1,0
0,0,0,0,0,0,0,0,1,1,1,1,0,1,1,0,0,0,1,0,1,1,1,0,1,0
0,0,1,0,0,0,0,0,1,0,0,0,0,0,0,0,0,1,0,0,0,0,1,0,1,0
0,1,0,0,0,0,0,0,1,0,0,1,0,1,1,1,0,0,1,0,0,1,1,0,0,0
0,0,1,0,0,0,0,0,0,1,1,0,0,0,1,0,0,0,1,0,1,1,0,0,1,0
0,0,0,0,0,0,1,0,0,1,1,0,0,0,0,0,0,0,1,0,1,1,1,0,1,0
0,0,0,0,0,0,0,0,1,1,1,1,0,1,1,0,0,0,1,0,0,0,1,1,0,0
0,1,1,0,0,1,0,0,1,0,0,1,0,1,1,1,0,0,0,0,0,0,2,1,0,1
0,0,0,0,0,0,0,0,1,1,1,1,0,1,0,0,0,0,1,0,0,0,1,1,0,0
1,0,0,0,0,1,0,0,1,0,0,0,0,0,0,0,0,0,0,0,0,0,2,0,0,2
0,0,1,0,0,0,0,0,1,0,0,1,0,1,1,0,0,0,1,0,0,1,1,1,0,0
0,0,0,0,0,0,0,0,1,0,0,0,0,1,1,0,0,0,1,0,0,1,1,0,0,0
1,0,0,0,1,0,0,0,1,0,0,0,0,0,0,0,0,1,1,0,1,0,1,0,3,0
1,0,1,0,1,0,0,0,1,0,1,1,0,0,0,0,0,0,1,0,1,0,1,0,2,0
0,0,1,0,0,0,0,0,1,1,1,1,0,1,1,0,0,0,1,0,1,0,1,1,1,0
0,1,1,0,0,0,0,0,1,0,0,1,0,1,0,0,0,0,1,0,0,1,1,-1,0,0
0,0,0,0,0,1,0,0,1,0,0,1,1,1,0,0,0,0,0,0,0,0,2,1,0,2
0,0,1,0,0,0,0,0,0,0,1,0,0,0,1,0,0,0,1,0,0,1,0,-1,0,0
0,1,0,0,0,1,0,0,1,0,0,1,1,1,1,0,0,0,0,0,0,0,2,1,0,2
0,0,0,0,0,0,0,0,0,0,0,0,0,0,0,0,0,0,1,0,0,0,0,0,0,0
0,0,1,0,0,0,0,0,0,0,0,1,0,1,1,0,0,0,1,0,0,1,0,-1,0,0
0,0,0,0,0,0,0,1,0,0,0,0,0,0,0,0,0,1,0,0,1,1,1,0,2,1
0,1,0,0,0,0,0,0,1,1,1,0,0,0,1,0,0,0,1,0,0,1,1,0,0,0
0,0,1,0,0,0,0,0,1,1,0,1,0,1,1,0,0,0,1,0,0,1,1,0,0,0
0,0,0,0,0,0,0,0,0,0,0,1,0,0,0,0,0,0,0,0,1,0,0,0,1,0
0,0,0,0,0,0,0,0,1,1,1,1,0,1,0,0,0,0,1,0,0,0,1,-1,0,0
0,0,0,1,1,0,0,0,0,0,0,1,0,1,0,0,0,0,1,0,1,1,0,0,2,0
0,0,1,0,0,0,0,0,1,0,0,0,0,0,1,0,0,0,0,1,0,1,1,-1,1,0
0,1,1,0,0,0,0,0,1,1,1,1,0,1,0,0,0,0,1,0,0,1,1,-1,0,0
0,0,0,0,0,0,0,0,1,1,1,0,0,0,0,0,0,0,1,0,1,0,1,0,1,0
0,0,0,1,0,0,0,0,1,0,1,1,0,0,0,1,0,0,1,0,1,0,1,-1,1,0
0,0,1,0,0,1,0,0,1,0,0,1,0,1,0,0,0,0,0,0,0,0,2,0,0,1
1,0,0,0,0,1,0,0,1,0,0,0,0,1,0,0,0,0,0,0,1,0,2,1,1,1
1,0,0,1,1,0,0,0,0,0,0,0,0,0,0,0,0,1,0,0,1,1,0,-1,3,0
0,0,0,0,0,1,0,0,1,0,0,1,1,1,1,0,0,0,0,0,0,0,2,1,0,3
0,0,0,0,0,0,0,0,0,0,0,0,0,0,0,0,0,0,1,0,1,0,0,-1,1,0
0,0,0,0,0,0,0,0,1,0,0,1,1,1,1,0,0,0,0,0,0,1,1,0,0,1
0,0,1,1,1,0,0,0,0,1,1,0,0,0,0,0,0,1,1,0,1,1,0,-1,3,0
1,0,0,0,0,1,0,0,1,0,0,1,0,0,0,0,0,0,1,0,0,0,2,-1,0,1
0,0,0,1,1,0,0,1,0,0,1,0,0,0,0,0,0,1,1,0,1,1,1,0,3,0
0,1,0,0,0,0,0,0,1,0,1,1,0,1,0,1,0,0,1,0,0,0,1,-1,0,0
0,0,1,0,0,1,0,0,1,0,0,1,1,1,1,0,1,0,0,0,0,0,2,1,0,2
0,0,1,0,0,1,0,0,1,0,0,1,1,1,0,1,1,0,0,0,0,0,2,0,0,3
0,0,0,0,0,0,1,0,1,1,1,1,0,1,1,0,0,0,1,0,1,0,2,1,1,0
0,1,0,0,0,0,0,0,1,0,0,1,1,1,1,1,0,0,1,0,0,0,1,-1,0,1
0,1,0,0,0,0,0,0,1,0,0,0,0,0,0,0,0,0,1,0,0,0,1,-2,0,0
0,0,0,0,0,0,0,0,1,0,1,1,0,0,0,1,0,0,1,0,1,0,1,0,1,0
0,0,1,0,0,0,0,0,1,1,1,0,0,1,1,0,0,0,1,0,1,1,1,1,1,0
0,0,1,0,0,1,0,0,1,0,0,1,0,1,1,0,0,0,0,1,0,1,2,0,1,1
0,1,0,0,0,0,1,0,1,0,0,0,0,0,0,0,0,0,1,0,1,1,2,0,1,0
0,0,1,0,0,0,0,0,1,1,1,1,0,1,1,1,0,0,1,0,0,0,1,0,0,0
0,1,1,0,0,0,0,0,1,0,0,1,0,1,0,1,0,0,0,0,0,0,1,1,0,1
1,0,0,0,0,0,0,0,0,1,1,0,0,0,1,0,0,0,1,0,0,1,0,-1,0,0
0,1,1,0,0,1,0,0,1,0,0,1,1,1,1,1,1,0,0,0,0,0,2,-1,0,2
0,0,1,0,0,0,0,0,1,0,0,0,1,1,0,0,0,0,0,0,0,0,1,1,0,1
1,0,0,0,1,0,0,0,1,1,1,0,0,0,0,0,0,0,1,0,0,1,1,0,1,0
0,0,1,0,0,1,0,0,1,0,0,1,1,1,1,1,0,0,0,0,0,0,2,0,0,2
0,1,0,0,0,0,0,0,1,0,0,1,0,1,0,0,0,0,0,0,0,0,1,1,0,0
0,0,1,0,1,0,0,0,1,1,1,1,0,1,0,0,0,0,1,0,0,1,1,0,1,0
0,0,1,0,1,0,0,0,1,1,1,0,0,1,0,0,0,0,1,0,0,1,1,-1,1,0
0,0,0,0,0,0,0,0,1,1,1,1,0,0,1,0,0,0,1,0,0,1,1,-1,0,0
0,0,1,0,0,1,0,0,1,0,0,1,0,1,1,0,1,0,0,0,0,0,2,-1,0,1
0,0,0,0,0,0,0,0,1,0,1,1,0,1,1,1,0,0,1,0,0,1,1,-1,0,0
0,0,0,0,0,0,0,0,1,1,1,1,0,0,0,0,0,0,1,0,0,1,1,-2,0,0
0,0,0,0,0,0,0,0,1,0,1,1,0,1,0,0,0,0,1,0,0,1,1,1,0,0
0,0,1,0,0,0,0,0,1,1,1,0,0,1,1,0,0,0,1,0,0,0,1,1,0,0
0,1,0,0,0,0,0,0,1,1,1,1,0,1,0,0,0,0,1,0,0,0,1,0,0,0
0,0,1,0,0,1,0,0,1,0,0,1,0,1,0,0,0,0,0,0,0,0,2,0,0,1
0,0,0,0,0,0,0,0,1,0,0,0,0,0,0,1,0,0,1,0,0,0,1,0,0,0
0,0,0,0,0,0,0,0,0,0,1,0,0,0,0,0,0,1,1,0,1,1,0,-1,2,0
0,1,1,0,0,0,0,0,1,0,1,1,0,1,1,0,0,0,1,0,0,0,1,1,0,0
0,0,1,0,0,0,0,0,1,1,0,0,0,1,1,0,0,0,1,0,0,1,1,0,0,0
0,0,0,0,0,0,0,0,1,0,0,0,0,1,0,0,0,0,0,0,0,0,1,1,0,0
0,0,0,0,0,0,0,0,1,0,1,0,0,0,0,0,0,0,1,0,1,0,1,0,1,0
0,1,0,0,0,1,0,0,1,0,0,0,0,0,0,0,0,0,0,0,0,1,2,0,0,1
0,0,1,1,0,0,0,0,1,0,0,1,0,1,1,0,0,0,1,0,0,0,1,1,0,0
0,0,1,0,0,0,0,0,1,1,1,1,0,0,1,0,0,0,1,0,0,1,1,-1,0,0
0,0,1,0,0,0,0,0,1,0,0,1,0,0,1,0,0,0,0,0,1,1,1,0,1,0
0,1,0,0,0,1,0,0,1,0,0,1,1,1,1,1,0,0,0,0,0,0,2,0,0,2
0,1,0,0,0,0,0,0,1,1,1,1,0,1,0,1,0,0,1,0,0,1,1,-1,0,0
0,1,1,0,0,0,0,0,1,0,0,1,0,1,1,0,0,0,1,0,0,0,1,0,0,0
0,1,1,0,0,1,0,0,1,0,0,1,0,1,1,1,0,0,1,0,0,0,2,1,0,1
0,0,0,1,1,0,0,0,1,1,1,0,0,0,1,0,0,0,1,0,1,1,1,-1,2,0
0,0,1,0,0,0,0,0,1,0,0,1,1,1,1,0,0,0,0,0,0,0,1,-1,0,1
0,0,0,0,0,0,0,0,0,0,0,0,0,0,0,0,0,0,0,0,1,0,0,0,1,1
0,0,0,0,0,0,0,0,1,1,0,0,0,1,1,0,0,0,1,0,0,1,1,0,0,1
0,0,1,0,1,0,0,0,1,0,0,0,0,0,0,0,0,0,0,0,0,1,1,-2,1,0
0,1,1,0,0,0,0,0,1,1,1,1,0,1,1,0,0,0,1,0,0,1,1,0,0,1
0,0,0,0,0,0,0,0,1,1,1,0,0,1,1,0,0,0,1,0,1,1,1,1,1,0
0,0,1,0,0,0,0,0,1,0,0,1,0,1,1,0,0,0,1,0,0,0,1,-1,0,0
0,0,0,0,0,1,0,0,1,0,0,1,1,1,1,1,0,0,0,0,0,0,2,0,0,2
0,0,1,0,0,0,0,0,1,0,0,1,1,1,1,0,0,0,1,0,0,0,1,-1,0,2
0,0,0,0,0,0,1,0,1,1,1,0,0,1,1,0,0,0,1,0,0,1,2,1,0,0
0,0,1,1,0,0,0,1,0,0,0,0,0,0,0,0,0,1,1,0,1,1,1,0,2,0
0,0,1,0,0,0,0,0,1,1,1,0,0,0,0,0,0,0,1,0,0,1,1,-2,0,0
0,1,0,0,0,1,0,0,1,0,0,1,0,1,1,1,0,0,0,0,0,0,2,0,0,1
0,0,1,0,1,0,0,0,1,1,1,0,0,0,1,1,0,0,1,0,0,1,1,-2,1,0
0,0,1,0,0,1,0,0,1,0,0,1,1,1,0,0,0,0,0,0,0,0,2,0,0,2
0,0,1,0,0,0,0,0,1,0,0,0,0,1,1,0,0,0,0,0,0,1,1,0,0,0
0,0,1,0,0,0,0,0,1,0,0,0,0,0,0,0,0,1,0,0,1,1,1,0,2,0
0,0,0,0,1,0,0,0,0,0,0,0,0,0,1,0,0,0,1,0,0,1,0,-2,1,0
0,1,1,0,0,1,0,0,1,0,0,1,1,1,1,1,0,0,0,0,0,0,2,-1,0,3
0,0,1,0,0,0,0,0,1,0,0,1,0,0,0,0,0,1,0,0,1,1,1,0,2,0
0,0,0,0,0,0,0,0,0,1,1,1,0,1,0,1,0,0,1,0,0,0,0,-1,0,0
0,0,0,0,0,0,0,0,0,1,1,0,0,0,1,0,0,0,1,0,0,0,0,-1,0,0
0,0,1,0,1,0,0,0,1,0,1,0,0,0,0,0,0,1,1,0,0,1,1,-1,2,0
0,0,0,0,0,0,0,0,1,1,1,0,0,1,0,0,0,0,1,0,0,0,1,0,0,1
0,0,0,0,0,1,0,0,1,0,0,1,1,1,0,1,0,0,0,0,0,0,2,1,0,2
1,0,1,0,0,0,0,0,1,0,0,0,0,1,1,0,0,0,0,0,0,0,1,0,0,0
0,1,0,0,0,1,0,0,1,0,0,0,1,1,0,0,0,0,0,0,0,0,2,1,0,2
1,1,0,0,0,0,0,0,1,1,1,0,0,0,0,0,0,0,1,0,1,1,1,-1,1,0
0,0,1,0,1,0,0,0,1,1,1,0,0,0,1,0,0,0,1,0,0,1,1,-1,1,0
1,0,1,0,0,0,0,0,1,0,0,0,0,0,1,0,0,0,1,0,0,1,1,0,0,0
0,0,1,1,1,0,0,1,0,1,1,1,0,0,0,0,0,1,1,0,1,1,1,0,3,0
0,1,0,0,0,0,0,0,1,1,1,0,0,1,1,1,0,0,1,0,0,0,1,0,0,0
0,0,0,0,1,0,0,1,0,0,1,1,0,1,0,0,0,0,1,0,0,1,1,0,1,0
0,0,1,1,1,0,0,0,1,1,1,1,0,0,0,0,0,0,1,0,0,1,1,-2,1,0
0,0,0,0,0,0,0,0,1,0,0,1,0,1,1,0,0,0,1,0,0,1,1,0,0,0
0,1,1,0,1,0,0,0,1,0,0,1,0,1,1,0,0,0,1,0,0,1,1,0,1,0
0,0,1,0,0,0,0,0,1,0,0,0,0,0,0,0,0,0,0,0,1,1,1,-2,1,1
0,0,1,0,0,0,0,1,0,0,0,0,0,0,0,0,0,1,1,0,1,1,1,0,2,0
1,0,0,1,0,0,0,0,0,1,1,1,0,0,0,0,0,0,1,0,1,0,0,0,1,0
0,0,1,0,0,0,0,0,1,0,1,1,0,1,1,0,0,0,1,0,0,1,1,1,0,0
0,0,0,1,0,0,1,0,1,1,1,0,0,1,1,0,0,0,1,0,1,1,2,0,1,0
0,0,0,0,0,0,0,0,1,0,0,0,0,1,0,0,0,0,0,0,0,0,1,1,0,0
1,0,0,0,0,0,0,0,0,0,0,0,0,0,0,0,0,0,1,0,0,0,0,-1,0,0
0,0,1,0,0,1,0,0,1,0,0,0,0,0,1,0,0,0,0,0,0,0,2,-1,0,2
0,1,1,0,0,0,0,0,1,0,0,0,0,0,0,0,0,0,1,0,0,0,1,-2,0,0
0,1,1,0,0,0,0,0,1,0,0,1,0,1,0,0,0,0,1,0,0,1,1,-1,0,0
0,1,0,0,0,0,0,0,0,0,0,1,0,1,0,0,0,0,0,0,1,0,0,1,1,0
0,0,0,1,1,0,0,1,0,1,1,0,0,0,0,0,0,1,1,0,1,1,1,0,3,0
0,0,0,0,0,0,1,0,1,0,0,1,0,1,1,1,0,0,1,0,0,0,2,-1,0,0
0,0,1,0,0,1,0,0,1,0,0,0,0,1,1,0,0,0,0,0,0,0,2,0,0,1
0,0,1,0,0,0,0,0,1,1,1,1,0,1,1,0,0,0,1,0,1,0,1,0,1,0
0,0,0,0,0,0,0,0,1,0,0,1,0,1,1,1,0,0,1,0,1,0,1,1,1,0
0,1,0,0,0,0,0,0,1,0,0,1,0,1,0,0,0,0,1,0,1,1,1,1,1,0
0,0,0,0,0,0,0,0,1,1,1,1,0,0,1,0,0,0,1,0,1,1,1,0,1,0
0,0,0,0,0,0,0,0,1,1,1,1,0,1,0,0,0,0,1,0,1,1,1,0,1,0
0,0,1,0,0,1,0,0,1,0,0,1,0,1,1,1,0,0,0,0,0,1,2,0,0,1
0,1,1,0,0,1,0,0,1,0,0,1,0,1,1,1,0,0,0,0,0,0,2,1,0,1
0,0,0,0,0,0,0,0,0,0,0,1,0,0,0,0,0,0,0,0,0,0,0,0,0,0
0,1,1,0,0,1,1,0,1,0,0,1,1,1,0,1,1,0,0,0,0,0,3,0,0,2
1,0,0,0,0,1,0,0,1,0,0,0,1,0,0,0,0,0,0,0,0,1,2,0,0,2
0,0,0,0,0,0,0,0,1,0,1,1,0,1,0,0,0,0,1,0,0,1,1,-1,0,0
0,0,0,0,0,0,0,0,1,0,1,0,0,0,0,0,0,0,1,0,1,1,1,0,1,0
0,0,1,0,0,0,0,0,1,1,1,0,0,1,1,0,0,0,1,0,0,1,1,-1,0,0
0,0,1,0,0,0,0,0,1,1,1,1,0,1,0,0,0,0,1,0,1,1,1,1,1,0
0,0,1,0,0,0,0,0,1,1,1,1,0,1,0,0,0,0,1,1,1,1,1,0,2,0
1,0,0,0,1,0,0,0,1,1,1,0,0,0,0,0,0,0,1,0,1,1,1,-1,2,0
0,0,0,0,0,0,0,0,0,0,1,1,0,0,1,0,0,1,1,0,0,1,0,-1,1,0
0,0,1,0,0,0,0,0,1,0,0,1,1,1,1,1,1,0,0,0,0,0,1,0,0,1
0,0,0,0,0,1,0,0,1,0,0,1,1,1,0,0,0,0,0,0,0,0,2,1,0,2
0,1,1,0,0,1,0,0,1,0,0,1,1,1,0,1,0,0,0,0,0,0,2,0,0,3
0,0,0,0,0,0,0,0,1,0,0,1,0,1,0,0,0,0,1,1,0,1,1,1,1,0
0,0,0,0,0,1,0,0,1,0,0,1,1,1,1,1,0,0,0,0,0,0,2,0,0,2
0,0,1,0,1,0,0,1,0,1,1,0,0,0,1,0,0,1,1,0,1,1,1,-1,3,0
0,0,0,0,1,0,0,0,1,1,1,0,0,1,0,0,0,0,1,0,1,0,1,0,2,0
0,0,1,1,0,0,0,0,1,0,0,1,0,1,1,0,0,1,1,0,0,1,1,0,1,0
0,0,0,0,0,0,0,0,1,0,1,1,0,1,1,0,0,0,1,1,0,1,1,0,1,0
0,1,0,0,0,0,0,0,1,0,1,1,0,1,1,1,0,0,1,0,0,0,1,0,0,0
0,0,0,0,1,0,0,1,0,1,1,0,0,0,0,0,0,0,1,0,1,1,1,-1,2,0
0,0,0,0,0,0,0,0,1,1,1,0,0,1,1,0,0,0,1,0,0,1,1,0,0,0
0,1,1,0,0,0,0,0,1,0,0,1,0,1,1,0,0,0,0,0,0,0,1,1,0,0
0,0,0,0,0,1,0,0,1,0,0,1,1,1,1,1,1,0,0,0,0,0,2,0,0,2
0,0,0,1,1,0,0,1,0,0,1,1,0,1,0,0,0,1,1,0,1,1,1,1,3,0
0,0,1,0,0,0,0,1,0,0,0,0,0,1,0,0,0,1,1,0,0,1,1,0,1,0
0,0,0,0,0,0,0,0,1,0,1,1,0,1,1,0,0,0,1,0,0,0,1,0,0,0
0,0,0,0,0,0,0,0,1,1,1,1,0,1,0,0,0,0,1,0,0,0,1,1,0,0
0,0,1,0,0,0,0,0,1,0,0,1,0,0,0,0,0,1,0,0,1,1,1,0,2,0
1,0,0,0,0,0,0,0,1,0,0,0,0,0,0,0,0,0,0,0,0,0,1,-2,0,0
0,0,1,0,1,0,0,1,0,0,1,1,0,1,0,0,0,0,1,0,0,1,1,0,1,0
0,0,1,0,0,0,0,0,1,0,0,0,0,1,1,0,0,0,0,0,0,0,1,0,0,0
0,0,0,1,0,0,0,0,1,1,1,0,0,1,1,0,0,0,1,0,1,0,1,1,1,0
1,0,0,0,0,0,0,0,1,0,0,0,0,0,0,1,0,1,0,0,0,0,1,-1,1,0
0,0,0,0,0,0,0,0,1,0,0,0,0,1,1,0,0,0,1,0,0,0,1,0,0,0
0,0,1,0,0,1,0,0,1,0,0,0,0,0,1,1,0,0,0,0,0,0,2,-1,0,1
0,1,0,0,0,0,0,0,1,0,0,1,0,1,0,0,0,0,1,0,0,0,1,-1,0,0
0,0,0,0,0,0,0,1,0,0,0,0,0,0,0,0,0,1,0,0,1,0,1,0,2,0
0,1,1,0,0,0,0,0,1,1,1,0,0,1,1,0,0,0,1,0,1,1,1,1,1,0
0,1,1,0,0,1,0,0,1,0,0,1,1,1,1,0,0,0,0,0,0,0,2,1,0,2
1,0,0,0,0,0,0,0,1,0,0,0,0,0,0,0,0,0,1,0,0,1,1,-1,0,0
0,0,1,0,0,0,0,0,1,0,0,1,0,1,1,0,0,0,1,0,0,0,1,0,0,0
0,1,0,0,0,0,0,0,1,0,1,1,0,0,0,0,0,0,1,0,0,0,1,-1,0,0
0,0,1,1,1,0,0,1,0,1,1,0,0,0,0,0,0,1,1,0,1,1,1,-1,3,0
0,0,0,0,0,0,0,0,1,1,0,0,0,0,1,0,0,0,1,0,0,0,1,-1,0,0
0,0,0,0,0,1,0,0,1,0,0,1,1,1,1,1,1,0,0,0,0,0,2,0,0,2
0,1,1,0,0,0,0,0,1,0,0,1,0,1,0,0,1,0,1,0,0,1,1,0,0,0
0,0,1,0,0,0,0,0,1,1,1,0,0,1,1,0,0,0,1,0,0,0,1,0,0,0
0,0,1,0,0,0,0,0,0,0,0,1,0,1,0,0,0,0,1,0,0,0,0,0,0,0
0,0,0,1,0,0,0,1,0,0,1,0,0,0,0,0,0,0,1,0,1,1,1,0,1,0
0,0,0,0,0,0,0,1,0,0,1,1,0,1,0,0,0,1,1,0,1,1,1,0,2,0
0,0,1,0,1,0,0,0,1,1,1,0,0,0,0,0,0,0,1,0,0,1,1,-2,1,0
0,1,0,0,0,0,0,0,1,0,0,0,0,0,0,0,0,0,1,0,1,1,1,-2,1,0
0,0,0,0,1,0,0,0,1,0,1,1,0,0,1,0,0,0,1,0,0,1,1,-1,1,0
0,1,1,0,0,1,0,0,1,0,0,1,1,1,0,0,0,0,0,0,0,0,2,0,0,2
0,0,1,0,0,0,0,0,1,0,0,1,0,1,1,0,0,0,1,0,0,1,1,0,0,0
0,0,1,0,0,0,0,0,1,1,1,0,0,1,1,0,0,0,1,0,1,0,1,0,1,0
0,0,0,0,1,0,0,0,1,1,1,0,0,1,1,0,0,0,1,0,1,1,1,0,2,0
1,0,1,0,0,0,0,0,1,0,1,0,0,0,0,0,0,0,1,0,1,1,1,-1,1,0
0,0,1,0,0,0,0,1,0,0,1,1,0,1,1,0,0,1,1,0,1,1,1,1,2,0
0,0,0,0,0,0,0,0,0,0,0,1,0,0,0,0,0,0,1,0,1,0,0,0,1,0
0,1,0,0,0,0,0,0,1,0,1,1,0,1,1,0,0,0,1,0,0,1,1,0,0,0
0,0,0,0,0,0,0,0,0,0,0,0,0,1,1,0,0,0,1,0,0,1,0,-1,0,0
0,0,0,1,0,0,0,1,0,0,0,1,0,1,1,0,0,0,1,0,0,1,1,1,0,0
0,0,0,1,0,0,0,0,0,0,0,1,0,1,0,0,0,0,1,0,0,1,0,0,0,0
1,0,1,0,0,0,0,0,1,0,0,0,1,1,0,0,0,0,0,0,1,0,1,1,1,2
0,0,1,0,0,0,0,0,1,0,0,1,1,1,0,0,0,0,0,1,0,0,1,0,1,1
0,1,0,0,0,0,0,0,1,1,1,0,0,1,0,0,0,0,1,0,0,1,1,-1,0,0
0,0,1,0,0,0,0,0,1,0,0,0,0,1,0,0,0,0,1,0,0,0,1,1,0,0
0,0,1,0,0,0,0,0,0,1,1,0,0,0,0,0,0,1,1,0,1,1,0,0,2,0
0,1,0,0,0,1,0,0,1,0,0,1,0,1,0,0,0,0,1,0,0,1,2,0,0,1
0,0,0,0,0,1,0,0,1,0,0,0,0,0,0,0,0,0,0,0,1,0,2,0,1,1
0,1,1,1,0,0,0,0,1,1,1,1,0,1,1,0,0,0,1,0,0,1,1,0,0,0
0,0,1,0,0,0,0,0,1,0,1,0,0,1,1,0,0,0,1,0,0,0,1,0,0,0
0,0,1,0,0,0,0,0,1,1,1,1,0,0,1,0,0,0,1,0,0,0,1,-1,0,0
0,0,1,0,0,0,0,0,1,0,0,1,1,1,1,0,1,0,0,0,0,0,1,1,0,1
0,0,1,0,0,0,0,1,0,0,1,1,0,1,1,0,0,0,1,0,0,1,1,0,0,0
0,0,1,0,0,0,0,0,1,0,1,1,0,0,1,0,0,0,1,0,0,1,1,0,0,0
0,0,1,0,0,0,0,0,1,0,1,0,0,0,0,0,0,0,1,1,1,1,1,-1,2,0
0,0,1,0,0,1,0,0,1,0,0,1,1,1,0,0,1,0,0,0,0,0,2,0,0,2
0,1,0,0,0,1,0,0,1,0,0,0,1,1,1,1,1,0,0,0,0,0,2,0,0,2
0,0,1,0,0,0,0,0,1,0,0,0,0,0,1,0,0,0,1,0,1,1,1,0,1,0
0,0,0,0,0,0,0,0,1,0,0,1,0,1,0,0,0,0,1,0,1,0,1,1,1,0
0,1,1,0,0,1,1,0,1,0,0,1,1,1,1,0,0,0,0,0,0,0,3,1,0,2
0,0,0,1,1,0,0,0,0,0,0,1,0,1,0,0,0,0,1,0,0,1,0,1,1,0
0,0,1,0,0,0,0,0,1,0,0,0,0,1,0,0,0,0,0,0,1,0,1,1,1,0
0,1,0,0,0,1,0,0,1,0,0,1,1,1,1,1,0,0,0,0,0,0,2,0,0,2
0,0,0,0,0,0,0,0,1,0,0,1,0,1,1,0,0,0,1,0,0,0,1,0,0,0
0,0,1,0,1,0,0,0,1,1,1,0,0,1,1,0,0,0,1,0,0,1,1,0,1,1
0,1,1,0,0,0,0,0,1,1,0,1,0,1,1,0,0,0,1,0,0,0,1,0,0,0
0,1,0,0,0,0,0,0,1,1,1,0,0,0,0,0,0,0,1,0,0,0,1,-2,0,0
0,0,0,0,0,0,0,0,1,0,1,0,0,0,1,1,0,0,1,0,0,1,1,-2,0,0
0,0,0,0,0,0,0,0,0,1,0,0,0,0,0,0,0,0,1,0,1,0,0,-1,1,0
0,1,0,0,0,0,0,0,1,0,0,0,0,0,0,0,0,0,0,0,0,0,1,0,0,0
0,0,0,0,0,0,0,0,1,0,0,1,0,0,1,0,0,0,1,0,0,1,1,-1,0,0
0,0,1,0,0,0,0,0,1,1,1,1,0,1,0,0,0,0,1,0,1,1,1,1,1,0
0,0,0,0,0,0,0,0,1,1,1,1,0,0,0,0,0,0,1,0,1,0,1,-1,1,0
0,1,0,0,0,0,0,0,1,0,1,1,0,1,0,0,0,0,1,0,0,1,1,0,0,0
0,0,0,0,0,0,0,0,1,0,1,1,0,1,1,1,0,0,1,0,0,1,1,0,0,1
0,0,0,0,0,0,0,0,1,0,0,0,0,0,1,0,0,0,1,0,0,1,1,0,0,0
0,0,0,0,0,1,0,0,1,0,0,1,0,1,0,0,0,0,0,0,1,0,2,1,1,1
0,0,1,0,0,0,0,0,0,1,1,1,0,1,1,0,0,0,1,0,0,1,0,0,0,0
0,0,1,0,0,0,0,0,1,1,0,1,0,0,1,0,0,0,1,0,0,1,1,-2,0,0
0,1,0,0,0,1,0,0,1,0,0,1,0,1,1,1,0,0,1,0,0,0,2,1,0,1
0,0,1,0,0,1,0,0,1,0,0,0,0,0,0,0,0,1,0,0,0,1,2,0,1,2
0,1,1,0,0,0,0,0,1,0,0,1,0,1,1,0,0,0,0,0,0,0,1,1,0,0
0,0,0,0,0,1,0,0,1,1,0,1,0,0,1,0,0,0,1,0,0,1,2,-1,0,1
0,0,1,0,0,1,0,0,1,0,0,1,0,1,1,0,0,0,0,0,0,0,2,1,0,1
0,1,0,0,0,0,0,0,1,0,1,1,0,0,0,0,0,0,1,0,1,1,1,0,1,0
0,0,1,0,0,0,0,0,1,1,1,1,0,1,1,0,0,0,1,0,0,1,1,0,0,0
0,0,1,0,0,0,0,0,1,1,1,1,0,1,1,0,0,0,1,0,0,1,1,-1,0,0
0,0,0,0,0,0,0,0,1,0,1,1,0,0,1,0,0,0,1,0,0,0,1,-2,0,0
0,1,0,0,0,1,0,0,1,0,0,1,1,1,0,0,0,0,0,0,0,0,2,0,0,2
0,1,1,0,0,0,0,0,1,0,1,0,0,1,1,0,0,0,1,0,0,0,1,-1,0,0
0,1,0,1,0,0,0,0,0,1,1,1,0,1,0,0,0,1,1,0,0,1,0,1,1,0
0,0,0,0,0,0,0,0,1,1,1,0,0,0,0,0,0,0,1,1,1,1,1,0,2,1
0,0,0,0,0,0,0,0,1,0,0,0,1,1,1,0,1,0,1,0,0,0,1,0,0,1
0,0,0,0,0,0,0,1,0,0,0,0,0,0,1,0,0,1,1,0,0,0,1,0,1,0
0,1,0,0,0,0,0,0,1,0,1,0,0,0,0,0,0,0,1,0,1,0,1,0,1,0
0,0,1,0,0,0,0,0,1,0,0,1,0,0,1,0,0,0,1,0,1,0,1,0,1,0
0,0,1,0,0,0,0,0,1,1,1,0,0,0,1,0,0,0,1,0,1,1,1,-1,1,0
0,1,1,0,0,0,0,0,1,0,0,1,0,1,0,1,0,0,1,0,0,1,1,-1,0,0
0,1,0,0,0,0,0,0,1,0,0,0,0,0,1,0,0,0,1,0,0,1,1,-1,0,0
0,1,1,0,0,0,0,0,1,0,0,1,0,1,0,0,0,0,1,0,1,0,1,1,1,0
0,0,1,0,0,0,0,0,1,0,0,0,0,0,0,0,0,1,0,0,1,0,1,0,2,0
0,0,0,0,0,0,0,0,1,1,1,1,0,1,1,0,0,0,1,0,0,1,1,-1,0,0
0,0,0,0,0,0,0,0,1,0,1,1,0,0,0,0,0,0,1,0,1,0,1,-1,1,0
0,0,0,0,0,0,0,0,1,1,1,0,0,0,0,1,0,0,1,0,0,0,1,-2,0,0
0,0,0,0,0,0,0,0,1,0,0,1,1,1,1,0,0,0,1,0,0,0,1,0,0,1
0,0,1,0,0,1,0,0,0,0,0,0,0,1,1,0,0,0,0,0,0,0,1,0,0,1
0,0,1,0,0,0,0,0,1,0,0,1,0,1,1,1,0,0,1,0,0,1,1,1,0,0
0,0,0,0,0,0,0,0,0,1,1,0,1,1,0,0,0,0,1,0,1,1,0,1,1,1
0,0,1,0,0,0,0,0,1,0,0,1,1,1,1,0,0,0,0,0,0,0,1,1,0,1
0,0,1,0,0,0,0,0,1,1,1,0,0,0,1,0,0,0,1,0,0,1,1,-2,0,0
1,0,1,0,0,0,0,0,1,0,0,0,1,0,0,0,0,1,0,0,1,1,1,0,2,1
0,0,0,0,1,0,0,1,0,0,1,1,0,1,0,0,0,1,1,0,1,1,1,0,3,0
0,0,1,0,0,0,0,0,0,1,1,0,0,1,1,0,0,0,1,0,0,1,0,0,0,0
0,0,0,0,0,1,0,0,1,0,0,0,0,0,1,0,0,0,0,0,0,1,2,-1,0,1
0,0,0,1,0,0,0,0,0,0,0,1,0,1,0,0,0,0,1,0,1,1,0,1,1,0
0,1,0,0,1,0,0,0,1,0,0,1,0,1,0,0,0,0,1,0,0,1,1,0,1,0
1,0,1,0,1,0,0,0,0,1,1,0,0,0,0,0,0,0,1,0,0,1,0,0,1,0
0,0,1,0,0,0,0,0,1,1,1,1,0,1,1,0,0,0,1,0,1,0,1,-1,1,0
0,1,0,0,0,1,0,0,1,0,0,1,1,1,0,1,0,0,0,0,0,0,2,1,0,2
1,1,1,0,0,0,0,0,1,0,0,1,0,1,1,0,0,0,1,0,0,0,1,1,0,0
0,0,0,0,0,0,0,0,0,0,0,0,0,0,0,0,0,0,1,0,0,1,0,-2,0,0
0,1,1,0,0,0,0,0,1,0,0,1,1,1,1,0,0,0,1,0,0,0,1,1,0,1
0,0,1,0,0,0,0,0,1,0,1,0,0,0,1,0,0,0,1,0,0,0,1,-1,0,0
0,0,1,1,0,0,0,0,0,0,0,0,0,0,0,0,0,1,0,0,1,1,0,0,2,1
1,1,0,0,0,0,0,0,1,0,0,1,0,0,0,0,0,0,0,0,0,0,1,-1,0,0
0,0,0,0,0,0,0,0,1,1,1,0,0,0,1,0,0,0,1,1,0,1,1,-2,1,0
0,0,0,0,1,0,0,0,1,1,1,1,0,1,1,0,0,0,1,0,0,1,1,0,1,0
0,0,0,0,0,0,0,0,0,0,0,0,0,1,1,0,0,0,1,0,0,1,0,0,0,0
0,0,0,1,1,0,0,0,0,0,1,0,0,1,0,0,0,1,1,0,1,1,0,1,3,0
0,0,1,0,0,0,0,0,1,0,1,1,0,1,1,0,0,0,1,0,0,0,1,1,0,0
0,0,0,0,0,0,0,0,0,1,0,1,0,1,1,0,0,0,1,0,1,0,0,1,1,0
0,1,0,0,0,0,0,0,1,0,0,0,0,1,1,1,0,0,1,0,0,0,1,-1,0,0
0,0,0,0,1,0,0,0,1,0,1,1,0,1,1,0,0,0,1,0,0,1,1,0,1,0
0,1,0,0,0,0,1,0,1,0,0,1,0,1,1,0,0,0,1,0,0,1,2,1,0,0
0,0,1,0,0,0,0,0,1,0,0,0,0,0,0,0,0,0,0,0,1,1,1,-1,1,0
0,0,1,0,0,1,0,0,1,0,0,0,0,1,0,0,0,0,0,0,0,0,2,0,0,1
0,1,0,0,0,0,0,0,1,1,1,0,0,1,1,0,0,1,1,0,1,1,1,1,2,0
0,0,0,1,0,0,0,0,0,0,0,1,0,0,0,0,0,1,1,0,1,1,0,0,2,0
0,0,0,1,0,0,0,1,0,1,1,0,0,0,0,0,0,1,1,0,1,1,1,0,2,0
0,0,1,0,0,0,0,1,0,0,0,1,0,0,1,0,0,1,1,0,1,1,1,0,2,0
0,0,0,0,1,0,0,1,0,0,1,0,0,0,0,0,0,1,1,0,1,1,1,0,3,0
0,0,0,0,1,0,0,0,1,0,0,1,0,1,1,0,0,0,1,0,0,1,1,0,1,0
0,1,1,0,0,0,0,0,0,0,0,1,0,0,0,0,0,0,1,0,1,1,0,-1,1,0
0,0,1,0,0,1,0,0,1,0,0,1,1,1,0,1,1,0,0,0,0,0,2,0,0,2
0,0,0,0,0,1,0,0,1,0,0,0,0,1,1,0,0,0,0,0,0,1,2,1,0,1
0,1,0,0,0,1,1,0,1,0,0,1,1,1,0,0,0,0,0,0,0,0,3,1,0,2
0,0,1,0,0,0,0,0,1,1,1,1,0,1,0,0,0,0,1,0,1,1,1,1,1,0
0,0,1,0,0,0,0,0,1,0,1,0,0,1,1,0,0,0,1,0,0,1,1,0,0,0
0,0,1,0,0,0,0,1,0,0,0,0,1,1,0,0,1,1,0,0,1,1,1,1,2,1
0,0,0,0,0,0,0,0,1,0,1,0,0,0,0,0,0,0,1,0,1,0,1,-1,1,0
0,0,1,0,0,0,0,1,0,0,0,0,0,0,0,0,0,1,0,0,1,1,1,-1,2,1
0,0,0,0,0,0,0,0,1,0,1,1,0,1,1,0,0,0,1,0,0,0,1,0,0,0
0,0,1,0,0,1,0,1,0,0,0,0,0,0,0,0,0,0,0,0,1,1,2,-1,1,2
0,0,0,0,0,0,0,0,0,1,1,0,0,0,0,0,0,0,1,0,1,1,0,0,1,0
0,0,1,0,0,0,0,0,1,0,0,1,0,1,0,0,0,0,1,0,0,0,1,1,0,0
0,0,0,0,0,0,0,1,0,0,0,0,0,0,0,0,0,1,0,0,1,1,1,-1,2,0
0,0,1,0,0,1,0,0,1,0,0,0,0,1,0,0,0,0,0,0,0,0,2,0,0,1
1,0,0,0,0,0,0,0,0,1,0,0,0,0,1,0,0,0,1,0,0,1,0,0,0,0
0,0,1,0,0,0,0,0,1,0,0,0,0,0,0,0,0,0,0,0,1,1,1,-1,1,0
0,0,0,0,0,0,0,0,1,0,0,1,0,1,0,0,0,0,1,1,0,1,1,0,1,0
0,0,1,0,0,1,0,0,1,0,0,1,1,1,0,0,0,0,0,0,0,1,2,-1,0,2
0,0,0,0,0,1,0,0,1,0,0,0,0,0,0,0,0,0,0,1,1,0,2,0,2,2
1,0,0,0,0,0,0,0,1,0,1,0,0,0,0,0,0,0,1,0,0,0,1,-2,0,0
0,1,0,1,1,0,0,1,0,1,1,0,0,0,0,0,0,1,1,0,1,1,1,-1,3,0
0,0,0,0,0,0,0,0,0,1,1,1,0,1,1,0,0,0,1,0,0,0,0,1,0,0
0,1,1,0,0,0,0,0,1,0,0,1,1,1,0,1,1,0,0,0,0,0,1,0,0,1
0,0,1,0,0,0,0,0,0,0,0,1,0,0,0,0,0,1,0,0,1,0,0,0,2,0
0,0,0,0,0,0,0,0,1,0,0,0,0,0,0,0,0,0,1,1,0,1,1,-1,1,0
0,0,0,1,1,0,0,0,0,1,1,0,0,1,0,0,0,0,1,0,1,1,0,1,2,0
0,0,0,0,1,0,0,0,1,1,1,1,0,0,0,0,0,0,1,0,0,1,1,-2,1,0
0,1,0,0,0,0,0,0,1,0,0,1,0,1,1,0,0,0,1,0,0,1,1,0,0,0
0,0,0,1,0,0,0,0,0,0,1,0,0,0,0,0,0,0,1,0,1,0,0,-1,1,0
0,0,1,1,1,0,0,1,0,0,1,0,0,0,1,0,0,1,1,0,0,0,1,-2,2,0
0,0,0,0,1,0,0,1,0,1,1,1,0,0,0,0,0,1,1,0,1,1,1,-1,3,0
0,1,0,0,0,1,0,0,1,0,0,1,0,1,0,0,0,0,0,0,0,0,2,1,0,1
0,0,0,1,1,0,0,0,1,0,1,0,0,0,0,0,0,1,1,0,1,1,1,0,3,0
1,0,1,1,0,0,0,0,0,0,0,0,0,0,0,0,0,1,1,1,1,1,0,0,3,0
0,0,1,0,0,0,0,0,1,1,1,1,0,1,1,0,0,0,1,0,0,1,1,0,0,0
0,0,0,0,1,0,0,0,1,1,1,0,0,1,0,0,0,0,1,0,1,1,1,0,2,0
0,0,0,0,0,0,0,0,1,0,1,0,0,0,1,0,0,0,1,0,0,1,1,-2,0,0
1,0,0,0,1,0,0,0,1,0,0,0,0,0,0,0,0,0,1,0,0,0,1,-1,1,0
0,0,0,0,0,0,0,0,1,0,0,1,0,1,1,1,0,0,1,0,0,1,1,-1,0,0
0,1,1,0,0,0,0,0,1,0,0,1,1,1,0,0,0,0,0,0,0,0,1,1,0,1
0,0,0,0,0,0,0,0,0,0,1,0,0,0,0,0,0,0,1,0,1,1,0,0,1,0
0,0,1,0,0,1,0,0,1,0,0,0,1,1,0,0,0,0,0,0,0,0,2,0,0,2
0,0,0,0,1,0,0,0,1,1,1,1,0,1,0,0,0,0,1,0,1,1,1,1,2,0
0,0,0,0,0,0,0,0,0,0,0,1,0,1,0,0,0,0,1,0,0,1,0,1,0,0
1,0,0,0,0,0,0,1,0,1,0,0,0,0,0,0,0,0,1,0,0,0,1,0,0,0
0,0,1,1,0,0,0,0,1,1,1,0,0,1,1,0,0,0,1,0,1,1,1,1,1,0
0,0,0,0,0,0,0,0,1,0,1,1,0,0,1,0,0,0,1,0,0,1,1,-2,0,0
0,1,0,0,0,1,0,0,1,0,0,1,1,1,1,0,0,0,0,0,0,0,2,1,0,3
0,0,1,1,1,0,0,0,1,0,1,1,0,1,0,0,0,0,1,0,0,1,1,-1,1,0
1,0,0,0,0,0,0,0,0,0,0,0,0,0,0,0,0,1,1,0,1,0,0,0,2,0
1,0,0,0,1,0,0,0,0,0,0,0,0,0,0,0,0,1,1,1,1,1,0,0,4,0
0,0,1,0,0,0,0,0,1,0,0,1,0,0,1,0,0,0,0,0,0,1,1,0,0,0
0,0,0,0,0,0,0,0,1,0,0,1,0,1,1,0,0,0,1,0,0,1,1,1,0,0
0,0,1,0,0,0,0,0,1,0,0,0,0,1,0,0,0,0,1,0,0,0,1,1,0,0
0,0,0,0,0,1,0,0,0,0,0,1,1,1,1,0,0,0,0,0,0,0,1,1,0,2
0,0,1,0,0,1,0,0,1,0,0,1,1,1,1,0,0,0,0,0,0,1,2,0,0,2
0,1,1,0,0,1,0,0,1,0,0,1,1,1,1,0,0,0,0,0,0,0,2,0,0,2
0,0,1,0,0,0,0,0,1,1,0,1,0,1,1,0,0,0,1,0,1,1,1,0,1,0
0,0,1,0,0,0,0,0,0,0,0,0,0,0,0,0,0,0,0,0,1,1,0,0,1,0
0,0,0,0,0,0,0,1,0,0,0,1,0,0,0,0,0,1,1,0,1,1,1,0,2,0
0,1,1,0,0,1,0,0,1,0,0,0,0,0,0,0,0,0,0,0,0,0,2,-1,0,1
0,1,0,0,0,1,0,0,1,0,0,1,0,1,0,1,0,0,0,0,0,0,2,-1,0,1
0,1,1,0,0,1,0,0,1,0,0,1,0,1,0,0,0,0,0,0,0,1,2,0,0,1
0,0,0,0,0,0,0,0,1,1,1,0,0,0,1,1,0,0,1,0,0,0,1,-2,0,0
0,0,1,0,0,0,0,0,1,0,0,1,0,1,0,0,0,0,1,0,0,1,1,0,0,0
0,0,1,0,0,0,0,0,1,0,0,0,0,0,0,0,0,0,1,1,0,1,1,-1,1,0
0,0,0,0,0,0,0,0,1,0,0,0,0,1,0,0,0,0,1,0,1,0,1,1,1,0
0,0,0,0,1,0,0,1,0,1,1,0,0,1,0,0,0,1,1,0,1,1,1,1,3,0
0,0,0,0,1,0,0,1,0,1,1,0,0,0,0,0,0,1,1,0,1,1,1,0,3,0
0,0,0,0,0,0,0,0,1,0,1,0,1,0,0,0,0,0,1,0,1,1,1,-1,1,1
0,0,0,0,0,0,0,0,0,0,1,0,0,0,0,0,0,0,1,0,1,0,0,0,1,0
0,0,0,0,0,0,0,0,1,0,0,0,0,0,1,0,0,0,1,0,0,0,1,-1,0,0
0,1,0,0,0,0,0,0,1,0,0,1,0,1,1,0,0,0,1,0,1,0,1,1,1,0
1,0,1,0,0,0,0,0,1,0,0,1,1,0,0,0,0,1,0,0,0,1,1,-1,1,1
0,0,1,0,0,1,0,0,1,0,0,1,1,1,0,0,0,0,0,0,0,0,2,1,0,2
0,0,0,0,0,0,0,0,1,1,1,0,0,0,0,0,0,0,1,0,1,1,1,-1,1,0
0,0,0,0,0,0,0,0,1,0,0,1,0,1,1,0,0,0,1,0,0,0,1,1,0,0
0,1,0,0,0,1,0,0,1,0,0,1,0,1,0,0,1,0,0,0,1,0,2,1,1,1
0,1,1,0,0,0,0,0,1,1,1,1,0,1,1,0,0,0,1,0,0,1,1,0,0,0
0,0,0,0,0,0,0,0,0,0,0,0,0,0,0,0,0,0,1,0,0,0,0,-2,0,0
0,0,0,0,0,1,0,0,1,0,0,1,1,1,1,1,1,0,0,0,0,0,2,1,0,2
0,0,1,0,0,1,0,0,1,0,0,0,0,0,1,0,0,1,0,0,0,0,2,-2,1,1
1,0,0,0,0,0,0,0,0,0,0,0,0,0,1,1,0,1,1,0,0,0,0,-1,1,0
0,0,1,1,1,0,0,0,1,1,1,0,0,0,0,0,0,0,1,0,0,0,1,-2,1,0
0,0,0,0,0,0,0,0,0,1,1,0,0,1,0,0,0,0,1,0,1,0,0,1,1,0
0,0,0,0,0,0,0,1,0,1,1,0,0,0,0,0,0,1,1,0,1,1,1,-1,2,0
0,1,1,0,0,1,0,0,1,0,0,1,0,1,0,0,0,0,1,0,0,0,2,0,0,1
0,0,0,1,0,0,0,0,0,0,1,1,0,1,1,0,0,0,1,0,1,1,0,1,1,0
1,0,0,0,0,0,0,0,1,0,0,0,0,0,0,0,0,0,1,0,0,1,1,-1,0,0
0,0,1,0,0,1,0,0,1,0,0,0,0,1,1,0,0,0,0,0,0,1,2,0,0,1
0,0,0,0,0,0,0,1,0,0,1,0,0,0,0,0,0,1,1,0,1,0,1,0,2,0
0,0,0,0,0,0,0,0,1,1,1,0,0,1,1,0,0,0,1,0,0,1,1,0,0,0
0,0,0,0,0,0,0,0,1,0,0,1,0,0,1,1,0,0,1,0,1,0,1,-2,1,0
0,0,0,0,1,0,0,0,1,0,1,1,0,0,1,0,0,0,1,0,0,1,1,0,1,0
0,0,1,0,0,1,1,0,0,0,0,1,0,1,1,0,0,0,0,0,0,0,2,0,0,1
0,0,0,0,1,0,0,0,1,0,0,0,0,0,0,0,0,0,1,0,1,1,1,0,2,0
1,1,0,0,0,0,0,0,1,1,1,0,0,0,0,0,0,0,1,0,0,0,1,-2,0,0
1,0,0,0,0,0,0,0,1,0,1,0,0,0,0,0,0,1,1,0,1,1,1,0,2,0
0,0,0,0,0,0,0,1,0,0,0,1,0,1,1,0,0,1,1,0,1,1,1,1,2,0
0,1,0,0,0,1,0,0,1,0,0,1,1,1,0,1,0,0,0,0,0,0,2,0,0,2
1,0,1,0,0,1,0,1,0,0,0,0,1,0,0,0,0,1,0,0,1,1,2,0,2,2
0,0,0,0,0,0,0,0,1,0,0,0,1,0,0,0,0,0,0,0,0,0,1,-2,0,1
0,0,1,0,0,0,0,0,1,1,1,0,0,0,1,0,0,0,1,0,0,1,1,0,0,0
0,0,0,0,1,0,0,0,1,1,1,0,0,1,1,0,0,0,1,0,0,1,1,0,1,0
0,0,0,0,0,0,0,0,1,0,0,1,0,1,1,0,0,0,1,0,0,0,1,0,0,0
0,0,1,1,1,0,0,0,1,0,1,0,0,0,1,0,0,0,1,1,0,1,1,-1,2,0
0,1,1,0,0,0,0,0,1,0,1,1,0,1,0,0,0,0,1,0,0,1,1,0,0,0
0,1,0,0,0,0,0,0,1,1,1,0,0,0,1,0,0,0,1,0,0,1,1,-1,0,0
1,0,0,0,0,0,0,0,1,1,1,0,0,0,0,0,0,0,1,0,0,0,1,-1,0,0
0,1,1,0,0,1,0,0,1,0,0,1,1,1,0,0,0,0,0,0,1,1,2,0,1,2
0,0,1,0,1,0,0,0,1,1,1,0,0,0,1,0,0,0,1,0,1,1,1,0,2,0
0,0,0,0,0,0,0,0,1,0,0,1,0,1,1,0,0,0,1,0,0,1,1,1,0,1
0,0,0,1,0,0,0,1,0,0,0,1,0,0,0,0,0,1,1,0,1,1,1,-1,2,0
0,0,1,1,1,0,0,0,1,1,1,1,0,1,1,0,0,0,1,0,0,1,1,-1,1,0
0,0,0,0,0,1,0,0,1,0,0,1,1,1,0,1,0,0,0,0,0,0,2,0,0,2
0,0,1,0,0,0,0,0,1,0,0,1,0,0,0,0,1,1,0,0,0,0,1,-2,1,1
0,1,1,0,0,1,0,0,1,0,0,1,1,1,1,0,0,0,0,0,0,0,2,1,0,2
0,0,0,0,0,0,0,0,0,0,0,1,0,1,0,0,0,0,1,0,0,0,0,1,0,0
0,0,0,1,0,0,0,1,0,0,0,1,0,0,0,0,0,1,1,0,1,1,1,0,2,0
1,1,0,0,0,1,0,0,1,0,0,1,0,0,0,0,0,0,0,0,1,0,2,0,1,1
0,0,1,0,0,0,0,0,1,0,0,1,1,0,1,0,0,0,0,0,0,0,1,-1,0,1
1,0,0,0,0,0,0,0,1,1,0,0,0,0,1,0,0,0,1,0,0,0,1,-1,0,0
0,0,0,0,1,0,0,0,0,0,0,1,0,1,0,0,0,1,1,0,1,1,0,0,3,0
0,0,1,0,0,0,0,0,1,1,1,1,0,1,0,0,0,0,1,0,1,1,1,1,1,0
1,0,1,0,0,0,0,0,1,0,1,0,0,0,0,0,0,0,1,0,1,0,1,-1,1,0
0,0,1,0,0,1,0,0,1,0,0,1,1,1,1,0,1,0,0,0,0,0,2,1,0,2
0,0,0,0,0,0,0,0,0,1,1,0,0,0,0,0,0,1,1,0,1,0,0,-1,2,0
1,0,1,0,0,0,0,0,1,0,0,0,0,0,0,0,0,0,1,0,1,0,1,0,1,0
0,1,1,0,0,1,0,0,1,0,0,1,1,1,1,0,1,0,0,0,0,0,2,0,0,3
0,0,1,0,0,0,0,0,1,1,1,1,0,1,1,0,0,0,1,0,0,0,1,0,0,0
0,0,0,0,0,0,0,0,1,1,1,1,0,1,1,0,0,0,1,0,0,1,1,0,0,0
1,0,0,0,0,1,0,0,1,0,0,1,1,1,1,0,0,0,0,0,0,1,2,1,0,2
0,0,1,1,0,0,0,0,1,0,0,1,0,1,1,0,0,0,1,0,0,0,1,0,0,0
0,1,1,0,0,0,0,0,1,1,1,0,0,1,1,0,0,0,1,0,0,1,1,0,0,0
0,0,1,0,0,1,0,0,0,0,0,0,0,0,1,0,0,0,0,0,0,0,1,-2,0,1
0,1,1,0,0,1,0,0,1,0,0,0,0,0,0,0,0,0,1,0,1,0,2,-1,1,1
0,0,1,0,0,0,0,0,1,1,1,1,0,0,0,0,0,0,1,0,1,1,1,0,1,0
0,1,0,0,0,0,0,0,1,0,0,1,0,1,0,1,0,0,1,0,0,0,1,1,0,0
0,0,0,0,0,0,0,0,1,0,0,1,0,0,1,0,0,0,1,1,0,1,1,-1,1,0
0,0,0,0,0,0,0,0,1,1,0,0,0,1,0,0,0,0,1,0,0,0,1,1,0,0
0,0,0,0,0,1,0,0,1,0,0,1,1,1,1,1,0,0,0,0,0,0,2,0,0,2
0,0,1,0,0,0,0,0,1,0,1,1,0,0,1,0,0,0,1,0,0,1,1,-1,0,0
1,0,1,0,0,0,0,0,1,0,0,0,0,0,1,0,0,0,0,1,1,0,1,0,2,0
1,0,0,0,0,0,0,0,1,0,0,0,0,0,0,0,0,0,1,0,0,0,1,0,0,0
0,0,0,0,0,0,0,0,1,0,0,1,0,1,1,0,0,0,1,1,0,1,1,1,1,0
0,0,1,0,1,0,0,1,0,0,1,0,0,0,0,0,0,1,1,0,0,1,1,-1,2,0
0,0,0,0,0,0,0,1,0,0,0,0,0,0,1,0,0,1,1,0,1,1,1,0,2,0
0,0,0,0,0,0,0,0,1,1,0,1,0,1,1,0,0,0,1,0,0,1,1,0,0,0
1,0,1,0,0,0,0,0,1,0,0,0,0,0,0,0,0,0,1,0,0,0,1,-1,0,0
0,0,0,0,0,0,0,0,1,1,1,0,0,1,1,0,0,0,1,0,0,0,1,1,0,0
0,1,0,1,0,0,0,0,1,1,1,1,0,1,0,0,0,0,1,0,0,0,1,0,0,0
0,0,0,0,0,0,0,0,1,0,0,1,1,1,1,0,0,0,0,0,0,0,1,1,0,1
1,1,0,0,0,0,0,0,1,1,1,0,0,0,1,0,0,0,1,0,0,0,1,0,0,0
0,0,0,0,1,0,0,1,0,0,0,0,0,0,0,0,0,0,1,0,1,0,1,0,2,0
0,0,0,0,0,0,0,0,0,0,0,0,1,0,0,0,0,0,0,0,0,0,0,0,0,2
0,0,0,0,1,0,0,0,1,0,0,0,0,1,1,1,0,0,1,0,0,0,1,0,1,0
0,0,0,0,0,1,0,0,1,0,0,1,1,1,1,0,0,0,0,0,0,0,2,1,0,3
0,0,0,0,0,1,0,0,1,1,1,1,0,1,0,0,0,0,1,0,1,1,2,0,1,1
0,0,0,0,0,1,0,0,1,0,0,1,0,1,1,0,0,0,0,0,1,1,2,1,1,1
0,0,1,0,0,0,0,0,1,0,1,0,0,0,0,0,0,0,1,1,0,1,1,-1,1,0
0,0,1,0,0,1,0,0,1,1,1,1,0,1,0,0,0,0,1,0,0,1,2,0,0,1
0,0,0,0,0,0,0,0,1,0,0,0,0,0,0,1,0,0,0,0,0,1,1,-1,0,0
0,0,0,0,0,0,0,0,1,0,0,0,0,0,1,0,0,0,0,0,0,0,1,-1,0,0
0,0,0,0,0,0,0,0,1,1,1,1,0,1,1,0,0,0,1,0,1,1,1,1,1,0
1,0,0,0,0,0,0,0,1,0,1,0,0,0,0,0,0,0,1,0,1,0,1,0,1,0
0,0,0,0,0,0,0,0,0,0,0,0,0,0,1,1,0,0,1,0,1,1,0,0,1,0
0,0,0,0,0,0,0,0,1,0,0,0,0,1,0,0,0,0,0,0,0,0,1,1,0,0
0,0,1,0,0,0,0,0,1,1,1,1,0,1,0,0,0,0,1,0,0,1,1,0,0,0
0,1,1,0,0,0,0,0,1,0,0,1,0,1,1,0,0,0,1,0,0,1,1,1,0,0
0,0,0,0,0,0,0,0,0,0,1,0,0,1,0,0,0,0,1,0,0,0,0,0,0,0
0,0,1,0,1,0,0,0,1,0,1,0,0,0,1,0,0,0,1,0,0,1,1,0,1,0
0,0,1,0,0,1,0,0,1,0,0,1,1,1,1,0,0,0,0,0,0,1,2,0,0,2
0,0,1,0,0,0,0,0,1,0,0,0,0,0,1,0,0,0,1,0,0,1,1,-1,0,0
1,0,1,0,0,1,0,0,1,0,0,0,1,0,1,0,0,0,0,0,0,0,2,-1,0,2
0,0,0,0,0,0,0,0,1,0,0,0,0,1,1,1,0,0,1,0,0,1,1,0,0,0
0,0,1,1,0,0,0,1,0,0,0,1,0,0,0,0,0,1,1,0,1,1,1,0,2,0
0,0,1,0,0,0,0,0,1,0,0,0,0,0,0,0,0,0,0,0,0,0,1,0,0,0
0,0,0,0,1,0,0,0,1,1,1,0,0,0,1,0,0,0,1,0,0,1,1,-2,1,0
0,0,0,0,0,0,0,0,0,0,0,1,0,1,0,0,0,0,0,0,0,0,0,0,0,0
0,0,1,0,0,0,0,0,1,0,0,0,1,1,1,0,0,0,0,0,0,0,1,0,0,1
0,0,1,0,0,0,0,0,1,0,0,1,1,1,1,0,0,0,1,0,0,0,1,1,0,1
0,0,0,1,1,0,0,1,0,0,0,0,0,0,0,0,0,1,0,0,1,1,1,0,3,0
0,0,1,0,0,0,0,0,1,0,1,0,0,0,0,0,0,0,1,0,1,0,1,0,1,0
0,0,1,0,0,1,0,0,1,0,0,1,1,1,1,0,1,0,0,0,0,0,2,1,0,2
0,0,0,0,0,0,0,0,1,1,1,1,0,1,1,0,0,0,1,0,0,1,1,1,0,0
0,1,0,0,0,1,0,0,1,0,0,1,0,1,1,0,0,0,0,0,0,0,2,0,0,1
0,0,1,0,0,0,0,0,1,0,0,0,0,0,1,0,0,1,0,0,1,0,1,-1,2,1
0,0,1,0,0,0,0,0,1,0,0,1,0,1,0,0,0,0,1,0,0,0,1,1,0,0
1,1,0,0,0,0,0,0,1,0,1,1,0,0,0,0,0,0,1,0,1,0,1,0,1,0
0,0,0,0,1,0,0,0,1,0,1,0,0,0,0,0,0,0,1,1,1,1,1,-1,3,0
1,0,1,0,1,0,0,1,0,1,1,0,0,0,0,0,0,1,1,0,1,1,1,0,3,0
0,0,0,0,0,1,0,0,1,0,0,1,1,1,1,1,0,0,0,0,0,0,2,1,0,3
0,0,1,0,1,0,0,1,0,0,0,0,0,1,1,0,0,1,1,0,1,1,1,1,3,0
0,0,1,1,0,0,0,0,0,0,1,1,0,1,0,0,0,1,1,0,1,1,0,1,2,0
0,0,1,0,0,0,0,0,1,0,1,0,0,1,0,0,0,0,1,0,1,1,1,1,1,0
0,1,1,0,0,0,0,0,1,0,0,1,0,1,1,0,0,0,1,0,0,1,1,-1,0,0
0,1,0,0,0,1,0,0,1,0,0,1,0,1,1,1,0,0,0,0,0,0,2,1,0,2
0,0,0,0,0,0,0,1,0,0,0,1,0,1,0,0,0,1,1,0,1,1,1,0,2,0
0,1,0,0,0,1,0,0,1,0,0,1,1,1,0,1,1,0,0,0,0,0,2,1,0,2
0,1,1,0,0,0,0,0,1,1,0,1,0,1,1,1,0,0,1,0,0,0,1,0,0,0
0,0,1,1,1,0,0,0,0,0,0,0,0,1,1,0,0,0,1,0,0,0,0,0,1,0
0,0,1,1,1,0,0,0,1,0,0,1,0,1,1,0,0,0,1,0,0,1,1,-1,1,0
0,0,1,0,0,0,0,0,0,0,0,1,0,1,0,0,0,0,1,0,0,1,0,-1,0,0
0,0,1,0,1,0,0,0,0,0,0,1,0,1,0,0,0,0,1,0,0,0,0,0,1,0
0,0,0,0,0,0,0,0,1,0,0,0,0,0,0,1,0,0,1,0,0,0,1,-1,0,0
0,0,1,0,0,1,0,0,1,0,0,1,1,1,1,0,1,0,0,0,0,0,2,0,0,2
0,1,0,0,0,1,0,0,1,0,0,1,0,1,0,0,0,0,0,0,0,0,2,1,0,1
0,0,1,0,0,0,0,0,0,0,0,0,0,0,0,0,0,1,0,0,1,1,0,0,2,1
0,1,1,0,0,0,0,0,1,1,1,0,0,0,1,0,0,0,1,0,0,1,1,-2,0,0
0,0,1,0,0,0,0,0,1,0,0,0,0,0,0,0,0,0,0,0,0,1,1,-1,0,1
0,0,0,0,0,0,0,0,0,0,0,0,0,0,0,0,0,0,1,0,1,0,0,0,1,0
0,0,0,0,0,0,0,0,0,0,1,0,0,0,0,0,0,1,1,0,1,1,0,0,2,0
0,0,1,0,0,0,0,0,0,0,0,1,0,1,0,0,0,1,0,0,0,0,0,1,1,0
0,0,0,0,0,0,0,0,0,0,1,0,0,0,0,1,0,0,1,0,0,1,0,-2,0,0
0,0,1,0,0,1,0,0,1,0,0,1,1,1,0,1,0,0,0,0,0,0,2,0,0,2
0,1,0,0,0,1,0,0,1,0,0,1,1,1,0,1,0,0,0,0,0,0,2,0,0,2
0,0,1,1,1,0,0,1,0,1,1,0,0,1,0,0,0,1,1,0,1,1,1,0,3,0
0,0,0,0,0,0,0,0,1,0,1,0,0,0,1,1,0,0,1,0,0,0,1,-2,0,0
0,0,0,0,0,1,0,0,1,0,0,1,1,1,1,0,0,0,0,0,0,1,2,0,0,3
0,0,1,0,0,0,0,0,0,0,0,1,0,1,1,0,0,0,1,0,0,1,0,0,0,0
0,0,1,0,0,0,0,0,1,1,0,1,0,1,1,0,0,0,1,0,0,0,1,-1,0,0
0,1,0,0,0,0,0,0,1,1,1,1,0,1,1,0,0,0,1,0,0,0,1,0,0,0
0,0,0,0,0,0,0,0,1,0,0,1,0,0,1,1,0,0,1,0,0,1,1,-2,0,0
1,0,1,0,1,0,0,0,1,0,0,1,0,0,0,0,0,0,1,0,0,1,1,0,1,0
0,0,0,0,0,0,0,1,0,0,0,1,0,0,0,0,0,1,1,0,1,1,1,-1,2,0
0,0,1,0,0,1,0,0,1,0,0,0,0,0,1,0,0,0,0,0,0,1,2,-1,0,1
1,1,0,0,0,0,0,0,1,0,1,0,0,0,0,0,0,0,1,0,1,0,1,0,1,0
0,0,1,0,0,0,0,0,1,0,0,1,0,1,1,0,1,0,0,0,0,0,1,-1,0,0
0,0,1,0,0,0,0,0,0,0,0,0,0,0,0,0,0,1,0,0,0,0,0,-1,1,1
0,0,1,0,0,0,0,0,1,0,0,1,0,1,1,0,0,0,1,0,1,0,1,1,1,0
1,0,1,0,0,0,0,0,1,0,0,1,1,0,0,0,0,0,0,0,0,0,1,-1,0,1
0,1,0,0,0,1,0,0,1,0,0,0,0,1,0,1,0,0,0,0,0,0,2,0,0,1
0,0,0,0,0,0,0,0,1,1,1,1,0,0,0,0,0,0,1,0,1,1,1,0,1,0
0,0,1,0,0,1,0,0,1,0,0,1,1,1,1,0,0,0,0,0,0,0,2,-1,0,3
0,0,0,0,0,0,0,0,0,0,1,1,0,0,1,0,0,0,1,0,1,1,0,-1,1,0
0,0,1,0,0,0,0,0,1,0,0,1,0,0,1,0,0,0,1,0,0,1,1,-1,0,0
0,0,0,0,0,0,0,0,0,1,1,1,0,1,0,0,0,0,1,0,1,0,0,1,1,0
0,0,0,0,0,0,0,1,0,0,0,0,0,0,1,0,0,1,0,0,1,1,1,-1,2,1
0,1,1,0,0,1,0,0,1,0,0,1,0,1,1,1,0,0,0,0,0,0,2,1,0,1
0,0,0,0,1,0,0,1,0,0,0,0,0,0,1,0,0,0,1,0,0,1,1,0,1,0
0,0,1,0,0,0,0,0,1,1,1,1,0,1,1,0,0,0,1,0,1,0,1,1,1,0
0,1,1,0,0,1,0,0,1,0,0,1,1,1,0,0,1,0,0,0,0,0,2,-1,0,2
0,0,0,0,0,0,0,0,1,1,1,1,0,1,0,0,0,0,1,0,1,0,1,1,1,0
0,0,0,0,0,0,0,0,1,0,1,0,0,1,0,1,0,0,1,0,0,1,1,0,0,0
0,0,0,0,0,0,0,0,1,0,0,1,0,1,1,0,0,0,0,0,0,1,1,0,0,0
0,0,1,0,0,1,0,0,1,0,0,1,1,1,0,0,1,0,0,0,0,0,2,1,0,2
0,0,1,0,0,0,0,0,1,0,0,1,1,1,1,1,1,0,0,0,0,0,1,1,0,1
0,0,1,0,0,0,0,0,1,1,1,1,0,1,1,0,0,0,1,0,0,0,1,-1,0,0
0,0,0,0,0,0,0,0,1,1,1,1,0,1,0,0,0,0,1,0,1,0,1,1,1,0
0,0,0,1,1,0,0,0,1,0,0,1,0,1,0,0,0,0,1,0,0,1,1,-1,1,0
0,0,0,0,0,1,0,0,1,0,0,1,1,1,1,0,1,0,0,0,0,0,2,0,0,2
0,0,1,1,1,0,0,0,1,0,1,1,0,1,1,0,0,0,1,0,0,1,1,0,1,0
1,1,0,0,0,1,0,0,1,0,0,0,0,0,0,0,0,0,0,0,1,0,2,-1,1,1
0,0,1,0,0,0,0,0,1,0,0,0,0,0,1,0,0,0,1,0,0,0,1,-2,0,0
0,0,1,0,0,0,0,0,1,0,0,0,0,0,0,0,0,0,1,0,1,0,1,0,1,0
0,0,0,0,0,0,0,0,1,1,1,0,0,0,1,0,0,0,1,0,1,1,1,0,1,0
0,0,0,0,0,0,0,0,1,0,0,0,0,0,1,1,0,0,1,0,0,1,1,0,0,1
0,1,1,0,0,0,0,0,1,0,0,1,1,1,1,0,0,0,0,0,0,0,1,0,0,1
1,0,0,0,0,0,0,0,1,0,0,0,0,0,0,0,0,0,1,0,0,0,1,0,0,0
0,0,0,0,0,0,0,0,1,0,0,1,1,1,1,0,0,0,1,0,0,0,1,-1,0,1
0,0,1,0,0,0,0,0,0,0,0,0,0,0,1,0,0,0,0,1,1,1,0,0,2,0
0,0,1,0,1,0,0,0,1,0,0,1,0,1,1,0,0,0,1,0,0,0,1,-1,1,0
0,0,1,0,0,1,0,0,1,0,0,1,1,1,1,0,0,0,0,0,0,0,2,0,0,2
0,0,0,1,0,0,0,0,0,0,1,1,0,0,0,0,0,1,1,0,1,1,0,0,2,0
1,1,1,0,0,1,0,0,1,0,0,0,0,0,0,0,1,0,0,0,1,0,2,-1,1,1
0,0,1,0,0,0,0,0,1,0,0,0,0,1,1,0,0,0,1,0,0,0,1,1,0,0
0,0,0,0,0,0,0,0,0,0,1,1,0,1,1,0,0,0,1,0,0,1,0,1,0,0
0,0,0,0,0,1,0,0,1,0,0,1,1,1,1,1,1,0,0,0,0,0,2,1,0,2
1,0,0,0,0,0,0,0,1,0,0,1,0,1,0,0,0,0,0,0,0,0,1,1,0,0
0,0,0,1,1,0,0,1,0,1,1,0,0,1,0,0,0,1,1,0,1,1,1,1,3,0
0,0,1,0,0,0,0,0,0,0,0,1,0,0,0,0,0,0,1,0,0,1,0,-2,0,0
0,0,1,0,0,0,0,0,1,1,1,1,0,1,1,0,0,0,1,0,0,1,1,0,0,0
0,0,0,0,0,0,0,0,1,1,0,0,0,0,0,0,0,0,1,0,0,0,1,-1,0,0
0,0,0,0,0,0,0,0,1,1,1,1,0,0,0,0,0,0,1,0,1,0,1,0,1,0
0,0,0,0,0,0,0,0,1,0,0,1,0,0,1,0,0,0,1,0,0,1,1,-2,0,1
0,1,0,0,0,0,0,0,1,0,0,1,0,1,1,0,0,0,1,0,0,1,1,0,0,0
0,1,1,0,0,1,0,0,1,0,0,1,0,1,1,1,0,0,0,0,0,0,2,1,0,1
0,0,1,0,0,0,0,1,0,0,0,1,0,1,0,0,0,1,1,0,1,1,1,1,2,0
0,0,0,0,0,1,0,0,1,0,0,0,0,1,1,0,0,0,0,0,0,0,2,1,0,1
0,0,1,1,1,0,0,1,0,0,0,1,0,1,0,0,0,1,1,0,1,1,1,0,3,0
0,1,1,0,0,1,1,0,1,0,0,1,0,1,0,0,0,0,1,0,0,0,3,-1,0,1
1,0,0,0,0,1,0,0,1,0,0,0,0,0,0,0,0,1,1,0,1,1,2,0,2,1
0,0,0,0,0,0,0,0,1,0,0,1,0,1,0,0,0,0,1,0,0,1,1,0,0,0
0,0,1,1,1,0,0,1,0,1,1,1,0,1,0,0,0,1,1,0,1,1,1,1,3,0
0,0,0,1,0,0,0,0,0,0,0,1,0,1,0,1,0,0,1,0,0,1,0,0,0,0
0,0,1,0,0,0,0,0,1,0,1,0,0,0,1,0,0,0,1,0,0,1,1,-1,0,0
0,1,1,0,0,1,1,0,1,0,0,1,0,1,0,0,0,0,0,0,0,0,3,0,0,1
0,1,1,0,0,1,0,0,1,0,0,1,0,1,1,0,0,0,0,0,0,0,2,0,0,1
0,1,1,0,0,1,0,0,1,0,0,1,1,1,1,0,0,0,0,0,0,0,2,-1,0,2
0,0,0,0,0,0,0,0,1,1,1,0,0,1,1,0,0,0,1,1,0,1,1,0,1,1
0,0,1,0,0,0,0,0,1,0,0,0,0,0,0,0,0,0,0,0,1,1,1,0,1,0
0,0,0,0,0,0,0,0,1,1,1,0,0,0,0,0,0,1,1,0,1,1,1,-1,2,0
0,0,0,0,0,0,0,1,0,0,1,1,0,0,1,0,0,0,1,0,0,1,1,-2,0,0
0,1,1,0,0,0,0,0,1,0,0,1,1,1,1,0,0,0,1,0,0,0,1,-1,0,1
0,0,1,0,0,0,0,0,1,0,0,1,0,1,0,1,0,0,1,0,0,0,1,0,0,0
0,0,0,0,0,0,1,0,1,0,1,0,0,1,1,0,0,0,1,0,0,1,2,-1,0,0
0,0,1,0,0,0,0,1,0,1,1,0,0,0,0,0,0,1,1,0,1,1,1,-1,2,0
0,0,1,0,0,0,0,0,1,0,1,0,0,0,0,0,0,0,1,0,1,1,1,0,1,0
0,0,0,0,1,0,0,0,0,0,0,0,0,1,1,0,0,0,1,0,0,1,0,1,1,0
0,0,0,1,0,0,0,0,0,0,0,0,0,1,0,0,0,0,1,0,1,1,0,0,1,0
0,1,1,0,0,0,0,1,0,0,0,1,0,1,1,1,0,0,0,0,0,0,1,1,0,0
0,0,0,0,0,0,0,0,1,1,1,0,0,0,1,0,0,0,1,0,1,1,1,0,1,0
0,0,0,0,0,0,0,0,1,0,1,1,0,1,1,0,0,0,1,0,0,1,1,1,0,1
0,1,1,0,0,1,0,0,1,0,0,1,1,1,0,0,1,0,0,0,0,0,2,1,0,2
0,0,0,0,0,0,0,0,1,0,1,0,0,0,0,0,0,0,1,0,0,0,1,0,0,0
0,1,0,0,0,1,0,0,0,0,0,1,1,1,1,1,0,0,0,0,0,0,1,1,0,3
0,0,0,1,1,0,0,0,0,0,0,0,0,1,1,0,0,1,1,0,1,1,0,0,3,0
0,1,0,0,0,1,0,0,1,0,0,1,1,1,1,0,0,0,0,0,0,1,2,1,0,2
0,0,0,0,0,0,0,0,1,1,1,1,1,1,1,0,0,0,1,0,0,0,1,-1,0,1
0,0,0,0,0,1,0,0,1,0,0,1,1,1,1,1,0,0,0,0,0,0,2,-1,0,2
0,0,0,0,0,0,0,0,1,0,1,0,0,0,0,0,0,0,1,1,1,1,1,-1,2,0
0,0,1,0,0,0,0,1,0,0,1,0,0,1,0,0,0,1,1,0,1,1,1,0,2,0
0,1,0,0,0,0,0,0,1,1,1,1,0,1,0,0,0,0,1,0,0,0,1,0,0,0
0,0,0,0,0,1,0,0,1,0,0,0,0,0,0,0,0,0,1,0,0,0,2,0,0,1
1,0,0,0,0,0,0,0,1,0,1,0,0,0,0,0,0,0,1,0,1,0,1,-1,1,0
0,0,1,0,0,0,0,0,1,0,0,1,0,1,1,0,0,0,0,0,0,1,1,1,0,0
0,1,0,0,0,0,0,0,1,0,0,0,0,0,0,1,0,0,1,0,0,0,1,-1,0,0
0,0,0,1,0,0,0,0,0,0,0,1,0,1,1,0,0,0,1,0,0,0,0,-1,0,0
0,0,1,0,0,1,0,0,1,0,0,1,1,1,0,1,1,0,0,0,0,0,2,-1,0,2
0,0,0,0,0,0,0,1,0,0,0,0,0,0,0,0,0,1,0,0,1,0,1,0,2,1
0,1,1,0,0,0,0,0,1,0,0,0,0,0,0,0,0,0,1,0,0,1,1,-1,0,0
0,0,0,0,0,0,0,0,0,0,1,1,0,1,0,0,0,0,1,0,1,1,0,1,1,0
0,0,1,0,0,1,0,0,1,0,0,0,0,0,1,0,0,0,0,0,0,0,2,0,0,1
0,0,1,1,1,0,0,0,1,0,1,1,0,1,0,0,0,0,1,0,0,1,1,0,1,0
1,0,0,0,1,0,0,1,0,1,0,0,0,0,0,0,0,1,1,0,1,0,1,-1,3,0
0,0,1,0,0,0,0,0,1,0,0,1,1,1,0,1,1,0,0,0,0,0,1,1,0,2
0,0,0,1,0,0,0,0,0,1,1,0,0,1,1,0,0,0,1,0,0,1,0,0,0,0
1,0,0,0,0,0,0,0,0,0,0,0,0,0,0,0,0,1,0,0,0,0,0,-1,1,1
0,0,0,0,0,0,0,1,0,1,1,0,0,0,1,0,0,0,1,0,0,1,1,0,0,0
0,1,1,0,0,0,0,0,1,1,0,1,0,1,1,0,0,0,1,0,0,0,1,1,0,0
0,1,0,0,0,1,0,0,1,0,0,1,1,1,1,1,0,0,0,0,0,0,2,0,0,3
0,1,0,0,0,1,0,0,1,0,0,0,0,1,1,0,0,0,1,0,0,0,2,1,0,1
1,0,1,0,1,0,0,0,0,0,0,0,0,0,0,0,0,1,1,0,1,1,0,0,3,0
0,0,1,0,0,0,0,0,1,0,0,1,0,1,1,0,0,0,1,0,0,0,1,0,0,0
0,0,1,0,0,0,0,0,1,0,0,0,0,1,1,0,0,0,1,0,1,1,1,1,1,0
0,0,0,1,0,0,0,1,0,0,1,1,0,0,0,0,0,1,1,0,1,1,1,0,2,0
0,1,1,0,0,0,0,0,1,0,0,1,0,1,1,0,0,0,1,0,0,0,1,1,0,0
0,1,1,0,0,0,0,0,1,0,0,1,0,1,1,1,0,0,1,0,0,1,1,0,0,0
0,0,1,0,0,0,0,0,1,0,0,1,0,0,0,0,0,0,1,0,1,1,1,0,1,0
0,0,0,1,1,0,0,1,0,1,1,0,0,0,1,0,0,1,1,0,1,1,1,0,3,0
0,0,1,1,0,0,0,0,0,1,1,1,0,1,1,0,0,0,1,0,0,1,0,0,0,0
0,0,0,0,0,0,0,0,0,0,0,0,0,1,0,0,0,0,0,0,1,0,0,1,1,2
0,0,0,0,0,0,0,0,0,0,1,0,0,0,0,0,0,0,1,0,1,0,0,-1,1,0
0,1,1,0,0,0,0,0,1,0,0,1,0,1,0,0,0,0,1,0,0,0,1,0,0,0
0,0,0,0,0,0,0,0,1,1,1,0,0,0,1,0,0,0,1,0,0,0,1,-1,0,0
0,0,1,0,0,1,0,0,1,0,0,1,1,1,0,0,0,0,0,0,1,0,2,1,1,2
0,1,0,0,0,0,0,1,0,1,0,0,0,0,0,1,0,1,1,0,0,1,1,-1,1,0
0,0,1,0,0,0,0,0,1,0,0,1,0,0,0,0,0,0,1,0,0,0,1,-1,0,0
1,1,0,0,0,0,0,0,1,0,0,1,0,0,0,0,0,0,1,0,1,0,1,0,1,0
0,0,0,0,0,0,0,0,1,1,1,1,0,1,0,0,0,0,1,0,0,1,1,1,0,0
0,0,0,0,0,1,0,1,0,0,0,0,0,0,1,0,0,1,0,0,1,1,2,0,2,1
0,0,0,0,0,0,0,0,1,1,1,0,0,1,0,0,0,0,1,0,0,0,1,0,0,0
0,0,1,0,0,0,0,0,1,0,0,0,0,0,0,0,0,0,0,0,0,0,1,-1,0,0
0,0,0,0,1,0,0,0,1,1,1,0,0,0,0,0,0,0,1,0,1,1,1,0,2,0
0,1,0,0,0,0,0,0,1,0,0,0,0,1,1,0,0,0,1,0,0,0,1,0,0,0
0,1,1,1,0,0,0,0,0,0,0,1,0,1,0,1,0,0,1,0,0,1,0,0,0,0
0,0,1,0,0,1,0,0,0,0,0,1,1,1,0,0,0,0,0,0,0,1,1,1,0,2
0,0,1,1,0,0,0,0,0,0,1,1,0,1,0,0,0,0,1,0,0,1,0,1,0,0
0,0,0,0,0,0,1,0,1,1,0,1,0,1,1,0,0,0,1,0,0,0,2,0,0,0
0,1,0,1,0,0,0,0,0,0,0,1,0,1,0,0,0,0,1,0,0,1,0,0,0,0
0,0,0,0,0,0,0,1,0,1,1,0,0,1,1,0,0,0,1,0,0,1,1,0,0,0
0,0,1,0,0,1,0,0,1,0,0,0,0,0,1,0,0,0,0,0,0,0,2,-1,0,2
0,0,1,0,0,0,0,0,1,0,0,1,0,0,0,0,0,0,1,0,0,0,1,-1,0,0
1,1,0,0,0,0,0,0,0,0,0,1,0,0,0,0,0,1,1,0,0,0,0,0,1,0
0,0,0,0,0,0,0,0,0,1,1,0,0,0,0,1,0,0,1,0,1,1,0,0,1,0
0,0,0,0,0,0,0,0,1,1,1,0,0,0,0,0,0,0,1,0,0,0,1,-1,0,0
0,0,0,1,1,0,0,0,1,1,0,0,0,0,0,0,0,0,1,0,1,1,1,-1,2,0
1,1,1,0,0,1,0,0,1,0,0,1,0,0,0,0,0,0,0,0,1,0,2,0,1,2
0,0,0,0,0,0,0,0,1,1,0,0,0,1,1,0,0,0,1,0,0,1,1,1,0,0
1,0,1,0,0,0,0,0,1,0,0,1,0,1,0,0,0,0,1,0,0,1,1,1,0,0
0,1,1,0,0,1,1,0,1,0,0,1,0,1,0,0,0,0,0,0,0,0,3,-1,0,1
0,0,0,0,0,0,0,0,0,0,0,0,0,0,0,0,0,0,1,0,0,1,0,0,0,0
0,0,1,0,0,0,0,1,0,0,0,0,0,0,0,0,0,1,0,0,1,0,1,0,2,0
0,1,0,0,0,0,0,0,1,1,1,1,0,1,1,0,0,0,1,0,0,1,1,0,0,0
0,1,1,0,0,0,0,0,1,0,1,1,0,1,1,0,0,0,1,0,0,1,1,0,0,0
0,0,0,0,0,0,0,0,1,0,0,1,0,0,0,0,0,0,1,0,0,1,1,-1,0,0
0,0,0,0,0,0,0,0,1,0,0,0,0,0,1,0,0,0,1,0,0,0,1,0,0,0
0,1,1,0,0,1,0,0,1,0,0,1,0,1,0,0,0,0,0,0,0,0,2,1,0,2
0,0,1,0,0,0,0,0,1,0,0,1,0,1,0,0,0,0,0,0,0,1,1,1,0,0
0,0,0,0,0,1,0,0,1,0,0,1,1,1,1,0,1,0,0,0,0,0,2,0,0,2
0,0,0,0,1,0,0,1,0,0,1,1,0,1,1,0,0,0,1,0,0,1,1,0,1,0
0,0,1,0,0,0,0,0,1,1,1,0,0,0,1,0,0,0,1,0,0,0,1,-2,0,0
0,1,1,0,0,1,0,0,1,0,0,1,0,1,0,1,0,0,0,0,0,0,2,1,0,1
0,0,1,1,1,0,0,1,0,0,0,1,0,0,0,0,0,1,1,0,1,1,1,0,3,0
1,0,1,0,0,0,0,0,1,0,0,0,1,0,0,0,0,0,0,0,1,1,1,0,1,1
0,0,0,0,1,0,0,0,0,0,1,1,0,1,0,0,0,0,1,0,1,1,0,0,2,0
1,0,1,0,0,0,0,0,1,0,0,0,0,0,0,0,0,0,1,0,1,0,1,-1,1,0
0,0,0,0,0,1,0,0,1,0,0,0,0,0,0,0,0,0,0,0,0,1,2,-1,0,1
0,1,0,0,1,0,0,0,1,0,0,0,0,0,0,0,0,0,1,0,0,0,1,-2,1,0
0,0,0,0,1,0,0,1,0,0,0,1,0,1,1,0,0,1,1,0,0,1,1,1,2,0
0,0,1,0,0,1,0,0,1,0,0,0,0,0,1,0,0,0,0,0,0,1,2,-1,0,1
0,0,0,0,0,0,0,0,0,0,1,0,0,0,0,0,0,1,1,0,1,1,0,-1,2,0
1,1,0,0,0,0,0,0,0,0,0,0,0,0,0,0,0,0,1,0,1,0,0,0,1,0
0,0,0,0,1,0,0,0,1,1,1,1,0,1,0,0,0,0,1,0,1,1,1,-1,2,0
0,0,1,0,0,0,0,0,0,0,0,0,0,0,0,0,0,0,1,0,1,1,0,0,1,0
1,0,0,0,0,0,0,0,0,0,0,0,0,0,0,0,0,0,1,0,1,0,0,0,1,0
0,0,1,0,0,1,0,0,1,0,0,0,0,1,1,0,0,0,0,0,0,0,2,-1,0,2
0,1,1,0,0,0,0,0,1,0,0,1,0,1,0,0,0,0,1,0,1,1,1,1,1,0
0,1,1,0,0,0,0,0,1,0,1,1,0,1,1,0,0,0,1,0,0,0,1,-1,0,0
0,0,0,0,0,1,0,1,0,0,0,1,1,1,0,0,0,1,0,0,1,1,2,1,2,2
0,0,1,0,0,1,0,0,1,0,0,1,0,1,1,0,0,0,0,0,0,1,2,1,0,1
0,0,1,0,0,1,0,0,1,0,0,0,0,0,0,0,0,1,0,0,0,1,2,0,1,1
0,0,0,0,0,0,0,0,1,0,0,0,0,0,0,0,0,0,0,0,0,1,1,0,0,0
0,0,0,0,0,0,0,0,1,0,1,0,0,1,1,0,0,0,1,0,0,0,1,1,0,0
0,0,1,0,0,0,0,1,0,0,0,0,0,1,1,0,0,0,1,0,1,1,1,0,1,0
0,0,1,0,0,0,0,0,1,1,1,0,0,0,1,0,0,0,1,0,1,1,1,0,1,0
0,0,0,0,0,0,0,1,0,1,1,0,0,0,1,0,0,1,1,0,0,1,1,0,1,0
0,0,0,0,0,1,0,0,1,0,0,1,1,1,1,1,1,0,0,0,0,0,2,-1,0,2
0,0,0,0,0,0,0,0,1,0,0,1,0,1,1,0,0,0,0,0,0,0,1,1,0,0
0,0,1,0,1,0,0,0,1,0,1,1,0,1,1,0,0,0,1,0,0,1,1,-1,1,0
0,1,1,0,0,1,0,0,1,0,0,1,1,1,0,1,1,0,0,0,0,0,2,0,0,2
0,0,0,0,0,1,0,0,0,0,0,0,0,0,0,0,0,0,0,0,1,0,1,-1,1,1
0,0,0,0,0,0,0,0,0,0,0,1,0,1,0,0,0,0,0,0,1,0,0,1,1,0
1,1,1,0,0,0,1,0,1,0,0,1,0,1,0,0,0,0,1,0,1,0,2,1,1,0
0,0,1,0,0,1,0,0,0,0,0,0,0,1,1,0,0,0,0,0,0,0,1,1,0,1
0,0,1,0,0,1,0,0,1,0,0,1,1,1,0,0,0,0,0,0,0,0,2,0,0,2
1,1,0,0,0,0,0,0,1,0,0,0,0,0,0,0,0,0,0,0,1,0,1,0,1,0
0,0,0,0,1,0,0,0,0,0,1,1,0,1,0,0,0,0,1,0,0,1,0,1,1,0
0,0,1,0,0,0,0,0,1,1,1,1,0,1,1,0,0,0,1,0,0,1,1,0,0,0
0,0,0,0,0,0,0,0,1,0,0,0,0,1,1,0,0,0,1,0,0,0,1,0,0,0
0,0,0,1,1,0,0,0,1,1,1,0,0,1,1,0,0,0,1,0,0,0,1,0,1,0
0,0,1,1,0,0,0,1,0,0,0,1,0,1,0,0,0,1,1,0,1,1,1,1,2,0
0,0,0,0,0,0,0,0,1,0,0,1,1,1,1,0,0,0,0,0,0,0,1,0,0,1
0,0,0,0,0,0,0,0,1,1,1,0,0,1,0,0,0,0,1,0,0,0,1,1,0,0
0,1,1,0,1,0,0,0,1,0,0,1,0,1,1,0,0,0,1,0,0,1,1,0,1,0
0,0,1,0,0,0,0,0,1,1,1,0,0,0,1,0,0,0,1,0,1,1,1,0,1,0
0,0,0,0,0,0,0,0,1,1,1,0,0,1,1,1,0,0,1,0,0,1,1,1,0,0
0,1,0,0,0,0,0,0,1,1,1,1,0,1,1,1,0,0,1,0,0,0,1,1,0,0
0,0,1,0,0,0,0,0,1,0,0,0,0,0,1,0,0,0,1,0,0,0,1,-1,0,0
0,0,0,0,0,0,1,0,1,0,0,1,0,1,1,1,0,0,1,0,0,1,2,0,0,0
0,0,0,0,0,0,0,0,1,0,0,0,0,1,1,0,0,0,1,0,0,1,1,1,0,0
0,1,1,0,0,1,0,0,1,0,0,1,1,1,1,1,0,0,0,0,0,0,2,-1,0,2
0,1,0,0,0,0,0,0,0,0,0,1,0,1,0,0,0,0,1,0,1,1,0,0,1,0
0,0,0,0,0,0,0,0,1,0,0,1,1,1,1,0,0,0,0,0,0,0,1,0,0,1
0,0,1,0,0,0,0,0,1,0,0,1,0,0,1,0,0,0,1,0,0,1,1,-2,0,0
0,0,1,0,0,1,0,0,1,0,0,1,1,1,1,0,0,0,0,0,0,0,2,0,0,2
0,0,0,0,0,0,1,0,1,0,0,1,0,1,1,1,0,0,1,1,0,1,2,-1,1,0
0,0,0,0,0,0,0,0,1,1,0,0,0,1,1,0,0,0,1,0,0,1,1,1,0,0
0,0,1,0,0,0,0,0,1,0,1,1,0,1,1,0,0,0,1,0,0,0,1,1,0,0
1,0,0,0,0,0,0,0,1,1,1,0,0,0,0,0,0,0,1,0,1,1,1,-1,1,0
0,1,1,0,0,0,0,1,0,1,1,1,0,1,0,1,0,1,1,0,1,1,1,1,2,0
0,0,1,0,1,0,0,0,1,1,1,1,0,0,1,0,0,0,1,0,1,1,1,-1,2,0
0,0,0,0,0,1,0,1,0,0,0,0,0,0,0,0,0,1,0,0,1,0,2,0,2,1
0,0,1,0,0,1,0,0,1,0,0,1,1,1,0,0,1,0,0,0,0,0,2,1,0,2
0,0,1,1,0,0,0,0,0,0,0,1,0,1,0,0,0,0,1,0,0,0,0,1,0,0
1,0,0,0,0,0,0,0,1,0,0,0,0,0,0,0,0,0,1,0,0,0,1,0,0,0
0,0,1,0,0,0,0,0,1,1,1,1,0,1,1,0,0,0,1,0,1,1,1,0,1,0
0,0,0,0,0,0,0,0,1,0,0,1,0,1,1,0,0,0,1,0,0,1,1,1,0,0
0,1,0,0,0,0,0,0,1,1,1,1,0,1,1,0,0,0,1,0,1,1,1,1,1,0
0,0,0,0,0,0,0,0,1,0,1,1,0,1,1,0,0,0,1,0,0,1,1,1,0,0
0,0,0,0,0,0,0,0,0,1,1,0,0,0,0,0,0,0,1,0,1,0,0,-1,1,0
0,0,0,0,1,0,0,0,1,1,1,0,0,1,1,0,0,0,1,0,0,0,1,-1,1,0
0,0,0,0,0,1,0,0,1,0,0,0,1,0,0,0,0,1,0,1,1,1,2,-1,3,2
0,0,0,0,0,0,0,0,1,1,1,0,0,0,1,1,1,0,1,0,0,0,1,0,0,0
0,0,1,1,0,0,0,1,0,0,0,1,0,1,0,0,0,1,1,0,1,1,1,1,2,0
0,0,1,0,0,0,0,0,0,1,1,1,0,1,1,0,0,0,1,0,0,0,0,-1,0,0
0,1,1,0,0,0,0,0,1,0,0,1,0,0,0,0,0,0,1,0,0,0,1,-2,0,0
0,0,0,1,0,0,0,1,0,1,1,1,0,1,0,0,0,1,1,0,1,1,1,1,2,0
1,0,0,0,0,0,0,0,1,1,1,0,0,0,0,0,0,0,1,0,0,1,1,-2,0,0
0,0,1,0,0,1,0,0,1,0,0,1,1,1,0,0,1,0,0,0,0,0,2,1,0,3
0,0,1,0,0,0,0,0,1,0,0,0,0,1,1,0,0,0,1,0,1,0,1,0,1,0
0,1,1,0,0,0,0,0,1,0,1,1,0,0,1,0,0,0,1,0,0,0,1,0,0,0
0,0,0,1,1,0,0,0,1,0,1,1,0,1,1,0,0,0,1,0,1,1,1,0,2,0
0,0,1,0,0,0,0,0,1,1,0,1,0,0,0,0,0,0,1,0,1,1,1,-1,1,0
0,0,1,0,0,0,0,0,1,0,0,1,0,0,1,0,1,0,1,0,0,1,1,-1,0,0
0,0,0,0,0,0,0,0,1,0,0,1,0,0,0,0,0,1,1,0,1,1,1,-1,2,0
0,0,1,0,0,1,0,1,0,0,0,1,0,1,1,0,0,0,0,0,1,1,2,1,1,1
0,0,0,0,0,0,0,1,0,1,1,1,0,1,0,1,0,1,1,0,1,1,1,0,2,0
0,0,0,0,0,0,0,0,1,0,0,0,0,0,0,0,0,0,0,0,0,1,1,-1,0,0
0,0,0,0,0,0,0,0,1,1,1,1,0,0,1,0,0,0,1,0,0,1,1,-1,0,0
0,0,0,0,0,0,0,0,1,0,0,1,1,1,1,1,0,0,0,0,0,0,1,0,0,2
0,0,0,0,0,0,0,0,1,0,0,0,0,0,0,0,0,0,1,0,0,0,1,-1,0,0
0,1,0,0,0,1,0,0,1,0,0,1,0,1,0,0,0,0,0,0,0,0,2,1,0,1
0,0,0,0,0,1,0,1,0,0,0,0,0,0,0,0,0,1,0,1,1,1,2,0,3,1
0,0,0,1,1,0,0,0,1,0,1,0,0,1,0,0,0,1,1,0,1,1,1,1,3,1
0,0,1,0,0,0,0,0,1,0,0,1,1,1,0,0,1,0,0,0,0,0,1,0,0,2
0,1,1,0,0,1,0,0,1,0,0,1,0,1,1,0,1,0,0,0,0,0,2,1,0,1
0,0,1,0,1,0,1,0,0,0,0,1,1,1,1,0,0,0,1,0,1,1,1,1,2,1
0,0,1,0,0,0,0,0,1,1,1,0,0,0,1,0,0,0,1,0,0,1,1,-1,0,0
0,0,0,0,0,0,0,0,1,0,1,1,0,1,1,0,0,0,1,0,0,0,1,0,0,0
0,0,1,0,0,1,0,0,1,0,0,0,0,0,0,0,0,0,0,0,0,0,2,-1,0,2
0,0,1,0,0,0,1,0,1,0,0,1,0,1,1,0,0,0,1,0,0,1,2,0,0,0
0,0,1,0,0,0,0,0,1,1,1,1,0,1,0,0,0,0,1,0,0,1,1,-1,0,0
0,1,0,0,0,0,0,0,1,1,1,1,0,1,0,0,0,0,1,0,0,0,1,-1,0,0
0,0,1,1,1,0,0,0,1,0,0,1,0,1,1,0,0,0,0,0,0,1,1,-1,1,0
0,1,0,0,0,0,0,0,1,0,0,0,0,0,1,1,0,0,1,0,1,1,1,0,1,0
1,0,1,0,1,0,0,0,0,0,1,0,0,0,1,0,0,1,1,0,1,0,0,0,3,0
0,0,1,0,0,0,0,0,1,0,0,0,0,0,0,0,0,0,1,0,0,0,1,-1,0,0
0,0,1,0,1,0,0,0,1,1,1,0,0,1,0,0,0,0,1,0,0,1,1,0,1,0
0,1,0,0,0,0,0,0,1,1,1,0,0,1,1,0,0,0,1,0,0,1,1,-1,0,0
0,1,0,0,0,0,0,0,1,0,0,1,0,1,0,0,0,0,0,0,1,0,1,1,1,0
1,0,0,0,0,0,0,0,1,0,0,0,0,0,0,0,0,1,1,0,0,0,1,-1,1,0
0,0,0,0,0,1,0,0,1,0,0,1,1,1,1,1,0,0,0,0,0,0,2,0,0,2
0,0,1,0,0,0,0,1,0,0,0,0,0,1,0,0,0,0,0,0,1,1,1,1,1,0
0,1,0,0,0,1,0,0,1,0,0,0,0,0,0,0,0,0,0,0,0,0,2,-1,0,1
0,0,1,1,1,0,0,0,1,0,1,0,0,0,0,0,0,1,1,0,1,1,1,0,3,0
0,0,1,0,0,0,0,0,1,0,1,1,0,1,1,0,0,0,1,1,0,1,1,-1,1,0
1,0,0,0,1,0,0,0,1,0,0,0,0,0,0,0,0,0,1,0,1,1,1,-1,2,0
0,0,0,0,0,0,0,0,1,0,0,0,0,0,0,1,1,0,1,0,1,0,1,0,1,0
0,0,0,0,1,0,0,0,1,0,1,0,0,0,0,0,0,1,1,0,1,1,1,-1,3,0
0,0,1,0,0,1,0,0,1,0,0,1,1,1,1,1,0,0,0,0,0,0,2,0,0,2
0,0,1,0,0,1,0,0,1,0,0,1,0,1,1,0,0,0,0,0,0,1,2,0,0,1
0,0,0,0,0,1,0,0,1,0,0,1,0,0,1,0,0,1,1,0,1,0,2,-1,2,1
0,1,0,0,0,1,0,0,1,0,0,1,0,1,1,0,0,0,0,0,0,0,2,1,0,1
0,0,0,0,0,0,0,0,1,1,1,1,0,1,1,0,0,0,1,0,1,1,1,1,1,0
0,0,1,0,0,1,0,0,1,0,0,0,0,0,1,0,0,1,0,0,0,1,2,-1,1,2
0,0,1,0,0,1,0,0,1,0,0,1,0,1,0,0,0,0,0,0,0,0,2,1,0,1
0,0,1,0,0,0,0,0,1,0,0,1,1,1,0,0,1,0,0,0,0,0,1,0,0,2
0,1,0,0,0,0,0,0,1,0,0,1,0,1,1,1,0,0,0,0,0,0,1,0,0,1
0,1,1,0,0,1,0,0,1,0,0,1,1,1,1,1,0,0,0,0,0,0,2,-1,0,3
0,0,0,1,1,0,0,0,1,1,1,0,0,0,0,0,0,0,1,0,0,0,1,-1,1,0
0,0,0,1,0,0,0,0,1,1,1,1,0,1,0,0,0,0,1,0,0,1,1,1,0,0
0,0,1,1,0,0,0,0,0,1,1,1,0,1,0,0,0,0,1,0,0,1,0,-1,0,0
0,0,0,0,0,0,0,0,1,0,0,0,0,0,0,0,0,0,0,0,0,0,1,0,0,0
0,1,0,1,0,0,0,0,1,0,1,0,0,0,0,0,0,0,1,0,1,0,1,0,1,0
0,0,1,0,0,0,0,0,1,0,0,0,0,1,0,1,0,0,1,0,0,0,1,0,0,0
0,0,0,0,0,0,0,0,1,0,1,0,0,1,1,1,0,0,1,0,0,0,1,0,0,0
0,0,1,0,1,0,0,0,1,1,1,1,0,0,0,0,0,1,1,0,1,1,1,0,3,0
0,0,1,0,0,0,0,0,1,0,0,0,0,0,0,0,0,1,0,0,1,1,1,-1,2,1
0,1,1,0,0,1,0,0,1,0,0,1,1,1,1,0,1,0,0,0,0,0,2,1,0,2
0,0,1,0,0,1,0,0,1,0,0,1,1,0,0,0,0,1,0,0,0,1,2,-1,1,2
0,0,0,0,1,0,0,0,0,0,0,0,0,0,0,0,0,0,1,0,1,1,0,0,2,0
0,0,0,0,0,0,0,1,0,0,1,1,0,0,0,0,0,1,1,0,1,1,1,-1,2,0
0,0,1,1,1,0,0,0,0,0,0,1,0,1,1,0,0,0,1,0,0,1,0,0,1,0
0,0,1,1,1,0,0,0,0,1,1,0,0,0,1,0,0,0,1,0,1,1,0,-1,2,0
1,0,1,0,0,0,0,0,1,1,1,0,0,0,1,0,0,0,1,0,0,0,1,-1,0,0
0,0,1,0,0,0,0,1,0,0,1,1,0,1,0,0,0,1,1,0,1,1,1,1,2,0
0,0,0,0,0,0,0,0,1,0,0,1,0,1,0,0,0,0,1,0,1,0,1,0,1,0
0,1,0,0,0,0,0,0,0,0,0,1,0,1,0,1,0,0,1,0,0,0,0,0,0,0
0,0,0,0,0,0,0,0,1,1,1,1,0,1,1,0,0,0,1,0,0,0,1,0,0,0
0,0,0,0,0,0,0,0,1,1,1,1,0,0,1,0,0,0,1,0,0,1,1,-1,0,1
1,0,1,0,0,0,0,0,1,0,0,0,1,0,0,0,0,0,0,0,0,0,1,-1,0,1
0,0,0,0,0,0,0,0,1,0,1,0,0,0,0,1,0,0,1,0,1,1,1,-1,1,0
0,0,1,0,0,0,1,0,1,0,0,1,0,1,1,0,0,0,1,0,0,1,2,0,0,0
0,0,0,0,0,0,0,1,0,1,1,0,0,0,1,0,0,1,1,0,1,1,1,-1,2,0
1,0,0,0,0,0,0,0,0,0,0,0,1,0,0,0,0,0,0,0,1,0,0,0,1,1
0,0,1,0,0,0,0,0,0,0,0,1,0,1,1,0,0,0,1,0,0,1,0,0,0,0
0,0,0,1,0,0,0,1,0,0,0,1,0,1,1,0,0,1,1,0,1,1,1,1,2,0
1,0,0,0,0,0,0,0,1,0,0,0,0,0,0,0,0,0,1,0,0,0,1,-1,0,0
0,0,0,0,1,0,0,0,0,1,1,0,0,1,0,0,0,0,1,0,0,1,0,1,1,0
0,0,1,0,0,0,0,0,1,1,1,0,0,0,1,0,0,0,1,0,1,1,1,-1,1,0
0,0,0,0,0,1,0,0,1,0,0,0,0,0,0,1,0,0,0,0,1,0,2,-1,1,1
0,0,0,0,0,0,0,0,1,1,1,1,0,1,0,0,0,0,1,0,0,1,1,-1,0,0
0,0,0,0,0,1,0,0,1,0,0,1,1,1,1,1,0,0,0,0,1,0,2,1,1,2
0,0,1,0,0,0,0,1,0,1,1,0,0,1,1,0,0,1,1,0,1,1,1,0,2,0
0,0,1,0,0,0,0,0,1,1,1,1,0,1,1,0,0,0,1,0,0,0,1,0,0,0
0,1,0,0,0,0,0,0,0,0,0,1,0,1,0,0,0,0,1,0,0,1,0,1,0,0
0,1,0,0,0,0,1,0,1,0,1,0,0,0,0,0,0,0,1,0,1,0,2,0,1,0
0,1,0,0,0,0,0,1,0,1,1,0,0,0,0,0,0,0,1,0,1,1,1,-1,1,0
0,0,0,0,0,0,0,0,1,1,1,0,0,1,0,0,0,0,1,0,1,0,1,1,1,0
0,0,1,0,0,1,0,0,1,0,0,0,0,1,1,0,0,0,0,0,0,0,2,0,0,1
0,0,0,0,0,0,0,0,1,0,1,1,0,1,1,0,0,0,1,1,0,1,1,1,1,0
0,0,0,0,0,0,0,0,1,1,1,1,0,1,0,0,0,0,1,0,0,0,1,0,0,0
0,0,1,0,0,0,0,0,1,0,0,1,0,1,1,1,0,0,1,0,0,0,1,1,0,0
0,0,1,0,0,1,0,0,1,0,0,0,1,1,0,0,0,0,0,0,0,0,2,0,0,2
0,0,1,0,0,0,0,0,0,1,1,0,0,1,1,0,0,0,1,0,0,1,0,0,0,0
0,0,0,0,0,0,0,0,1,1,1,0,0,0,1,0,0,0,1,0,0,1,1,-2,0,0
0,0,0,1,1,0,0,0,0,0,1,0,0,0,1,0,0,1,1,0,1,1,0,0,3,0
0,1,1,1,1,0,0,1,0,1,1,0,0,0,0,0,0,1,1,0,1,1,1,-1,3,0
0,0,0,0,0,0,0,0,0,0,0,0,0,0,0,0,0,1,0,0,1,1,0,-1,2,0
0,0,1,0,0,0,0,0,1,0,0,1,0,1,0,0,0,0,1,0,0,0,1,1,0,0
0,0,1,0,0,0,0,0,1,0,0,1,1,1,1,0,0,0,1,0,0,0,1,0,0,1
0,0,0,0,1,0,0,0,1,1,1,0,0,1,0,0,0,0,1,0,1,1,1,0,2,0
0,0,1,0,1,0,0,0,1,0,0,1,0,1,0,0,0,0,1,0,1,1,1,1,2,0
0,1,0,0,0,0,1,1,0,0,0,0,0,0,1,0,0,1,1,0,1,1,2,0,2,1
0,1,0,0,0,0,0,0,1,0,0,1,0,1,0,0,0,0,1,0,0,0,1,0,0,0
0,0,0,0,0,0,0,0,0,0,0,1,0,1,1,0,0,0,1,0,0,0,0,-1,0,0
0,0,1,0,1,0,0,0,1,0,0,0,0,1,1,0,0,0,1,0,0,0,1,0,1,0
0,1,1,0,0,0,0,0,1,0,0,1,0,1,1,0,0,0,1,0,0,0,1,-1,0,0
0,0,0,0,0,0,0,0,0,0,0,0,0,0,0,0,0,0,1,0,1,0,0,0,1,0
0,0,0,0,0,0,0,0,1,1,1,1,0,1,0,1,0,0,1,0,1,0,1,0,1,0
0,0,1,0,0,0,0,0,1,0,0,1,0,1,0,0,0,0,1,0,0,0,1,0,0,0
0,0,1,0,0,1,0,0,1,0,0,1,0,0,0,0,0,0,0,0,1,0,2,0,1,2
0,1,0,0,0,0,0,0,1,0,0,1,0,1,1,0,0,0,1,0,0,0,1,-1,0,1
0,0,0,0,0,0,0,0,0,0,0,0,0,0,1,0,0,0,1,1,0,1,0,-2,1,0
0,1,0,0,0,1,0,0,1,0,0,1,1,1,1,1,0,0,0,0,0,0,2,0,0,2
0,1,1,0,0,0,0,0,1,0,0,1,0,0,0,0,0,0,1,0,0,0,1,-2,0,0
0,0,1,0,1,0,0,0,1,1,1,0,0,0,0,0,0,0,1,0,0,1,1,-1,1,0
0,1,0,0,0,0,0,0,1,1,0,1,0,1,0,0,0,0,1,0,0,0,1,0,0,0
0,0,1,0,1,0,0,1,0,0,0,0,0,1,0,0,0,0,1,0,1,1,1,1,2,0
0,0,0,0,0,0,0,0,0,0,0,0,0,0,0,0,0,0,1,0,1,1,0,-1,1,0
1,0,0,0,0,0,0,0,1,0,0,0,0,0,0,0,0,1,0,0,1,0,1,0,2,0
0,0,0,0,1,0,0,0,1,1,1,0,0,0,1,0,0,0,1,0,0,1,1,-2,1,0
0,0,0,0,0,0,0,0,1,0,0,1,0,1,1,1,0,0,1,0,0,0,1,-1,0,0
1,0,0,0,0,0,0,0,1,0,0,0,0,0,0,0,0,0,0,0,0,1,1,-1,0,1
0,0,0,0,0,0,0,0,1,0,0,0,0,1,1,0,0,0,1,0,0,0,1,0,0,0
0,0,0,0,0,0,0,0,1,0,0,1,0,0,0,0,0,0,1,0,1,0,1,-1,1,0
0,0,0,0,0,1,0,0,1,0,0,1,1,1,0,0,0,0,0,0,0,0,2,1,0,2
1,0,0,0,0,0,0,0,1,0,0,1,0,0,1,0,0,0,1,0,1,0,1,0,1,0
0,1,0,0,0,0,0,0,1,1,1,0,0,0,0,0,0,0,1,0,1,0,1,-1,1,0
1,0,1,0,0,0,0,0,0,0,0,0,1,0,0,0,0,1,0,0,0,1,0,0,1,1
0,0,0,1,1,0,0,0,1,0,0,1,0,1,0,0,0,0,1,1,0,1,1,0,2,0
0,0,1,0,0,0,0,0,1,0,0,0,1,0,0,1,1,0,0,0,0,0,1,-1,0,2
0,0,1,0,0,1,0,0,1,0,0,0,0,1,0,0,0,0,0,0,1,1,2,1,1,2
0,0,1,0,0,0,0,0,0,0,1,0,0,0,0,0,0,0,1,0,1,1,0,0,1,0
0,0,0,0,0,0,0,0,1,0,0,1,0,1,0,0,0,0,1,0,1,0,1,0,1,0
0,1,1,0,0,1,0,0,1,0,0,1,1,0,1,1,0,0,0,0,0,0,2,-1,0,2
0,0,1,0,0,1,0,0,1,0,0,1,1,1,0,1,1,0,0,0,0,0,2,0,0,2
0,0,1,1,1,0,0,1,0,0,0,1,0,1,0,0,0,1,1,0,1,1,1,1,3,0
1,1,0,0,0,0,0,0,1,0,0,0,0,1,0,0,0,0,1,0,1,0,1,1,1,0
0,0,0,0,0,0,0,0,1,1,1,1,0,0,1,0,0,0,1,0,0,1,1,0,0,0
0,0,1,0,0,0,0,0,0,0,0,1,0,1,0,0,0,0,0,0,1,0,0,0,1,0
0,1,1,0,0,0,0,0,1,1,1,1,0,1,0,0,1,0,1,0,0,0,1,-1,0,0
0,0,1,0,1,0,0,0,1,0,0,0,0,0,1,0,0,0,1,0,0,1,1,-1,1,0
0,0,0,0,0,0,0,1,0,0,0,0,0,0,0,0,0,1,1,0,1,1,1,-1,2,0
0,0,1,0,0,0,0,0,1,0,0,1,0,1,0,0,0,0,1,0,1,1,1,1,1,0
0,0,1,0,0,0,0,0,0,1,1,0,0,0,1,0,0,1,1,0,1,1,0,0,2,0
0,0,1,0,0,1,0,0,1,0,0,0,0,1,0,0,0,0,0,0,0,1,2,1,0,1
0,1,0,0,0,1,0,0,1,0,0,1,1,1,1,0,0,0,0,0,0,0,2,1,0,3
0,0,1,0,0,0,0,0,1,0,0,1,0,0,0,0,0,0,0,0,0,0,1,-1,0,0
0,0,1,0,0,0,0,0,1,1,1,0,0,0,1,0,0,0,1,0,0,1,1,-2,0,0
0,1,1,0,0,1,0,0,1,0,0,1,1,1,0,1,1,0,0,0,0,0,2,1,0,2
0,0,1,0,0,0,0,0,1,0,0,1,0,1,0,0,0,0,0,0,1,0,1,1,1,0
0,1,0,0,0,0,0,0,0,0,0,1,0,1,0,0,0,0,1,0,0,0,0,0,0,0
0,0,0,0,0,0,0,0,1,0,0,1,0,1,0,0,0,0,1,0,0,1,1,0,0,0
0,0,0,0,0,0,0,0,1,0,0,0,0,0,1,0,0,0,0,1,0,0,1,-1,1,1
0,0,0,0,0,0,0,0,0,1,1,1,0,0,0,0,0,0,1,0,0,1,0,-1,0,0
1,0,0,0,0,0,0,0,1,0,0,0,0,0,0,0,0,1,0,1,1,1,1,-1,3,0
0,1,1,0,0,1,0,0,1,0,0,1,1,1,0,1,1,0,0,0,0,0,2,0,0,2
0,0,0,0,0,0,0,0,1,0,1,0,0,0,0,0,1,0,1,0,1,0,1,-1,1,0
0,0,0,0,0,0,0,0,1,1,1,1,0,1,1,0,0,0,1,0,0,1,1,-1,0,0
1,1,0,0,0,0,0,0,1,0,0,0,0,0,0,0,0,0,1,0,0,0,1,-1,0,0
0,0,0,0,0,1,0,0,1,0,0,1,0,1,1,1,0,0,0,0,0,0,2,1,0,1
0,0,0,1,0,0,0,0,0,1,1,1,0,1,1,0,0,0,1,0,1,1,0,1,1,0
0,0,0,0,0,0,0,0,1,0,1,0,0,0,0,0,0,0,1,0,1,0,1,0,1,0
0,1,0,0,0,1,0,0,1,0,0,1,1,1,1,1,0,0,0,0,0,0,2,0,0,2
0,1,0,0,0,1,0,0,1,0,0,1,0,1,0,0,0,0,0,0,0,0,2,-1,0,1
0,0,1,0,0,0,0,0,1,1,1,1,0,1,0,0,0,0,1,0,1,1,1,0,1,0
0,0,1,0,0,0,0,0,1,1,1,1,0,1,1,0,0,0,1,0,0,0,1,0,0,0
0,0,0,0,0,0,0,0,1,0,0,0,0,1,0,0,0,0,1,0,1,0,1,1,1,0
0,0,0,0,0,1,0,0,1,0,0,1,1,1,1,1,0,0,0,0,0,0,2,0,0,3
0,0,1,1,0,0,0,0,1,1,1,0,0,0,1,0,0,0,1,0,0,1,1,-2,0,0
0,1,1,0,0,1,1,0,1,0,0,1,1,1,1,0,0,0,0,0,0,0,3,0,0,2
0,1,0,0,0,0,0,0,1,1,1,0,0,1,0,0,0,0,1,0,1,0,1,0,1,1
0,0,0,0,0,0,0,0,1,0,0,1,1,1,1,1,0,0,0,0,0,0,1,1,0,1
0,1,0,0,0,0,0,0,1,0,0,1,0,1,1,1,0,0,1,0,1,0,1,1,1,0
0,0,0,0,1,0,0,0,0,0,0,0,0,0,1,0,0,0,1,0,0,1,0,-1,1,0
0,0,1,0,0,1,0,0,1,0,0,1,0,1,1,0,0,0,0,0,0,0,2,1,0,1
0,1,1,0,0,0,0,0,1,0,0,1,0,1,1,0,0,0,1,0,0,0,1,-1,0,0
0,0,0,0,0,0,0,0,1,1,1,1,1,1,1,0,0,0,1,0,0,1,1,0,0,1
0,0,0,0,1,0,0,0,1,1,1,0,0,1,1,0,0,0,1,0,0,1,1,-1,1,0
0,0,0,0,0,0,0,0,1,1,1,1,0,0,1,1,0,0,1,0,0,1,1,-2,0,0
0,0,1,0,1,0,0,0,1,0,0,0,0,0,0,0,0,0,0,0,0,1,1,-1,1,0
0,0,0,0,1,0,0,0,1,0,1,0,0,0,0,0,0,0,1,0,0,1,1,0,1,0
0,0,1,0,0,1,0,0,1,0,0,0,1,0,0,0,0,0,0,0,0,0,2,-1,0,2
0,0,0,1,0,0,0,1,0,0,0,1,0,1,1,0,0,1,1,0,1,1,1,1,2,0
0,0,0,0,0,0,0,1,0,1,1,1,0,1,0,0,0,1,1,0,1,1,1,1,2,0
0,0,0,0,0,1,0,0,1,0,0,1,0,1,0,0,0,0,0,0,0,0,2,0,0,2
0,0,1,0,0,1,0,0,1,0,0,1,1,1,1,0,0,0,0,0,0,0,2,0,0,2
0,0,1,0,0,0,0,0,1,1,0,0,0,0,1,0,0,0,1,0,0,1,1,-1,0,0
1,0,0,0,0,0,0,0,1,0,0,0,0,0,1,0,1,0,1,0,0,1,1,-1,0,1
0,1,0,0,0,0,0,0,1,0,0,0,0,1,0,0,0,0,0,0,0,0,1,0,0,0
0,0,0,0,0,0,0,0,1,0,0,1,0,1,1,0,0,0,1,0,0,1,1,0,0,0
0,1,1,0,0,1,0,0,1,0,0,0,1,0,0,0,1,0,0,0,0,0,2,-2,0,2
1,0,0,0,0,0,0,0,1,0,0,1,0,1,1,0,0,0,1,0,0,0,1,0,0,0
0,1,1,0,0,0,0,0,1,1,1,1,0,0,1,0,0,0,1,0,0,1,1,-2,0,0
0,0,1,0,0,1,0,0,1,0,0,1,0,1,0,0,0,0,0,0,0,1,2,-1,0,1
0,0,1,0,0,0,0,0,1,0,0,1,0,1,1,1,0,0,1,1,0,1,1,0,1,0
0,0,1,0,0,0,0,0,1,1,1,1,0,1,1,0,0,0,1,0,0,1,1,0,0,1
0,1,0,0,0,1,0,0,1,0,0,0,1,1,0,0,0,0,0,0,0,0,2,1,0,2
0,1,0,0,0,0,0,0,1,1,0,1,0,1,0,0,0,0,1,0,0,1,1,1,0,0
0,0,1,1,1,0,0,0,0,0,1,1,0,1,0,0,0,0,1,0,1,1,0,0,2,0
0,0,0,0,0,0,0,0,1,1,1,1,0,1,0,0,0,0,1,0,0,1,1,-1,0,0
0,0,1,1,0,0,0,0,1,1,1,0,0,0,0,1,0,0,1,0,1,1,1,-1,1,0
0,0,0,0,0,0,0,1,0,0,0,1,0,0,1,0,0,1,1,0,1,1,1,-1,2,0
0,1,1,1,0,0,0,0,1,1,1,0,0,1,0,0,0,0,1,0,0,1,1,-1,0,0
0,0,0,0,0,0,0,1,0,0,0,0,0,0,1,1,0,1,0,0,0,0,1,0,1,0
0,1,1,0,0,1,0,0,1,0,0,1,1,1,0,0,0,0,0,0,0,0,2,0,0,2
0,0,0,0,0,0,0,0,1,1,1,1,0,1,1,1,0,0,1,0,1,0,1,0,1,0
0,0,1,0,0,0,0,0,1,0,0,0,1,1,0,0,0,1,0,0,0,1,1,0,1,1
0,0,0,0,0,0,0,0,1,1,1,1,0,1,1,1,0,0,1,0,0,0,1,1,0,0
0,0,0,0,0,0,0,0,1,1,0,1,0,1,0,0,0,0,1,0,1,1,1,1,1,0
0,0,1,0,0,0,0,0,1,0,0,1,1,1,0,0,0,0,0,0,0,0,1,0,0,1
0,0,0,0,0,0,0,0,1,0,0,0,0,0,1,0,0,0,1,0,1,0,1,-1,1,0
0,0,0,0,0,0,0,0,1,0,1,0,0,0,0,0,0,0,1,0,0,1,1,-1,0,0
1,0,1,0,0,1,0,0,1,0,0,0,1,1,0,0,0,0,0,0,0,0,2,0,0,2
0,1,0,0,0,0,0,0,1,0,0,1,0,1,1,0,0,0,1,0,0,0,1,1,0,0
0,1,1,0,0,1,0,0,1,0,0,1,0,1,0,0,0,0,0,0,1,0,2,1,1,1
0,0,0,1,0,0,0,0,1,1,1,1,0,1,0,0,0,0,1,0,0,1,1,-1,0,0
0,0,0,0,0,0,0,1,0,0,0,0,0,1,0,0,0,1,1,0,1,1,1,-1,2,0
0,0,1,0,0,1,0,0,1,0,0,1,1,1,0,0,1,0,0,0,0,0,2,-1,0,2
0,0,1,1,1,0,0,0,0,1,1,0,0,1,1,0,0,0,1,0,0,1,0,-1,1,0
0,0,1,0,0,0,0,0,1,0,0,1,1,1,1,0,0,0,0,0,0,0,1,0,0,1
0,0,0,0,0,0,0,0,1,0,0,1,0,1,1,1,0,0,1,0,0,0,1,0,0,0
0,0,0,0,0,0,0,0,1,1,1,0,0,1,0,0,0,0,1,0,0,1,1,-1,0,0
0,0,1,0,0,1,0,0,0,0,0,0,0,0,1,0,0,0,0,0,0,0,1,-2,0,2
0,0,1,0,0,0,0,0,1,0,0,0,0,1,1,1,0,0,0,0,0,1,1,1,0,0
0,0,1,0,0,1,0,0,1,1,1,1,1,1,1,0,0,0,0,0,0,1,2,0,0,2
0,0,0,0,0,0,0,0,1,1,1,0,0,1,1,1,0,0,1,0,0,0,1,1,0,0
0,0,1,1,0,0,0,0,0,0,1,1,0,1,1,1,0,0,1,1,1,1,0,0,2,0
1,0,1,0,0,1,0,0,1,0,0,0,0,0,0,0,0,0,0,0,1,0,2,0,1,1
0,0,0,1,1,0,0,1,0,1,1,0,0,0,0,0,0,1,1,0,1,1,1,0,3,0
0,0,0,0,0,0,0,0,1,0,0,0,0,0,0,0,0,1,0,0,1,0,1,-1,2,0
0,0,0,0,0,1,0,1,0,0,0,1,0,1,1,0,0,0,0,0,1,1,2,1,1,2
0,0,0,0,0,0,1,0,1,0,0,0,1,1,1,0,0,0,0,0,0,1,2,1,0,1
0,0,1,0,0,0,0,0,1,0,0,1,0,1,0,0,0,0,1,0,0,1,1,-1,0,0
0,1,0,0,0,1,0,0,1,0,0,1,1,1,1,0,0,0,1,0,0,0,2,-1,0,2
0,1,0,0,0,1,0,0,1,0,0,1,1,1,1,1,0,0,0,0,0,0,2,0,0,2
0,0,0,0,0,0,0,1,0,1,1,0,0,0,0,0,0,0,1,0,1,1,1,-1,1,0
0,0,0,1,0,0,0,1,0,1,1,0,0,0,0,0,0,1,1,0,1,0,1,-1,2,0
0,1,1,0,0,1,0,0,1,0,0,0,0,1,0,0,0,0,0,0,0,1,2,0,0,1
0,0,1,0,0,0,0,0,1,0,0,1,0,1,1,0,0,0,1,0,0,0,1,1,0,0
0,1,0,0,0,0,0,0,1,0,0,1,0,0,0,0,0,0,1,0,1,1,1,0,1,1
0,1,1,0,0,0,0,0,1,1,1,1,0,1,0,0,0,0,1,0,0,0,1,-1,0,0
0,1,0,0,0,0,0,0,1,1,1,1,0,1,1,0,0,0,1,0,0,1,1,1,0,0
0,0,1,1,0,0,0,0,0,1,1,0,0,0,0,0,0,0,1,0,0,1,0,0,0,0
0,0,0,0,0,0,0,0,0,1,0,1,0,1,1,0,0,0,1,0,1,1,0,1,1,0
0,1,0,0,0,0,0,0,1,1,1,1,0,1,0,1,0,0,1,0,0,0,1,0,0,0
0,0,0,0,0,0,0,0,1,0,0,1,0,0,1,0,0,0,1,0,0,0,1,-2,0,0
1,0,0,0,0,0,0,0,1,0,0,0,0,0,0,0,0,1,0,0,1,1,1,-1,2,0
0,0,0,0,0,1,0,0,1,0,0,1,1,1,1,0,0,0,0,0,0,0,2,1,0,2
0,0,1,0,0,0,0,0,1,0,0,1,0,0,0,0,0,0,1,0,0,0,1,-1,0,0
0,0,0,0,0,1,0,0,0,0,0,0,0,0,0,0,0,0,0,0,0,0,1,-1,0,2
0,0,0,0,0,0,0,0,1,0,0,1,0,1,1,1,0,0,1,0,0,0,1,-1,0,0
0,0,1,0,0,0,0,0,1,1,1,1,0,1,1,0,0,0,1,0,1,1,1,1,1,0
1,1,0,0,0,0,0,0,1,0,0,0,0,0,0,0,0,0,0,0,1,1,1,0,1,0
0,0,0,0,0,0,0,0,1,1,1,1,0,1,1,0,0,0,1,0,0,1,1,1,0,0
0,0,1,1,0,0,0,1,0,0,0,1,0,1,0,0,0,1,1,0,1,1,1,1,2,0
0,0,0,0,0,1,0,0,1,0,0,0,0,0,1,0,0,0,0,0,0,0,2,-1,0,1
0,0,0,0,0,0,0,0,1,1,1,1,0,1,1,0,0,0,1,0,1,1,1,1,1,0
0,0,1,0,1,0,0,1,0,0,1,0,0,1,0,0,0,0,1,0,1,1,1,1,2,0
0,0,1,0,0,0,0,0,1,1,1,0,0,1,1,0,0,0,1,0,1,1,1,1,1,0
0,0,1,0,0,0,0,0,0,0,0,0,0,0,1,1,0,1,0,0,0,1,0,0,1,1
0,0,1,0,1,0,0,1,0,0,0,0,0,0,0,0,0,1,1,0,1,1,1,-2,3,0
0,0,1,0,0,0,0,0,1,0,1,1,0,1,1,0,0,0,1,1,0,1,1,-1,1,0
0,0,0,0,0,0,0,0,1,0,1,0,0,0,0,0,0,0,1,0,1,1,1,-1,1,0
0,0,1,0,0,0,0,0,1,1,1,0,0,0,1,0,0,0,1,0,0,0,1,-1,0,0
0,0,0,0,0,0,0,0,0,0,0,0,0,1,1,0,0,0,1,0,1,1,0,0,1,0
0,0,0,0,0,0,0,0,1,0,0,1,0,1,0,0,0,1,1,0,0,1,1,-1,1,0
1,0,1,0,0,0,0,0,1,0,0,0,0,0,0,0,0,0,0,0,0,1,1,0,0,0
0,1,1,0,0,1,0,0,1,0,0,1,0,1,1,0,0,0,0,0,0,1,2,0,0,1
0,0,0,0,0,0,0,0,1,0,1,1,0,1,1,0,0,0,1,0,0,0,1,0,0,0
0,1,1,0,0,1,0,0,1,0,0,1,1,1,1,1,0,0,0,0,0,0,2,0,0,3
0,0,1,0,0,0,0,0,1,1,1,0,0,0,1,0,0,0,1,0,0,1,1,-2,0,0
0,0,1,1,0,0,0,0,1,0,1,0,0,0,0,0,0,0,1,0,1,1,1,0,1,0
0,0,1,0,0,0,0,0,1,1,1,1,0,1,1,0,0,0,1,0,1,0,1,1,1,0
0,0,0,0,0,1,0,0,1,0,0,1,1,1,1,0,0,0,0,0,0,1,2,0,0,2
0,0,1,1,0,0,0,1,0,0,0,1,0,1,1,0,0,0,1,0,0,1,1,1,0,0
0,0,0,0,0,1,0,0,1,0,0,1,0,1,0,0,0,0,0,0,0,0,2,1,0,1
1,0,0,0,0,0,0,0,1,0,1,0,0,0,0,0,0,0,1,0,0,1,1,-2,0,0
0,1,0,0,0,0,0,0,1,1,1,0,0,0,0,0,0,0,1,0,0,1,1,-1,0,0
0,1,0,0,0,0,0,0,1,0,0,0,0,1,0,0,0,0,1,0,0,0,1,0,0,0
0,0,1,0,1,0,0,0,1,0,0,1,0,0,1,1,1,0,1,0,0,0,1,0,1,0
0,1,0,0,0,1,0,0,1,0,0,1,1,1,0,1,0,0,0,0,0,0,2,1,0,2
0,1,1,0,0,0,0,0,1,0,0,0,0,0,1,0,0,0,1,0,0,0,1,-1,0,0
0,0,1,0,0,0,0,0,1,0,0,1,0,1,1,1,0,0,1,0,0,1,1,-1,0,0
0,0,1,0,0,1,0,0,1,0,0,0,0,0,1,0,0,0,0,0,0,1,2,-1,0,2
0,1,1,0,0,1,0,0,1,0,0,0,1,1,0,0,1,0,0,0,0,0,2,0,0,2
0,1,0,0,0,1,0,0,1,0,0,1,0,1,0,0,0,0,1,0,0,1,2,0,0,1
0,0,0,1,0,0,0,0,0,0,0,0,0,0,0,0,0,0,1,0,0,0,0,-1,0,0
0,0,1,0,0,0,0,0,1,0,0,1,0,1,0,0,0,0,1,0,0,1,1,0,0,0
0,0,0,0,0,0,0,0,1,0,0,1,1,0,1,0,0,0,1,0,0,0,1,-2,0,1
0,0,0,0,0,0,0,1,0,1,1,0,0,1,1,0,0,0,1,0,0,1,1,1,0,0
0,1,0,0,0,1,0,0,1,0,0,0,0,1,0,0,0,0,0,0,0,0,2,1,0,1
0,0,1,0,0,0,0,0,1,1,1,0,0,1,1,0,0,0,1,0,0,0,1,0,0,0
0,0,1,0,0,0,0,0,0,0,0,1,0,1,0,0,0,0,0,0,0,0,0,0,0,0
0,0,1,0,0,0,0,0,1,1,1,1,0,1,1,0,0,0,1,0,0,1,1,0,0,0
0,0,0,0,0,0,0,0,1,0,0,1,0,1,1,1,0,0,1,0,0,0,1,0,0,0
0,0,0,1,0,0,0,0,0,0,0,1,0,0,0,0,0,0,0,0,1,1,0,-1,1,1
1,0,0,0,0,0,0,0,1,0,1,0,0,0,0,1,0,0,1,0,1,1,1,0,1,0
0,0,0,0,0,0,0,0,1,0,1,1,0,0,1,0,0,0,1,0,0,0,1,0,0,0
0,0,1,0,0,0,0,0,1,0,1,1,0,1,1,0,0,0,1,0,0,1,1,1,0,0
0,0,0,0,0,0,0,0,1,0,1,0,0,0,1,1,0,0,1,0,1,1,1,-1,1,0
0,1,1,0,0,0,0,0,1,0,0,1,0,1,0,0,0,0,1,0,0,1,1,0,0,0
0,0,1,0,0,0,0,0,1,0,0,0,0,1,1,1,0,0,1,0,0,0,1,0,0,0
0,0,0,0,0,0,0,1,0,0,0,0,0,0,0,0,0,1,0,0,1,1,1,0,2,0
0,0,0,0,0,0,0,0,1,1,1,0,0,1,1,0,0,0,1,0,0,0,1,-1,0,0
0,0,1,0,0,0,0,0,0,0,1,1,0,1,0,0,0,0,1,0,1,1,0,0,1,0
0,0,0,0,0,0,0,0,0,0,1,0,0,0,0,0,0,0,1,0,0,1,0,-2,0,0
0,0,1,0,0,0,0,1,0,0,0,1,0,1,1,0,0,0,1,0,0,1,1,1,0,0
0,0,1,0,0,0,0,0,1,0,0,1,1,1,0,0,0,0,0,0,0,0,1,1,0,1
0,0,0,0,0,0,0,1,0,1,1,1,0,0,1,0,0,1,1,0,1,1,1,0,2,0
0,0,1,0,0,0,1,0,1,0,0,0,0,1,1,0,0,0,1,0,0,1,2,-1,0,0
0,0,0,0,0,0,0,0,1,1,1,0,0,1,1,0,0,0,1,0,0,0,1,0,0,0
0,0,0,0,1,1,0,0,1,0,0,0,0,0,1,0,0,0,0,0,0,0,2,-2,1,1
0,1,0,0,0,1,0,0,1,0,0,0,1,1,1,0,0,0,0,0,0,0,2,1,0,2
0,0,1,0,1,0,0,0,1,0,1,0,0,1,1,0,0,0,1,0,0,1,1,1,1,0
0,0,0,0,0,0,0,0,1,0,0,0,0,1,1,0,0,0,0,0,0,0,1,0,0,0
0,1,0,0,0,1,0,0,1,0,0,1,0,1,1,1,0,0,0,0,0,0,2,0,0,2
0,0,1,0,0,1,0,0,0,0,0,1,0,1,1,0,0,0,0,0,0,0,1,0,0,1
0,1,1,0,0,1,0,0,1,0,0,0,0,1,1,1,0,0,0,0,0,0,2,-1,0,1
0,0,0,0,0,0,0,0,0,1,1,1,0,0,0,0,0,1,1,0,1,1,0,-1,2,0
0,0,1,0,0,0,0,1,0,1,1,0,0,0,0,0,0,1,1,0,1,1,1,-1,2,0
0,1,1,0,0,1,0,0,1,0,0,1,1,1,0,0,0,0,0,0,0,0,2,1,0,2
0,0,1,0,0,0,0,0,1,1,1,0,0,1,1,0,0,0,1,0,0,1,1,-1,0,0
0,1,1,0,0,0,0,0,1,0,1,0,0,1,1,0,0,0,1,0,0,0,1,0,0,0
1,0,0,0,0,0,0,0,1,0,0,1,0,0,0,0,0,0,1,0,1,1,1,-1,1,0
0,0,1,0,0,0,0,0,1,1,1,0,0,0,0,0,0,0,1,1,0,1,1,-2,1,0
1,0,0,0,0,0,0,0,1,0,0,0,0,1,0,0,0,0,0,0,0,0,1,0,0,0
0,0,1,0,0,0,0,0,0,0,0,0,0,0,1,0,0,0,1,0,0,0,0,-2,0,0
0,0,1,0,0,1,0,0,1,0,0,1,1,1,1,0,0,0,0,0,0,0,2,1,0,2
0,1,0,0,0,0,0,0,1,0,0,0,0,1,1,1,0,0,0,0,0,0,1,1,0,0
0,0,0,0,0,0,0,0,1,1,0,0,0,1,1,0,0,0,1,0,0,1,1,0,0,0
0,0,1,1,0,0,0,0,0,0,0,0,0,1,1,0,0,0,1,0,0,1,0,0,0,0
0,0,1,0,0,1,0,0,1,0,0,1,0,1,1,1,0,0,0,0,0,1,2,0,0,1
0,0,0,0,0,0,0,0,1,0,0,1,1,1,1,0,0,0,0,0,0,0,1,1,0,1
0,0,0,0,0,0,0,0,1,1,0,0,0,0,0,0,0,0,1,0,1,1,1,0,1,0
0,0,1,0,0,0,0,0,1,0,0,0,0,0,1,0,0,0,0,0,0,0,1,-1,0,1
1,0,0,0,0,1,0,0,1,0,0,0,0,0,0,0,0,0,1,0,0,0,2,-1,0,1
0,0,1,0,0,1,0,0,1,0,0,1,1,1,0,1,0,0,0,0,0,0,2,0,0,2
0,0,1,0,0,0,0,0,1,1,1,0,0,1,1,0,0,0,1,1,0,1,1,-1,1,1
0,1,1,0,0,1,0,0,1,0,0,1,0,0,0,0,1,0,0,0,1,0,2,-1,1,1
0,0,0,0,1,0,0,0,1,0,1,1,0,0,1,0,0,0,1,0,0,0,1,-2,1,1
1,0,0,0,0,1,0,0,1,0,0,0,0,0,0,0,0,0,0,0,0,0,2,-2,0,1
0,0,0,0,0,0,0,0,1,0,0,1,1,1,1,0,1,0,0,0,1,1,1,0,1,2
0,1,0,0,0,1,0,0,1,0,0,1,0,0,1,0,0,0,0,0,0,0,2,0,0,1
1,0,0,0,0,0,0,0,1,0,0,0,0,1,1,0,0,0,0,0,0,0,1,0,0,0
0,0,1,0,0,1,0,0,1,0,0,1,1,1,1,1,0,0,0,0,0,0,2,0,0,2
0,0,1,0,0,0,0,0,1,1,0,1,0,1,1,0,0,0,1,0,0,1,1,0,0,0
0,0,0,0,0,0,0,0,0,1,1,0,0,1,0,0,0,0,1,0,1,1,0,0,1,0
0,0,1,0,0,0,0,0,1,1,1,1,0,1,1,1,0,0,1,0,0,0,1,1,0,0
0,0,0,0,0,0,0,0,0,0,1,1,0,0,1,0,0,0,1,0,0,1,0,0,0,0
0,0,1,0,0,1,0,0,1,0,0,1,0,1,1,0,0,0,0,0,0,1,2,0,0,1
0,0,1,0,0,1,0,0,1,0,0,1,0,1,0,0,0,0,0,0,1,0,2,0,1,1
0,0,1,0,0,1,0,0,1,0,0,1,1,1,0,0,0,0,0,0,0,1,2,-1,0,2
0,1,1,0,0,1,0,0,1,0,0,1,1,1,1,0,0,0,0,0,0,0,2,1,0,3
0,1,1,0,0,1,0,0,1,0,0,1,1,1,0,0,0,0,0,0,0,0,2,-1,0,2
0,0,1,1,0,0,0,0,1,0,0,1,0,1,1,0,0,0,1,0,0,1,1,1,0,0
0,0,1,0,0,0,0,0,1,0,0,1,0,1,0,0,0,0,0,0,0,1,1,0,0,0
0,0,0,0,0,0,0,0,1,1,1,0,0,0,1,0,0,0,1,0,0,0,1,-1,0,0
0,1,1,0,0,1,0,0,1,0,0,1,1,1,0,1,0,0,0,0,0,0,2,1,0,2
0,1,1,0,0,0,0,0,1,0,0,1,0,1,1,0,0,0,1,0,1,1,1,1,1,0
0,0,1,0,0,0,0,0,1,1,1,1,0,1,1,1,0,0,1,0,0,1,1,0,0,1
0,0,0,0,1,0,0,0,0,0,1,1,0,0,0,0,0,1,1,0,1,1,0,0,3,0
1,0,0,0,1,0,0,0,1,0,0,0,0,0,0,0,0,0,1,0,0,0,1,-1,1,0
1,1,0,0,0,0,0,0,1,0,0,0,0,0,0,0,0,0,1,0,1,0,1,-1,1,0
0,0,0,0,0,0,0,0,0,0,1,1,1,1,1,0,0,0,1,0,0,0,0,0,0,1
0,0,1,0,0,0,0,0,1,0,0,1,0,1,1,0,0,0,1,0,0,1,1,0,0,0
0,0,0,0,0,0,0,0,0,1,0,1,0,1,1,0,0,0,1,0,1,1,0,1,1,0
0,1,1,0,0,0,0,0,0,1,1,0,0,0,1,1,0,1,1,0,0,0,0,-1,1,0
0,0,1,1,0,0,0,0,0,0,0,1,0,1,0,0,0,0,1,0,0,1,0,-1,0,0
0,1,0,0,1,0,0,0,1,0,0,1,0,0,1,0,0,0,1,0,1,0,1,-1,2,0
0,1,1,0,0,1,0,0,1,0,0,0,0,1,1,0,0,0,0,0,0,0,2,1,0,1
0,0,0,0,1,0,0,1,0,0,1,0,0,1,0,0,0,0,1,0,0,1,1,1,1,0
0,0,0,0,0,0,0,0,1,0,0,1,0,1,1,0,0,0,1,0,0,0,1,-1,0,0
0,1,0,0,0,0,0,0,1,0,0,1,0,1,1,1,0,0,1,0,0,1,1,1,0,0
0,0,0,0,0,0,0,0,1,0,1,0,0,0,1,0,0,0,1,0,0,1,1,-1,0,0
0,0,0,1,1,0,0,1,0,1,1,0,0,0,1,0,0,1,1,0,1,1,1,-1,3,0
0,0,1,0,0,0,0,0,0,0,0,1,0,1,0,0,0,0,1,0,0,1,0,0,0,0
0,0,1,0,0,0,0,0,1,0,0,0,0,0,1,0,0,0,1,0,0,1,1,-1,0,1
0,0,0,0,0,1,0,0,1,0,0,0,0,0,0,0,0,0,0,0,1,0,2,0,1,1
1,0,0,1,0,0,0,0,0,0,0,0,0,0,0,0,0,1,0,0,0,1,0,-1,1,0
0,0,1,0,0,0,0,0,0,1,0,0,0,1,0,0,0,0,1,0,1,1,0,0,1,0
0,1,0,0,0,1,0,0,1,0,0,1,0,1,1,0,0,0,1,0,0,1,2,1,0,1
1,0,1,0,0,0,0,0,0,0,0,0,0,0,0,0,0,0,0,0,0,0,0,-1,0,0
0,1,0,0,0,0,0,0,0,0,1,0,0,0,1,1,0,0,1,0,0,0,0,-1,0,1
0,0,1,0,0,0,0,0,0,1,1,1,0,1,1,0,0,0,1,0,0,1,0,-1,0,0
0,0,0,1,1,0,0,0,1,0,1,1,0,1,0,0,0,0,1,0,0,1,1,-1,1,0
1,0,0,0,0,1,0,0,1,0,0,1,0,1,0,0,0,0,0,0,1,0,2,1,1,1
0,0,0,0,0,0,0,0,0,1,1,0,0,0,0,0,0,0,1,0,1,1,0,-1,1,0
0,0,0,1,1,0,0,1,0,0,0,0,0,0,0,0,0,1,1,0,1,1,1,-1,3,0
0,0,0,0,0,0,0,0,1,1,1,1,0,1,1,0,0,0,1,0,1,1,1,0,1,0
0,0,0,0,0,0,0,0,1,0,0,1,1,1,1,0,0,0,0,0,0,0,1,1,0,1
0,1,0,0,0,0,0,0,1,1,0,1,0,1,1,0,0,0,1,0,0,0,1,1,0,0
1,0,1,0,0,0,0,0,1,0,0,0,0,1,0,0,0,0,1,0,1,0,1,0,1,0
0,0,0,0,0,0,0,0,0,1,1,0,0,0,0,0,0,1,1,0,1,0,0,-1,2,0
0,1,0,0,0,1,0,0,1,0,0,1,1,1,1,1,0,0,0,0,0,0,2,1,0,2
0,0,1,0,0,0,0,0,0,0,0,1,0,1,0,0,0,0,0,0,1,0,0,1,1,0
1,0,0,0,0,0,0,0,1,1,1,0,0,1,0,0,0,0,1,0,1,0,1,1,1,0
0,1,0,0,0,0,0,0,0,0,0,1,0,1,1,1,0,0,1,0,1,0,0,1,1,0
0,0,1,0,0,0,0,1,0,0,0,0,0,0,0,0,0,1,0,0,1,1,1,0,2,1
0,0,0,0,0,0,0,0,1,1,1,1,0,0,0,0,0,0,1,0,1,0,1,-1,1,0
0,0,1,0,0,1,0,0,1,0,0,1,0,1,1,0,0,0,0,0,0,1,2,1,0,1
0,1,0,0,0,0,0,0,1,1,0,1,0,1,0,0,0,0,1,0,1,1,1,1,1,0
0,0,1,0,1,0,0,0,1,0,0,1,0,1,1,0,0,0,1,0,0,0,1,0,1,0
0,0,0,0,0,0,0,1,0,1,1,0,0,0,0,0,0,1,1,0,1,1,1,-1,2,0
0,0,1,0,0,0,0,0,1,1,1,1,0,1,1,0,0,0,1,0,0,1,1,0,0,0
0,0,1,0,0,0,0,1,0,0,0,1,0,1,1,0,0,1,1,1,0,1,1,1,2,0
0,1,1,0,0,0,0,0,1,1,1,1,0,0,1,0,0,0,1,0,0,1,1,-2,0,0
0,0,1,1,0,0,0,0,0,0,0,1,0,1,1,0,0,0,1,0,0,1,0,1,0,0
0,1,1,0,0,1,0,0,1,0,0,1,1,1,1,1,1,0,0,0,0,0,2,1,0,2
0,0,0,1,1,0,0,1,0,1,1,0,0,0,1,0,0,0,1,0,0,1,1,-1,1,0
0,0,0,0,1,0,0,0,1,1,0,1,0,1,1,0,0,0,1,0,0,1,1,0,1,0
0,1,1,0,0,0,0,0,1,1,1,1,0,1,0,0,0,0,1,0,1,0,1,1,1,0
0,0,1,0,0,0,0,0,0,1,1,0,0,1,1,0,0,0,1,0,1,1,0,0,1,0
0,0,0,1,0,0,0,0,0,0,1,1,0,1,1,0,0,0,1,0,0,1,0,0,0,0
0,0,0,1,0,0,0,0,1,1,1,1,0,1,1,0,0,0,1,0,0,1,1,-1,0,0
0,0,1,0,0,0,0,0,1,1,1,1,0,1,1,0,0,0,1,0,0,1,1,1,0,0
0,0,0,0,0,0,0,0,0,0,0,0,0,0,0,0,0,1,1,0,0,0,0,0,1,0
0,0,0,1,1,0,0,0,0,1,1,0,0,0,0,0,0,1,1,0,1,1,0,0,3,0
0,1,0,0,0,1,0,0,1,0,0,0,0,1,1,1,0,0,0,0,0,0,2,0,0,1
0,0,0,0,0,0,0,0,1,1,1,1,0,1,1,0,0,0,1,0,0,1,1,0,0,0
0,0,1,0,0,0,0,0,1,0,1,1,0,1,1,0,0,0,1,0,0,1,1,0,0,0
0,0,0,0,0,1,0,0,1,0,0,0,0,1,0,0,0,0,0,0,0,0,2,1,0,1
0,0,1,1,0,0,0,1,0,1,1,1,0,1,0,0,0,1,1,0,1,1,1,1,2,0
0,0,1,0,0,0,0,0,0,1,1,0,0,0,1,0,0,0,1,0,1,1,0,0,1,0
0,0,1,0,0,0,0,0,1,0,0,1,0,1,1,0,0,0,0,0,1,0,1,1,1,0
0,0,1,0,0,0,0,1,0,0,0,1,0,0,1,0,0,1,1,0,0,1,1,-1,1,0
0,0,0,0,0,0,0,1,0,0,1,0,0,0,0,0,0,1,1,0,1,1,1,0,2,0
0,0,1,0,0,0,0,0,0,0,0,0,1,1,0,0,0,0,0,0,1,0,0,1,1,1
1,1,1,0,0,0,0,0,1,0,1,1,0,1,0,0,0,0,1,0,1,0,1,1,1,0
0,0,0,0,0,0,0,0,1,1,1,0,0,0,0,1,0,0,1,0,0,0,1,-2,0,0
0,1,1,0,0,0,0,0,1,0,0,1,0,1,1,0,0,0,1,0,0,0,1,1,0,0
0,0,1,0,0,0,0,0,1,0,0,1,0,1,0,0,0,0,1,0,1,0,1,0,1,0
0,0,1,0,0,0,0,0,1,0,0,1,1,1,1,0,0,0,1,0,0,0,1,0,0,1
0,0,1,0,0,0,0,0,1,1,1,1,0,1,1,1,0,0,1,0,0,0,1,-1,0,0
0,1,1,0,0,0,0,0,1,0,0,1,1,1,0,1,1,0,0,0,0,0,1,-1,0,1
0,0,1,0,0,1,0,0,1,0,0,1,0,1,1,0,0,0,0,0,0,1,2,1,0,1
1,0,1,0,0,0,0,0,1,0,1,0,0,0,0,0,0,0,1,0,1,0,1,0,1,0
0,0,0,0,0,1,0,0,1,0,0,1,0,0,0,0,0,0,0,0,0,0,2,0,0,1
0,0,1,1,0,0,0,1,0,0,1,0,0,0,0,0,0,1,1,0,1,1,1,0,2,0
0,1,1,0,0,0,0,0,1,0,0,1,0,1,1,1,0,0,1,0,0,1,1,1,0,0
0,1,1,0,0,1,0,0,1,0,0,1,1,1,1,1,1,0,0,0,0,0,2,1,0,2
0,0,1,0,0,1,0,0,1,0,0,1,0,1,0,0,0,0,0,0,0,0,2,-1,0,1
0,0,0,0,0,0,0,0,0,0,0,1,0,1,0,0,0,0,1,0,0,0,0,1,0,0
0,0,1,0,0,0,0,1,0,1,1,0,0,0,0,0,0,0,1,0,1,1,1,-1,1,0
0,0,1,0,0,1,0,1,0,0,0,0,0,0,0,0,0,1,0,0,1,1,2,0,2,1
0,0,0,0,1,0,0,0,1,1,1,0,0,1,1,1,0,0,1,0,0,1,1,-1,1,0
0,0,0,0,0,0,0,1,0,1,1,1,0,1,0,0,0,1,1,0,1,1,1,1,2,0
0,0,1,0,0,0,0,0,1,0,0,1,0,1,1,0,0,0,1,0,0,0,1,-1,0,0
0,0,1,0,1,0,0,0,1,0,0,1,0,1,0,0,0,0,1,0,1,1,1,1,2,0
0,0,1,0,0,1,0,0,1,0,0,1,1,1,1,1,1,0,0,0,0,0,2,0,0,3
0,0,0,0,0,0,0,1,0,0,0,1,0,1,0,0,0,1,1,0,1,1,1,1,2,0
0,0,0,0,0,1,0,0,1,1,1,0,0,0,1,0,0,0,1,0,1,1,2,-1,1,1
0,1,0,0,0,0,0,0,1,0,0,0,0,1,1,1,0,0,1,0,0,0,1,-1,0,0
0,0,0,0,0,0,0,0,0,0,0,1,0,1,0,1,0,0,0,0,0,0,0,1,0,0
0,1,0,0,0,1,0,0,1,0,0,1,0,1,1,1,0,0,1,0,0,0,2,1,0,1
0,0,1,0,0,1,0,0,1,0,0,1,1,1,0,0,0,0,0,0,0,0,2,1,0,3
0,0,1,0,0,0,0,0,0,0,1,0,0,1,0,0,0,0,1,0,0,1,0,1,0,0
1,1,0,0,0,0,0,0,1,1,1,1,0,0,0,0,0,0,1,0,1,0,1,0,1,0
0,0,0,0,0,0,0,0,0,1,1,1,0,0,0,0,0,1,1,0,1,1,0,0,2,0
0,0,0,0,0,0,0,1,0,0,0,0,0,1,1,0,0,0,1,0,0,1,1,1,0,0
1,0,1,0,0,0,0,0,1,0,0,0,0,0,0,0,0,1,0,0,0,1,1,-1,1,0
0,1,0,0,0,0,0,0,1,0,0,1,0,1,0,0,0,0,1,0,0,1,1,1,0,0
0,0,1,0,0,0,0,0,1,0,0,1,0,1,1,1,0,0,1,0,0,0,1,0,0,0
0,0,1,0,0,0,0,1,0,0,0,1,0,1,1,0,0,1,1,0,0,1,1,1,1,0
0,0,0,0,0,0,0,0,0,1,1,0,0,0,0,0,0,0,1,0,0,0,0,-1,0,0
0,0,1,0,0,0,0,0,1,0,1,1,0,0,0,0,0,0,1,0,0,1,1,-1,0,0
0,1,1,0,1,0,0,0,1,1,1,1,0,1,1,0,0,0,1,0,0,0,1,0,1,0
0,0,1,0,0,0,0,0,1,0,0,1,0,1,0,0,0,1,0,0,1,1,1,1,2,0
0,1,1,0,0,0,1,0,1,1,1,1,0,1,1,0,0,0,1,0,0,1,2,0,0,0
0,0,0,0,0,0,0,0,1,0,1,1,0,1,1,0,0,0,1,0,0,1,1,0,0,0
0,0,0,0,0,1,0,0,1,0,0,1,0,1,0,0,0,0,0,0,1,1,2,1,1,1
0,1,0,0,1,0,0,0,1,0,0,0,0,1,0,0,0,0,1,0,0,0,1,0,1,0
0,0,1,0,0,0,0,0,1,1,1,1,0,1,0,0,0,0,1,0,0,1,1,-1,0,0
0,0,1,0,0,1,0,0,1,0,0,1,0,1,1,1,0,0,0,0,0,1,2,-1,0,1
0,1,0,0,0,1,0,0,1,0,0,1,1,1,0,1,0,0,0,0,0,0,2,0,0,2
0,1,0,0,0,0,0,0,1,1,1,1,0,0,0,1,0,0,1,0,0,0,1,-2,0,0
0,0,0,0,0,0,0,0,1,0,1,1,0,0,1,0,0,0,1,0,1,1,1,0,1,0
0,0,1,0,0,1,0,0,1,0,0,1,1,1,0,1,1,0,0,0,0,0,2,0,0,2
0,0,1,0,0,0,0,0,1,1,1,0,0,1,1,0,0,0,1,0,0,0,1,-1,0,0
0,0,0,0,0,0,0,1,0,0,0,0,0,0,0,0,0,1,1,0,1,1,1,-1,2,0
0,0,0,0,0,0,0,0,1,0,0,0,0,0,0,0,0,0,0,0,0,0,1,-2,0,0
0,1,0,0,0,1,0,0,1,0,0,1,1,1,0,0,0,0,0,0,0,0,2,1,0,2
1,0,0,0,0,1,0,0,1,0,0,1,1,1,1,0,0,0,0,0,0,0,2,1,0,2
0,0,0,0,1,0,0,0,1,1,1,0,0,0,1,0,0,0,1,0,1,1,1,0,2,0
0,1,0,0,0,1,0,0,1,0,0,1,0,1,0,0,0,0,0,0,1,1,2,1,1,1
0,1,1,0,0,0,0,0,1,0,0,1,0,1,1,0,0,0,1,0,0,0,1,-1,0,0
0,0,0,0,0,0,0,0,0,1,1,1,0,1,1,0,0,0,1,0,0,1,0,0,0,0
0,0,1,0,0,0,0,0,1,0,1,1,0,1,1,0,0,0,1,0,0,0,1,0,0,0
0,1,0,0,0,0,0,0,1,0,0,0,0,1,1,0,0,0,1,0,0,0,1,0,0,0
0,0,0,0,0,0,0,0,0,0,0,1,0,0,0,0,0,0,1,0,1,0,0,0,1,0
0,0,1,0,0,0,0,0,0,0,1,0,0,0,0,0,0,0,1,0,0,1,0,0,0,0
0,1,1,0,0,1,0,0,1,0,0,1,0,1,1,0,0,0,0,0,0,1,2,-1,0,1
0,0,0,0,1,0,0,0,1,0,0,0,0,0,1,0,0,0,1,0,1,1,1,0,2,0
0,0,0,0,0,1,0,0,1,1,1,1,0,1,0,0,0,0,1,0,0,1,2,0,0,1
0,0,1,1,0,0,0,1,0,0,1,0,0,0,0,0,0,1,1,0,1,1,1,-1,2,0
0,0,0,0,0,0,0,0,1,0,1,0,0,0,1,0,0,0,1,0,0,1,1,-1,0,0
0,1,1,1,0,1,0,0,1,0,0,0,0,1,0,0,1,0,0,0,0,0,2,1,0,1
0,0,0,0,0,0,0,0,1,0,0,1,0,0,1,0,0,0,1,0,0,1,1,0,0,1
1,0,0,0,0,0,0,0,0,0,0,0,0,0,0,0,0,0,0,0,0,0,0,0,0,0
0,0,0,0,0,1,0,0,1,0,0,0,0,1,1,0,0,0,0,0,0,0,2,1,0,1
1,0,1,0,0,0,0,0,1,0,0,0,1,0,0,0,0,0,0,0,0,0,1,0,0,1
0,0,1,0,1,0,0,0,1,0,0,0,0,0,0,0,0,0,0,0,1,1,1,0,2,0
0,1,0,0,0,1,0,0,1,0,0,1,1,1,1,1,1,0,0,0,0,0,2,0,0,2
0,1,1,0,0,0,0,0,1,1,1,1,0,1,1,1,0,0,1,0,0,0,1,1,0,0
1,1,0,0,0,0,0,0,0,1,1,0,0,0,1,0,0,0,1,0,1,0,0,0,1,0
0,0,1,0,0,0,0,0,1,1,1,0,0,1,0,0,0,0,1,0,0,1,1,0,0,0
0,1,0,0,0,1,0,0,1,0,0,1,0,1,1,1,0,0,1,0,0,0,2,0,0,1
0,0,0,0,0,0,0,0,1,1,1,1,0,1,0,0,0,0,1,0,0,0,1,0,0,0
0,0,0,0,0,0,0,0,1,0,1,1,0,1,0,0,0,0,1,0,0,0,1,1,0,0
0,0,0,0,0,0,0,0,1,1,1,0,0,1,0,0,0,0,1,0,1,0,1,1,1,0
0,0,0,0,0,0,0,0,0,1,1,0,0,0,0,0,0,0,1,0,1,1,0,0,1,0
0,0,1,0,0,1,0,0,1,0,0,1,1,1,0,1,0,0,0,0,0,0,2,0,0,2
0,0,1,0,0,0,0,0,1,0,1,0,0,0,0,0,0,0,1,0,0,1,1,-1,0,0
0,0,1,1,0,0,0,0,0,0,1,1,0,1,0,0,0,0,1,0,0,1,0,1,0,0
0,0,0,0,0,0,0,0,0,0,0,0,0,0,0,0,0,0,1,0,0,0,0,-2,0,0
0,1,1,0,0,0,0,0,1,0,0,1,1,1,1,0,0,0,1,0,0,0,1,0,0,1
0,1,0,0,0,1,0,0,1,0,0,1,0,1,0,1,0,0,0,0,0,0,2,1,0,1
0,0,1,0,0,1,0,0,1,0,0,1,1,1,1,0,0,0,0,0,0,0,2,0,0,2
0,0,1,0,0,0,0,0,0,0,0,1,0,0,0,0,0,0,1,0,1,1,0,0,1,0
0,0,0,0,0,0,0,0,0,0,0,1,0,1,0,0,0,0,0,0,1,0,0,1,1,0
0,1,1,0,0,1,0,0,1,0,0,1,1,1,0,0,0,1,0,0,0,0,2,-1,1,2
0,1,1,0,0,0,0,0,1,1,1,0,0,0,0,0,0,0,1,0,1,0,1,0,1,0
1,0,0,0,1,0,0,0,1,0,1,1,0,0,0,0,0,0,1,0,0,0,1,-1,1,0
0,1,0,0,0,0,0,0,1,0,0,1,0,1,0,0,0,0,1,0,0,1,1,0,0,0
0,1,0,0,0,0,0,0,1,0,0,1,1,1,0,1,0,0,1,0,0,0,1,0,0,1
0,0,0,0,0,0,0,0,1,0,0,1,0,1,0,1,0,0,1,0,0,1,1,-1,0,0
0,0,1,1,1,0,0,1,0,1,1,0,0,0,0,0,0,1,1,0,1,1,1,0,3,0
0,1,1,0,0,0,0,1,0,1,1,0,0,0,0,0,0,1,1,0,1,1,1,0,2,0
0,0,1,0,1,0,0,0,1,1,1,0,0,0,0,0,0,0,1,0,1,1,1,-1,2,1
0,0,1,0,0,0,0,0,1,1,0,0,0,0,0,0,0,0,1,0,0,0,1,-1,0,0
0,1,1,0,0,0,0,0,1,0,0,1,0,1,1,0,0,0,0,0,0,1,1,0,0,0
0,0,1,1,1,0,0,0,0,0,0,0,0,1,0,0,0,0,1,0,0,1,0,0,1,0
0,0,1,0,0,0,0,0,1,0,0,1,1,1,0,0,0,0,0,0,0,0,1,1,0,1
0,0,1,0,0,0,0,0,1,1,1,1,0,1,1,0,0,0,1,0,0,1,1,1,0,0
0,1,0,1,0,0,0,0,1,1,1,1,0,1,1,0,0,0,1,0,0,0,1,1,0,0
0,0,0,0,0,0,0,0,0,0,0,0,0,0,0,0,0,0,1,0,1,1,0,-1,1,0
0,0,0,0,1,0,0,0,0,1,1,0,0,0,1,0,0,0,1,0,1,1,0,0,2,0
0,1,1,0,0,1,0,0,1,0,0,1,0,1,1,0,0,0,0,0,0,0,2,1,0,1
0,0,0,0,0,1,0,0,1,0,0,0,1,1,0,0,1,0,0,0,0,0,2,1,0,2
1,0,0,0,0,0,0,0,1,0,0,0,0,0,0,0,0,1,1,0,1,1,1,0,2,0
0,0,1,0,0,0,0,0,1,0,0,1,0,1,1,1,0,0,0,0,0,0,1,1,0,0
1,0,0,0,0,0,0,0,0,0,1,0,0,0,0,0,0,0,1,0,1,1,0,0,1,0
0,0,1,0,0,0,0,0,0,0,0,1,0,1,1,0,0,0,0,0,0,0,0,1,0,0
0,0,0,1,0,0,0,0,0,0,0,1,0,1,1,0,0,0,1,1,0,1,0,-1,1,0
0,0,1,0,0,0,0,0,1,1,1,1,0,1,1,0,0,0,1,0,0,0,1,0,0,0
0,0,0,0,0,0,0,0,0,1,1,1,0,0,0,0,0,0,1,0,1,1,0,0,1,0
0,1,1,0,0,0,0,0,1,0,0,1,0,1,1,0,0,0,1,0,0,1,1,-1,0,0
0,1,1,0,0,1,0,0,1,0,0,1,1,1,1,0,1,0,0,0,0,0,2,1,0,2
0,0,0,0,0,0,0,0,1,1,1,0,0,1,1,0,0,0,1,0,1,1,1,0,1,0
0,1,1,0,0,0,0,0,1,0,0,1,0,0,0,0,0,1,0,0,1,1,1,0,2,0
0,0,0,0,0,0,0,0,1,1,1,1,0,0,1,0,0,0,1,0,1,0,1,-1,1,0
0,1,0,0,0,0,0,0,1,0,0,1,0,1,0,1,0,0,1,0,0,1,1,0,0,0
0,0,0,0,0,0,0,0,1,0,0,0,0,0,0,0,0,0,1,0,0,0,1,-2,0,0
0,0,1,0,0,0,0,0,1,1,1,1,0,1,0,0,0,0,1,0,1,0,1,0,1,0
0,0,1,0,0,0,0,0,1,1,1,1,0,1,1,0,0,0,1,0,0,1,1,0,0,0
0,1,1,0,0,0,0,0,1,1,1,1,0,1,1,0,0,0,1,0,0,0,1,1,0,0
0,0,1,0,0,1,0,0,1,0,0,1,1,1,1,0,0,0,0,0,0,0,2,0,0,2
0,1,0,0,0,1,0,1,0,0,0,0,0,0,0,0,0,1,0,0,1,1,2,-1,2,2
0,0,0,1,0,1,0,1,0,0,0,1,0,0,0,0,0,1,0,0,1,1,2,0,2,1
0,1,1,0,0,0,0,1,0,1,1,1,1,1,0,1,0,1,1,0,1,1,1,1,2,1
0,1,0,0,0,1,0,0,1,0,0,0,0,1,1,0,0,0,0,0,0,0,2,1,0,1
0,1,1,1,0,0,0,0,0,0,0,1,0,1,0,0,0,0,1,0,0,1,0,0,0,0
0,0,1,1,1,0,0,1,0,1,1,0,0,1,0,0,0,1,1,0,1,1,1,0,3,0
0,0,0,0,0,1,0,0,1,1,1,0,0,0,0,0,0,0,1,0,1,1,2,0,1,1
0,0,1,0,0,0,0,0,0,0,0,0,0,1,0,0,0,0,0,0,1,0,0,1,1,0
0,0,0,1,0,0,0,0,1,1,1,1,0,1,1,0,0,0,1,0,0,1,1,-1,0,0
0,1,0,0,0,1,0,0,1,0,0,0,0,0,1,0,0,0,1,0,0,0,2,-2,0,1
0,1,0,0,0,1,0,0,1,0,0,1,1,1,1,1,1,0,0,0,0,0,2,0,0,2
0,0,1,1,0,0,0,1,0,1,1,0,0,0,0,0,0,1,1,0,1,1,1,0,2,0
0,1,0,0,0,0,0,0,1,0,0,1,1,1,1,0,1,0,0,0,0,0,1,1,0,1
0,0,1,0,0,0,0,0,0,0,0,1,0,1,1,0,0,0,1,0,1,0,0,0,1,0
0,0,1,0,0,0,0,0,1,1,1,1,0,1,1,0,0,0,1,0,0,1,1,1,0,0
0,0,0,0,0,0,0,0,0,0,0,0,0,0,0,1,0,0,1,1,0,1,0,0,1,0
0,0,1,0,0,0,0,0,0,1,1,0,0,0,0,0,0,1,1,0,1,1,0,0,2,0
0,0,0,0,0,0,0,0,1,1,0,0,0,0,1,0,0,0,1,0,0,0,1,-1,0,0
0,1,1,0,0,0,0,0,1,0,1,1,0,1,1,0,0,0,1,0,0,1,1,0,0,0
0,1,1,0,0,1,0,0,1,0,0,0,1,1,0,0,1,0,0,0,0,0,2,1,0,2
0,0,0,0,0,0,0,0,1,0,0,0,0,1,0,0,0,0,0,0,0,0,1,1,0,0
0,0,0,0,0,0,0,0,1,0,0,1,0,1,0,0,0,0,1,0,1,1,1,1,1,0
0,1,0,0,0,1,0,0,1,0,0,1,0,1,0,0,1,0,1,0,0,0,2,1,0,1
0,0,0,0,0,0,0,0,1,0,0,1,0,1,1,1,0,0,0,0,0,0,1,0,0,0
0,0,1,0,0,0,0,0,1,0,0,1,0,1,1,0,0,0,1,0,0,1,1,0,0,0
0,0,1,1,0,0,0,0,1,0,0,0,0,0,0,0,0,0,1,0,1,1,1,0,1,0
0,0,0,0,0,0,0,1,0,1,1,0,0,1,1,0,0,0,1,0,0,1,1,1,0,0
0,0,1,0,0,0,0,0,1,0,0,0,0,0,1,1,0,1,1,0,0,0,1,-1,1,0
0,0,0,0,0,0,0,0,0,1,1,0,0,0,1,0,0,0,1,0,1,0,0,-1,1,0
0,0,0,0,0,0,0,1,0,0,0,1,0,0,0,0,0,1,1,0,1,1,1,0,2,0
1,0,0,0,0,0,0,0,0,0,1,1,0,0,0,0,0,0,1,0,0,0,0,0,0,0
0,1,1,0,0,0,0,0,1,1,1,1,0,1,0,0,0,0,1,0,1,0,1,0,1,0
0,0,0,0,0,0,0,0,0,0,0,1,0,1,0,0,0,0,1,0,0,0,0,-1,0,0
1,0,0,0,0,0,0,0,1,1,1,0,0,1,0,0,0,0,1,0,0,1,1,0,0,0
0,1,0,0,0,0,0,0,0,1,1,0,0,0,1,1,0,1,1,0,0,0,0,-1,1,0
0,1,0,0,0,0,0,0,1,1,0,1,0,1,1,0,0,0,1,0,0,0,1,1,0,0
0,0,0,0,0,0,0,0,0,0,0,1,0,1,1,0,0,0,1,0,1,1,0,1,1,0
0,0,0,1,0,0,0,0,0,0,0,0,0,1,1,0,0,0,1,0,0,0,0,0,0,0
0,0,1,0,0,0,0,0,1,0,0,1,0,1,1,0,0,0,1,1,0,1,1,0,1,0
0,0,1,0,0,0,0,0,1,0,0,1,1,1,1,0,0,0,1,0,0,0,1,0,0,2
0,0,1,0,0,0,0,0,0,1,1,1,0,1,1,0,0,0,1,0,0,1,0,-1,0,0
1,0,0,0,0,0,0,0,1,0,0,0,0,0,0,0,0,0,1,0,1,0,1,0,1,0
0,0,1,1,1,0,0,1,0,0,1,1,0,1,0,0,0,1,1,0,1,1,1,1,3,0
0,0,1,0,0,0,0,0,1,0,0,1,0,0,1,1,0,0,1,0,0,0,1,0,0,0
1,0,0,1,0,0,0,0,1,0,0,0,0,1,0,0,0,0,0,0,0,0,1,1,0,0
0,1,1,0,0,0,0,0,0,0,0,1,0,1,1,0,0,0,1,0,0,0,0,1,0,0
0,1,0,0,0,0,0,0,1,0,1,1,0,0,1,1,0,0,1,0,0,0,1,0,0,0
0,0,0,0,0,1,1,0,0,0,0,1,0,1,0,0,0,0,0,0,0,0,2,1,0,1
1,0,1,0,0,0,0,0,1,0,0,0,1,1,0,0,0,0,0,0,0,0,1,0,0,1
0,1,0,0,0,0,0,0,1,1,1,0,0,0,0,0,0,0,1,0,0,0,1,-1,0,0
0,1,1,0,0,0,0,0,1,1,1,1,0,1,1,0,0,0,1,0,0,0,1,0,0,0
0,1,1,0,0,0,0,0,1,0,0,1,0,1,1,0,0,0,1,0,0,0,1,0,0,0
0,0,1,0,0,0,0,0,1,0,0,0,0,0,1,0,0,0,0,0,0,0,1,-1,0,0
0,0,1,0,0,0,0,0,1,1,1,0,0,0,1,0,0,0,1,0,1,0,1,0,1,0
0,0,1,0,0,0,0,0,1,0,0,0,0,1,0,1,0,0,0,0,0,0,1,0,0,0
0,0,0,0,0,0,0,0,1,1,1,1,0,0,1,0,0,0,1,0,0,1,1,-1,0,0
0,0,0,1,0,0,0,0,0,1,1,0,0,1,1,0,0,0,1,0,0,1,0,0,0,0
1,1,0,0,0,0,0,0,0,0,0,0,0,0,0,0,0,0,1,0,0,0,0,0,0,0
0,0,0,0,0,0,0,0,0,1,1,1,0,0,0,0,0,1,1,0,1,1,0,0,2,0
0,0,0,0,0,0,0,1,0,0,1,1,0,1,0,0,0,0,1,0,0,1,1,1,0,0
0,0,0,0,0,0,0,0,1,1,1,0,0,1,0,0,0,0,1,0,1,1,1,0,1,0
0,1,1,1,0,0,0,0,0,0,0,1,0,1,1,0,0,0,1,0,0,1,0,-1,0,0
0,0,0,0,0,0,1,0,1,1,1,1,0,1,1,0,0,0,1,0,0,0,2,0,0,0
0,0,1,0,0,1,0,0,1,0,0,1,1,1,0,1,0,0,0,0,0,0,2,0,0,2
0,0,1,0,0,1,0,1,0,0,0,0,0,1,0,0,0,1,0,0,1,1,2,1,2,1
0,0,1,0,0,0,0,0,0,0,0,1,0,1,0,0,0,0,1,0,1,0,0,1,1,0
0,1,1,0,0,0,0,0,1,0,0,1,1,1,1,1,0,0,0,0,0,0,1,1,0,1
0,1,1,0,0,0,0,0,1,0,0,1,0,1,1,1,0,0,1,0,0,1,1,-1,0,0
0,0,0,0,0,1,0,0,1,0,0,1,1,1,0,0,0,0,0,0,0,0,2,0,0,2
0,0,0,0,1,0,0,0,1,0,1,0,0,0,1,0,0,0,1,0,1,1,1,-1,2,0
0,0,0,0,0,0,0,1,0,0,0,0,0,0,1,1,0,0,1,0,0,1,1,-1,0,0
0,0,1,0,0,0,0,0,0,1,1,0,0,1,1,0,0,0,1,0,0,0,0,-1,0,0
0,0,0,0,0,1,0,0,1,0,0,1,1,1,1,0,0,0,0,0,0,0,2,0,0,2
0,0,0,0,0,0,0,1,0,0,1,0,0,0,1,0,0,1,1,0,0,1,1,-1,1,0
1,1,0,0,1,0,0,0,1,0,0,1,0,1,0,0,0,0,1,0,1,0,1,1,2,0
0,1,1,0,0,1,0,0,1,0,0,1,1,1,1,0,1,0,0,0,0,0,2,0,0,2
0,1,0,0,0,0,0,0,1,0,0,0,0,0,1,1,0,0,0,0,0,0,1,-1,0,1
0,0,0,0,1,0,0,0,0,1,1,0,0,0,0,0,0,1,1,0,1,1,0,0,3,0
0,0,1,0,0,0,0,0,1,0,0,0,0,0,0,0,0,0,0,0,1,0,1,-1,1,0
0,1,0,0,0,0,0,0,1,1,1,0,0,0,1,0,0,0,1,0,1,1,1,-1,1,0
0,0,0,0,0,0,0,0,0,0,0,1,0,0,1,0,0,0,1,0,0,0,0,-2,0,0
0,0,1,0,0,0,1,0,1,1,0,0,0,1,1,0,0,0,1,0,0,1,2,0,0,0
0,0,1,0,1,0,0,0,1,1,1,1,0,1,0,0,0,0,1,0,1,1,1,-1,2,0
0,0,0,0,1,0,0,0,1,0,0,1,0,1,1,0,0,0,1,0,0,0,1,0,1,0
0,0,1,0,0,0,0,0,1,0,0,1,1,1,0,1,1,0,0,0,0,0,1,1,0,1
0,0,0,0,0,0,0,0,1,1,1,1,0,1,0,0,0,0,1,0,0,1,1,0,0,0
0,0,1,0,1,0,0,0,1,0,1,1,0,1,0,0,0,0,1,0,0,1,1,0,1,0
0,0,1,0,0,0,0,0,0,0,0,0,0,1,0,0,0,0,1,0,1,1,0,1,1,0
0,0,1,1,1,0,0,1,0,0,0,1,0,0,0,0,0,1,1,1,0,1,1,-1,3,0
0,0,1,0,0,1,0,0,1,0,0,1,0,1,1,1,0,0,0,0,0,0,2,1,0,1
0,0,0,0,0,1,0,0,1,0,0,1,0,1,0,0,0,0,0,0,0,0,2,1,0,1
1,0,1,0,0,0,0,0,1,1,1,0,0,0,0,0,0,0,1,0,1,1,1,0,1,0
1,0,0,0,0,0,0,0,1,0,1,0,0,0,1,0,0,0,1,0,0,0,1,0,0,0
0,1,0,0,0,0,0,0,1,0,0,1,0,1,1,1,0,0,1,0,0,1,1,0,0,0
0,0,0,0,0,0,0,0,1,0,0,1,0,1,0,0,0,0,0,0,1,0,1,1,1,0
0,0,0,0,0,0,0,0,1,0,0,1,0,1,0,0,0,0,0,0,0,0,1,0,0,0
1,0,0,0,0,0,0,0,1,1,1,0,0,0,0,0,0,0,1,0,0,1,1,-1,0,0
0,0,0,0,0,0,0,0,0,0,0,0,0,1,0,1,0,1,1,1,0,0,0,-1,2,0
0,0,0,0,0,0,0,0,1,0,0,1,0,0,0,0,0,0,1,0,1,1,1,0,1,0
0,1,0,0,0,0,0,0,1,0,1,0,0,1,1,0,0,0,1,0,0,1,1,0,0,0
0,0,1,0,0,0,0,0,1,0,0,0,0,0,0,1,1,0,0,0,0,0,1,0,0,1
0,1,0,0,0,1,0,0,1,0,0,1,0,1,0,0,0,0,0,0,1,0,2,0,1,1
0,0,1,0,0,0,0,0,1,0,0,1,0,1,0,0,0,0,1,0,1,1,1,1,1,0
0,0,0,0,0,1,0,0,1,0,0,1,1,1,1,0,1,0,0,0,0,0,2,1,0,2
0,0,1,0,0,0,0,0,1,0,1,1,0,1,1,0,0,0,1,0,1,1,1,-1,1,0
0,0,0,0,0,0,0,0,0,1,1,0,0,0,0,0,0,1,1,0,1,1,0,0,2,0
0,0,0,0,1,0,0,0,0,0,1,0,0,1,1,0,0,0,1,0,0,1,0,-1,1,0
0,0,1,0,0,1,0,0,1,0,0,1,1,1,1,0,0,0,0,0,0,0,2,1,0,2
0,0,0,0,0,0,0,0,0,1,1,1,0,0,0,0,0,0,1,0,1,1,0,0,1,0
0,0,0,0,0,0,0,0,1,1,1,0,0,1,1,0,0,0,1,0,0,0,1,0,0,0
0,0,0,0,0,1,0,0,1,0,0,0,0,1,1,0,0,0,0,0,0,1,2,1,0,1
0,0,0,0,0,0,0,0,1,0,0,0,0,0,1,1,0,0,1,0,0,0,1,-1,0,0
0,0,0,0,0,0,0,0,1,0,1,1,0,1,1,0,0,0,1,0,0,0,1,1,0,0
0,0,0,0,0,0,0,0,1,0,0,1,0,1,0,0,0,0,1,0,0,1,1,1,0,0
0,1,0,0,0,1,0,0,1,0,0,1,1,1,1,1,0,0,0,0,0,0,2,0,0,2
0,1,1,0,0,1,0,0,1,0,0,1,0,1,0,1,0,0,0,0,0,0,2,1,0,1
1,1,0,0,0,0,0,0,1,0,0,0,0,0,0,0,0,0,1,0,1,0,1,0,1,0
0,0,0,0,0,0,0,0,0,1,1,0,0,0,0,0,0,1,1,0,1,0,0,0,2,0
0,1,0,0,0,0,0,0,1,1,1,1,0,1,1,0,0,0,1,0,0,0,1,0,0,0
0,0,0,0,0,0,0,0,0,0,0,0,0,1,0,0,0,0,1,0,1,0,0,1,1,0
0,1,0,0,0,0,0,0,1,0,0,1,0,1,1,0,0,0,1,0,0,0,1,0,0,0
0,0,0,0,0,0,0,0,1,1,1,1,0,1,1,0,0,0,1,0,0,1,1,-1,0,0
0,0,0,0,0,0,0,0,0,0,0,1,0,1,0,1,0,0,1,0,0,1,0,0,0,0
0,1,1,0,0,1,0,0,1,0,0,1,1,1,0,0,0,0,0,0,0,1,2,-1,0,2
0,0,1,0,0,0,0,0,0,1,1,0,0,0,1,0,0,0,1,0,1,1,0,0,1,0
0,0,1,0,0,0,0,0,1,1,1,1,0,1,1,0,0,0,1,0,1,0,1,1,1,0
0,0,1,0,0,1,0,0,1,0,0,1,1,1,1,1,0,0,0,0,0,0,2,0,0,2
0,0,0,0,0,0,0,1,0,0,1,1,0,1,0,0,0,0,1,0,1,1,1,1,1,0
0,0,0,0,0,1,0,1,0,0,0,1,0,0,0,0,0,1,0,0,1,1,2,0,2,1
0,0,0,0,0,1,1,0,1,1,1,0,0,1,0,0,0,0,1,0,0,0,3,0,0,1
0,0,0,1,1,0,0,1,0,0,0,1,0,1,0,0,0,1,1,0,0,1,1,1,2,0
0,0,0,0,0,0,0,0,1,0,0,1,0,1,1,0,0,0,1,0,0,1,1,0,0,0
